name,slug,type,ownership,street,postal_code,neighborhood,city_slug,city_name,phone,email,website,age_min_months,age_max_months,schedule,services,short_description,source_url,notes
Escola Bressol Municipal Aurora,escola-bressol-municipal-aurora-barcelona,escuela-infantil,publico,"Aurora, 24",08001,,barcelona,Barcelona,937060015,ebmaurora@bcn.cat,http://barcelona.cat/ebmaurora,0,36,Lunes a viernes de 8:00 a 17:00 (8:00 a 15:00 en septiembre y julio),comedor;cocina-propia,"Escola Bressol Municipal Aurora es una escuela infantil de titularidad pública (Escola Bressol Municipal) situada en el distrito de Ciutat Vella, Barcelona. Depende del Institut Municipal d'Educació de Barcelona (IMEB) y atiende el primer ciclo de educación infantil (0 a 3 años). Dispone de comedor con cocina propia y horario de 8:00 a 17:00 h. El acceso se realiza mediante el proceso de preinscripción municipal.",https://ajuntament.barcelona.cat/escolesbressol/sites/default/files/llistat_ebm_curs_2026_2027_def.pdf,
Escola Bressol Municipal Cadí,escola-bressol-municipal-cadi-barcelona,escuela-infantil,publico,"Om, 11",08001,,barcelona,Barcelona,934424844,ebmcadi@bcn.cat,http://barcelona.cat/ebmcadi,0,36,Lunes a viernes de 8:00 a 17:00 (8:00 a 15:00 en septiembre y julio),comedor;cocina-propia,"Escola Bressol Municipal Cadí es una escuela infantil de titularidad pública (Escola Bressol Municipal) situada en el distrito de Ciutat Vella, Barcelona. Depende del Institut Municipal d'Educació de Barcelona (IMEB) y atiende el primer ciclo de educación infantil (0 a 3 años). Dispone de comedor con cocina propia y horario de 8:00 a 17:00 h. El acceso se realiza mediante el proceso de preinscripción municipal.",https://ajuntament.barcelona.cat/escolesbressol/sites/default/files/llistat_ebm_curs_2026_2027_def.pdf,
Escola Bressol Municipal Canigó,escola-bressol-municipal-canigo-barcelona,escuela-infantil,publico,"Àngels, 7",08001,,barcelona,Barcelona,934417512,ebmcanigo@bcn.cat,http://barcelona.cat/ebmcanigo,0,36,Lunes a viernes de 8:00 a 17:00 (8:00 a 15:00 en septiembre y julio),comedor;cocina-propia,"Escola Bressol Municipal Canigó es una escuela infantil de titularidad pública (Escola Bressol Municipal) situada en el distrito de Ciutat Vella, Barcelona. Depende del Institut Municipal d'Educació de Barcelona (IMEB) y atiende el primer ciclo de educación infantil (0 a 3 años). Dispone de comedor con cocina propia y horario de 8:00 a 17:00 h. El acceso se realiza mediante el proceso de preinscripción municipal.",https://ajuntament.barcelona.cat/escolesbressol/sites/default/files/llistat_ebm_curs_2026_2027_def.pdf,
Escola Bressol Municipal Carabassa,escola-bressol-municipal-carabassa-barcelona,escuela-infantil,publico,"Carabassa, 8 bis",08002,,barcelona,Barcelona,933435106,ebmcarabassa@bcn.cat,http://barcelona.cat/ebmcarabassa,0,36,Lunes a viernes de 8:00 a 17:00 (8:00 a 15:00 en septiembre y julio),comedor;cocina-propia,"Escola Bressol Municipal Carabassa es una escuela infantil de titularidad pública (Escola Bressol Municipal) situada en el distrito de Ciutat Vella, Barcelona. Depende del Institut Municipal d'Educació de Barcelona (IMEB) y atiende el primer ciclo de educación infantil (0 a 3 años). Dispone de comedor con cocina propia y horario de 8:00 a 17:00 h. El acceso se realiza mediante el proceso de preinscripción municipal.",https://ajuntament.barcelona.cat/escolesbressol/sites/default/files/llistat_ebm_curs_2026_2027_def.pdf,
Escola Bressol Municipal La Mar,escola-bressol-municipal-la-mar-barcelona,escuela-infantil,publico,"Andrea Doria, 40",08003,,barcelona,Barcelona,932215124,ebmlamar@bcn.cat,http://barcelona.cat/ebmlamar,0,36,Lunes a viernes de 8:00 a 17:00 (8:00 a 15:00 en septiembre y julio),comedor;cocina-propia,"Escola Bressol Municipal La Mar es una escuela infantil de titularidad pública (Escola Bressol Municipal) situada en el distrito de Ciutat Vella, Barcelona. Depende del Institut Municipal d'Educació de Barcelona (IMEB) y atiende el primer ciclo de educación infantil (0 a 3 años). Dispone de comedor con cocina propia y horario de 8:00 a 17:00 h. El acceso se realiza mediante el proceso de preinscripción municipal.",https://ajuntament.barcelona.cat/escolesbressol/sites/default/files/llistat_ebm_curs_2026_2027_def.pdf,
Escola Bressol Municipal Mont Tàber,escola-bressol-municipal-mont-taber-barcelona,escuela-infantil,publico,"Santa Elena, 4",08001,,barcelona,Barcelona,934417536,ebmmonttaber@bcn.cat,http://barcelona.cat/ebmmontaber,0,36,Lunes a viernes de 8:00 a 17:00 (8:00 a 15:00 en septiembre y julio),comedor;cocina-propia,"Escola Bressol Municipal Mont Tàber es una escuela infantil de titularidad pública (Escola Bressol Municipal) situada en el distrito de Ciutat Vella, Barcelona. Depende del Institut Municipal d'Educació de Barcelona (IMEB) y atiende el primer ciclo de educación infantil (0 a 3 años). Dispone de comedor con cocina propia y horario de 8:00 a 17:00 h. El acceso se realiza mediante el proceso de preinscripción municipal.",https://ajuntament.barcelona.cat/escolesbressol/sites/default/files/llistat_ebm_curs_2026_2027_def.pdf,
Escola Bressol Municipal Portal Nou,escola-bressol-municipal-portal-nou-barcelona,escuela-infantil,publico,"Portal Nou, 2",08003,,barcelona,Barcelona,933101807,ebmportalnou@bcn.cat,http://barcelona.cat/ebmportalnou,0,36,Lunes a viernes de 8:00 a 17:00 (8:00 a 15:00 en septiembre y julio),comedor;cocina-propia,"Escola Bressol Municipal Portal Nou es una escuela infantil de titularidad pública (Escola Bressol Municipal) situada en el distrito de Ciutat Vella, Barcelona. Depende del Institut Municipal d'Educació de Barcelona (IMEB) y atiende el primer ciclo de educación infantil (0 a 3 años). Dispone de comedor con cocina propia y horario de 8:00 a 17:00 h. El acceso se realiza mediante el proceso de preinscripción municipal.",https://ajuntament.barcelona.cat/escolesbressol/sites/default/files/llistat_ebm_curs_2026_2027_def.pdf,
Escola Bressol Municipal Puigmal,escola-bressol-municipal-puigmal-barcelona,escuela-infantil,publico,"Mònec, 2",08003,,barcelona,Barcelona,933101897,ebmpuigmal@bcn.cat,http://barcelona.cat/ebmpuigmal,0,36,Lunes a viernes de 8:00 a 17:00 (8:00 a 15:00 en septiembre y julio),comedor;cocina-propia,"Escola Bressol Municipal Puigmal es una escuela infantil de titularidad pública (Escola Bressol Municipal) situada en el distrito de Ciutat Vella, Barcelona. Depende del Institut Municipal d'Educació de Barcelona (IMEB) y atiende el primer ciclo de educación infantil (0 a 3 años). Dispone de comedor con cocina propia y horario de 8:00 a 17:00 h. El acceso se realiza mediante el proceso de preinscripción municipal.",https://ajuntament.barcelona.cat/escolesbressol/sites/default/files/llistat_ebm_curs_2026_2027_def.pdf,
Escola Bressol Municipal Barrufets,escola-bressol-municipal-barrufets-barcelona,escuela-infantil,publico,"Marina, 356 interior",08025,,barcelona,Barcelona,934551042,ebmbarrufets@bcn.cat,http://barcelona.cat/ebmbarrufets,0,36,Lunes a viernes de 8:00 a 17:00 (8:00 a 15:00 en septiembre y julio),comedor;cocina-propia,"Escola Bressol Municipal Barrufets es una escuela infantil de titularidad pública (Escola Bressol Municipal) situada en el distrito de l'Eixample, Barcelona. Depende del Institut Municipal d'Educació de Barcelona (IMEB) y atiende el primer ciclo de educación infantil (0 a 3 años). Dispone de comedor con cocina propia y horario de 8:00 a 17:00 h. El acceso se realiza mediante el proceso de preinscripción municipal.",https://ajuntament.barcelona.cat/escolesbressol/sites/default/files/llistat_ebm_curs_2026_2027_def.pdf,
Escola Bressol Municipal Casa dels Nens,escola-bressol-municipal-casa-dels-nens-barcelona,escuela-infantil,publico,"Roger de Llúria, 132",08037,,barcelona,Barcelona,934763237,ebmcasadelsnens@bcn.cat,http://barcelona.cat/ebmcasadelsnens,0,36,Lunes a viernes de 8:00 a 17:00 (8:00 a 15:00 en septiembre y julio),comedor;cocina-propia,"Escola Bressol Municipal Casa dels Nens es una escuela infantil de titularidad pública (Escola Bressol Municipal) situada en el distrito de l'Eixample, Barcelona. Depende del Institut Municipal d'Educació de Barcelona (IMEB) y atiende el primer ciclo de educación infantil (0 a 3 años). Dispone de comedor con cocina propia y horario de 8:00 a 17:00 h. El acceso se realiza mediante el proceso de preinscripción municipal.",https://ajuntament.barcelona.cat/escolesbressol/sites/default/files/llistat_ebm_curs_2026_2027_def.pdf,
Escola Bressol Municipal El Roure,escola-bressol-municipal-el-roure-barcelona,escuela-infantil,publico,"Comte d'Urgell, 145",08011,,barcelona,Barcelona,934531731,ebmelroure@bcn.cat,http://barcelona.cat/ebmelroure,0,36,Lunes a viernes de 8:00 a 17:00 (8:00 a 15:00 en septiembre y julio),comedor;cocina-propia,"Escola Bressol Municipal El Roure es una escuela infantil de titularidad pública (Escola Bressol Municipal) situada en el distrito de l'Eixample, Barcelona. Depende del Institut Municipal d'Educació de Barcelona (IMEB) y atiende el primer ciclo de educación infantil (0 a 3 años). Dispone de comedor con cocina propia y horario de 8:00 a 17:00 h. El acceso se realiza mediante el proceso de preinscripción municipal.",https://ajuntament.barcelona.cat/escolesbressol/sites/default/files/llistat_ebm_curs_2026_2027_def.pdf,
Escola Bressol Municipal El Tren de Fort Pienc,escola-bressol-municipal-el-tren-de-fort-pienc-barcelona,escuela-infantil,publico,"Plaça de Fort Pienc, 5",08013,,barcelona,Barcelona,932451131,ebmeltrendefortpienc@bcn.cat,http://barcelona.cat/ebmeltrendelfortpienc,0,36,Lunes a viernes de 8:00 a 17:00 (8:00 a 15:00 en septiembre y julio),comedor;cocina-propia,"Escola Bressol Municipal El Tren de Fort Pienc es una escuela infantil de titularidad pública (Escola Bressol Municipal) situada en el distrito de l'Eixample, Barcelona. Depende del Institut Municipal d'Educació de Barcelona (IMEB) y atiende el primer ciclo de educación infantil (0 a 3 años). Dispone de comedor con cocina propia y horario de 8:00 a 17:00 h. El acceso se realiza mediante el proceso de preinscripción municipal.",https://ajuntament.barcelona.cat/escolesbressol/sites/default/files/llistat_ebm_curs_2026_2027_def.pdf,
Escola Bressol Municipal Els Tres Tombs,escola-bressol-municipal-els-tres-tombs-barcelona,escuela-infantil,publico,"Manso, 28 bis",08015,,barcelona,Barcelona,933250913,ebmelstrestombs@bcn.cat,http://barcelona.cat/ebmelstrestombs,0,36,Lunes a viernes de 8:00 a 17:00 (8:00 a 15:00 en septiembre y julio),comedor;cocina-propia,"Escola Bressol Municipal Els Tres Tombs es una escuela infantil de titularidad pública (Escola Bressol Municipal) situada en el distrito de l'Eixample, Barcelona. Depende del Institut Municipal d'Educació de Barcelona (IMEB) y atiende el primer ciclo de educación infantil (0 a 3 años). Dispone de comedor con cocina propia y horario de 8:00 a 17:00 h. El acceso se realiza mediante el proceso de preinscripción municipal.",https://ajuntament.barcelona.cat/escolesbressol/sites/default/files/llistat_ebm_curs_2026_2027_def.pdf,
Escola Bressol Municipal L'Arbret de l'Eixample,escola-bressol-municipal-larbret-de-leixample-barcelona,escuela-infantil,publico,"Avinguda de Roma, 102",08015,,barcelona,Barcelona,934512574,ebmlarbretdeleixample@bcn.cat,http://barcelona.cat/ebmlarbretdeleixample,0,36,Lunes a viernes de 8:00 a 17:00 (8:00 a 15:00 en septiembre y julio),comedor;cocina-propia,"Escola Bressol Municipal L'Arbret de l'Eixample es una escuela infantil de titularidad pública (Escola Bressol Municipal) situada en el distrito de l'Eixample, Barcelona. Depende del Institut Municipal d'Educació de Barcelona (IMEB) y atiende el primer ciclo de educación infantil (0 a 3 años). Dispone de comedor con cocina propia y horario de 8:00 a 17:00 h. El acceso se realiza mediante el proceso de preinscripción municipal.",https://ajuntament.barcelona.cat/escolesbressol/sites/default/files/llistat_ebm_curs_2026_2027_def.pdf,
Escola Bressol Municipal Germanetes,escola-bressol-municipal-germanetes-barcelona,escuela-infantil,publico,"Comte Borrell, 159",08015,,barcelona,Barcelona,937065111,ebmgermanetes@bcn.cat,http://barcelona.cat/ebmgermanetes,0,36,Lunes a viernes de 8:00 a 17:00 (8:00 a 15:00 en septiembre y julio),comedor;cocina-propia,"Escola Bressol Municipal Germanetes es una escuela infantil de titularidad pública (Escola Bressol Municipal) situada en el distrito de l'Eixample, Barcelona. Depende del Institut Municipal d'Educació de Barcelona (IMEB) y atiende el primer ciclo de educación infantil (0 a 3 años). Dispone de comedor con cocina propia y horario de 8:00 a 17:00 h. El acceso se realiza mediante el proceso de preinscripción municipal.",https://ajuntament.barcelona.cat/escolesbressol/sites/default/files/llistat_ebm_curs_2026_2027_def.pdf,
Escola Bressol Municipal La Fassina,escola-bressol-municipal-la-fassina-barcelona,escuela-infantil,publico,"Nàpols, 244",08013,,barcelona,Barcelona,934587110,ebmlafassina@bcn.cat,http://barcelona.cat/ebmlafassina,0,36,Lunes a viernes de 8:00 a 17:00 (8:00 a 15:00 en septiembre y julio),comedor;cocina-propia,"Escola Bressol Municipal La Fassina es una escuela infantil de titularidad pública (Escola Bressol Municipal) situada en el distrito de l'Eixample, Barcelona. Depende del Institut Municipal d'Educació de Barcelona (IMEB) y atiende el primer ciclo de educación infantil (0 a 3 años). Dispone de comedor con cocina propia y horario de 8:00 a 17:00 h. El acceso se realiza mediante el proceso de preinscripción municipal.",https://ajuntament.barcelona.cat/escolesbressol/sites/default/files/llistat_ebm_curs_2026_2027_def.pdf,
Escola Bressol Municipal Leonor Serrano,escola-bressol-municipal-leonor-serrano-barcelona,escuela-infantil,publico,"Cartagena, 159",08013,,barcelona,Barcelona,937060459,ebmleonorserrano@bcn.cat,http://barcelona.cat/ebmleonorserrano,0,36,Lunes a viernes de 8:00 a 17:00 (8:00 a 15:00 en septiembre y julio),comedor;cocina-propia,"Escola Bressol Municipal Leonor Serrano es una escuela infantil de titularidad pública (Escola Bressol Municipal) situada en el distrito de l'Eixample, Barcelona. Depende del Institut Municipal d'Educació de Barcelona (IMEB) y atiende el primer ciclo de educación infantil (0 a 3 años). Dispone de comedor con cocina propia y horario de 8:00 a 17:00 h. El acceso se realiza mediante el proceso de preinscripción municipal.",https://ajuntament.barcelona.cat/escolesbressol/sites/default/files/llistat_ebm_curs_2026_2027_def.pdf,
Escola Bressol Municipal Londres,escola-bressol-municipal-londres-barcelona,escuela-infantil,publico,"Londres, 56",08036,,barcelona,Barcelona,934108337,ebmlondres@bcn.cat,http://barcelona.cat/ebmlondres,0,36,Lunes a viernes de 8:00 a 17:00 (8:00 a 15:00 en septiembre y julio),comedor;cocina-propia,"Escola Bressol Municipal Londres es una escuela infantil de titularidad pública (Escola Bressol Municipal) situada en el distrito de l'Eixample, Barcelona. Depende del Institut Municipal d'Educació de Barcelona (IMEB) y atiende el primer ciclo de educación infantil (0 a 3 años). Dispone de comedor con cocina propia y horario de 8:00 a 17:00 h. El acceso se realiza mediante el proceso de preinscripción municipal.",https://ajuntament.barcelona.cat/escolesbressol/sites/default/files/llistat_ebm_curs_2026_2027_def.pdf,
Escola Bressol Municipal Bellmunt,escola-bressol-municipal-bellmunt-barcelona,escuela-infantil,publico,"Font Florida, 93",08004,,barcelona,Barcelona,933325945,ebmbellmunt@bcn.cat,http://barcelona.cat/ebmbellmunt,0,36,Lunes a viernes de 8:00 a 17:00 (8:00 a 15:00 en septiembre y julio),comedor;cocina-propia,"Escola Bressol Municipal Bellmunt es una escuela infantil de titularidad pública (Escola Bressol Municipal) situada en el distrito de Sants-Montjuïc, Barcelona. Depende del Institut Municipal d'Educació de Barcelona (IMEB) y atiende el primer ciclo de educación infantil (0 a 3 años). Dispone de comedor con cocina propia y horario de 8:00 a 17:00 h. El acceso se realiza mediante el proceso de preinscripción municipal.",https://ajuntament.barcelona.cat/escolesbressol/sites/default/files/llistat_ebm_curs_2026_2027_def.pdf,
Escola Bressol Municipal Collserola,escola-bressol-municipal-collserola-barcelona,escuela-infantil,publico,"Mare de Déu de Port, 183 bis",08038,,barcelona,Barcelona,932233093,ebmcollserola@bcn.cat,http://barcelona.cat/ebmcollserola,0,36,Lunes a viernes de 8:00 a 17:00 (8:00 a 15:00 en septiembre y julio),comedor;cocina-propia,"Escola Bressol Municipal Collserola es una escuela infantil de titularidad pública (Escola Bressol Municipal) situada en el distrito de Sants-Montjuïc, Barcelona. Depende del Institut Municipal d'Educació de Barcelona (IMEB) y atiende el primer ciclo de educación infantil (0 a 3 años). Dispone de comedor con cocina propia y horario de 8:00 a 17:00 h. El acceso se realiza mediante el proceso de preinscripción municipal.",https://ajuntament.barcelona.cat/escolesbressol/sites/default/files/llistat_ebm_curs_2026_2027_def.pdf,
Escola Bressol Municipal El Cotxet,escola-bressol-municipal-el-cotxet-barcelona,escuela-infantil,publico,"Platí, 8",08038,,barcelona,Barcelona,932965910,ebmelcotxet@bcn.cat,http://barcelona.cat/ebmelcotxet,0,36,Lunes a viernes de 8:00 a 17:00 (8:00 a 15:00 en septiembre y julio),comedor;cocina-propia,"Escola Bressol Municipal El Cotxet es una escuela infantil de titularidad pública (Escola Bressol Municipal) situada en el distrito de Sants-Montjuïc, Barcelona. Depende del Institut Municipal d'Educació de Barcelona (IMEB) y atiende el primer ciclo de educación infantil (0 a 3 años). Dispone de comedor con cocina propia y horario de 8:00 a 17:00 h. El acceso se realiza mediante el proceso de preinscripción municipal.",https://ajuntament.barcelona.cat/escolesbressol/sites/default/files/llistat_ebm_curs_2026_2027_def.pdf,
Escola Bressol Municipal El Fil,escola-bressol-municipal-el-fil-barcelona,escuela-infantil,publico,"Nicaragua, 45",08029,,barcelona,Barcelona,934102886,ebmelfil@bcn.cat,http://barcelona.cat/ebmelfil,0,36,Lunes a viernes de 8:00 a 17:00 (8:00 a 15:00 en septiembre y julio),comedor;cocina-propia,"Escola Bressol Municipal El Fil es una escuela infantil de titularidad pública (Escola Bressol Municipal) situada en el distrito de Sants-Montjuïc, Barcelona. Depende del Institut Municipal d'Educació de Barcelona (IMEB) y atiende el primer ciclo de educación infantil (0 a 3 años). Dispone de comedor con cocina propia y horario de 8:00 a 17:00 h. El acceso se realiza mediante el proceso de preinscripción municipal.",https://ajuntament.barcelona.cat/escolesbressol/sites/default/files/llistat_ebm_curs_2026_2027_def.pdf,
Escola Bressol Municipal El Timbal,escola-bressol-municipal-el-timbal-barcelona,escuela-infantil,publico,"Guitard, 23",08014,,barcelona,Barcelona,934904342,ebmeltimbal@bcn.cat,http://barcelona.cat/ebmeltimbal,0,36,Lunes a viernes de 8:00 a 17:00 (8:00 a 15:00 en septiembre y julio),comedor;cocina-propia,"Escola Bressol Municipal El Timbal es una escuela infantil de titularidad pública (Escola Bressol Municipal) situada en el distrito de Sants-Montjuïc, Barcelona. Depende del Institut Municipal d'Educació de Barcelona (IMEB) y atiende el primer ciclo de educación infantil (0 a 3 años). Dispone de comedor con cocina propia y horario de 8:00 a 17:00 h. El acceso se realiza mediante el proceso de preinscripción municipal.",https://ajuntament.barcelona.cat/escolesbressol/sites/default/files/llistat_ebm_curs_2026_2027_def.pdf,
Escola Bressol Municipal Els Gats,escola-bressol-municipal-els-gats-barcelona,escuela-infantil,publico,"Roger, 48",08028,,barcelona,Barcelona,936114017,ebmelsgats@bcn.cat,http://barcelona.cat/ebmelsgats,0,36,Lunes a viernes de 8:00 a 17:00 (8:00 a 15:00 en septiembre y julio),comedor;cocina-propia,"Escola Bressol Municipal Els Gats es una escuela infantil de titularidad pública (Escola Bressol Municipal) situada en el distrito de Sants-Montjuïc, Barcelona. Depende del Institut Municipal d'Educació de Barcelona (IMEB) y atiende el primer ciclo de educación infantil (0 a 3 años). Dispone de comedor con cocina propia y horario de 8:00 a 17:00 h. El acceso se realiza mediante el proceso de preinscripción municipal.",https://ajuntament.barcelona.cat/escolesbressol/sites/default/files/llistat_ebm_curs_2026_2027_def.pdf,
Escola Bressol Municipal Forestier,escola-bressol-municipal-forestier-barcelona,escuela-infantil,publico,"Segons Jocs Mediterranis, 2",08004,,barcelona,Barcelona,934230733,ebmforestier@bcn.cat,http://barcelona.cat/ebmforestier,0,36,Lunes a viernes de 8:00 a 17:00 (8:00 a 15:00 en septiembre y julio),comedor;cocina-propia,"Escola Bressol Municipal Forestier es una escuela infantil de titularidad pública (Escola Bressol Municipal) situada en el distrito de Sants-Montjuïc, Barcelona. Depende del Institut Municipal d'Educació de Barcelona (IMEB) y atiende el primer ciclo de educación infantil (0 a 3 años). Dispone de comedor con cocina propia y horario de 8:00 a 17:00 h. El acceso se realiza mediante el proceso de preinscripción municipal.",https://ajuntament.barcelona.cat/escolesbressol/sites/default/files/llistat_ebm_curs_2026_2027_def.pdf,
Escola Bressol Municipal Guinbó,escola-bressol-municipal-guinbo-barcelona,escuela-infantil,publico,"Olzinelles, 73",08014,,barcelona,Barcelona,933322341,ebmguinbo@bcn.cat,http://barcelona.cat/ebmguinbo,0,36,Lunes a viernes de 8:00 a 17:00 (8:00 a 15:00 en septiembre y julio),comedor;cocina-propia,"Escola Bressol Municipal Guinbó es una escuela infantil de titularidad pública (Escola Bressol Municipal) situada en el distrito de Sants-Montjuïc, Barcelona. Depende del Institut Municipal d'Educació de Barcelona (IMEB) y atiende el primer ciclo de educación infantil (0 a 3 años). Dispone de comedor con cocina propia y horario de 8:00 a 17:00 h. El acceso se realiza mediante el proceso de preinscripción municipal.",https://ajuntament.barcelona.cat/escolesbressol/sites/default/files/llistat_ebm_curs_2026_2027_def.pdf,
Escola Bressol Municipal L'Esquirol,escola-bressol-municipal-lesquirol-barcelona,escuela-infantil,publico,"Noguera Pallaresa, 32",08014,,barcelona,Barcelona,933329950,ebmlesquirol@bcn.cat,http://barcelona.cat/ebmesquirol,0,36,Lunes a viernes de 8:00 a 17:00 (8:00 a 15:00 en septiembre y julio),comedor;cocina-propia,"Escola Bressol Municipal L'Esquirol es una escuela infantil de titularidad pública (Escola Bressol Municipal) situada en el distrito de Sants-Montjuïc, Barcelona. Depende del Institut Municipal d'Educació de Barcelona (IMEB) y atiende el primer ciclo de educación infantil (0 a 3 años). Dispone de comedor con cocina propia y horario de 8:00 a 17:00 h. El acceso se realiza mediante el proceso de preinscripción municipal.",https://ajuntament.barcelona.cat/escolesbressol/sites/default/files/llistat_ebm_curs_2026_2027_def.pdf,
Escola Bressol Municipal Nic,escola-bressol-municipal-nic-barcelona,escuela-infantil,publico,"Passeig de de l'Exposició, 1",08004,,barcelona,Barcelona,934438297,ebmnic@bcn.cat,http://barcelona.cat/ebmnic,0,36,Lunes a viernes de 8:00 a 17:00 (8:00 a 15:00 en septiembre y julio),comedor;cocina-propia,"Escola Bressol Municipal Nic es una escuela infantil de titularidad pública (Escola Bressol Municipal) situada en el distrito de Sants-Montjuïc, Barcelona. Depende del Institut Municipal d'Educació de Barcelona (IMEB) y atiende el primer ciclo de educación infantil (0 a 3 años). Dispone de comedor con cocina propia y horario de 8:00 a 17:00 h. El acceso se realiza mediante el proceso de preinscripción municipal.",https://ajuntament.barcelona.cat/escolesbressol/sites/default/files/llistat_ebm_curs_2026_2027_def.pdf,
Escola Bressol Municipal Niu d'Infants,escola-bressol-municipal-niu-dinfants-barcelona,escuela-infantil,publico,"Pedrera del Mussol, 10",08038,,barcelona,Barcelona,933312565,ebmniudinfants@bcn.cat,http://barcelona.cat/ebmniuinfants,0,36,Lunes a viernes de 8:00 a 17:00 (8:00 a 15:00 en septiembre y julio),comedor;cocina-propia,"Escola Bressol Municipal Niu d'Infants es una escuela infantil de titularidad pública (Escola Bressol Municipal) situada en el distrito de Sants-Montjuïc, Barcelona. Depende del Institut Municipal d'Educació de Barcelona (IMEB) y atiende el primer ciclo de educación infantil (0 a 3 años). Dispone de comedor con cocina propia y horario de 8:00 a 17:00 h. El acceso se realiza mediante el proceso de preinscripción municipal.",https://ajuntament.barcelona.cat/escolesbressol/sites/default/files/llistat_ebm_curs_2026_2027_def.pdf,
Escola Bressol Municipal Pau,escola-bressol-municipal-pau-barcelona,escuela-infantil,publico,"Muntadas, 1",08014,,barcelona,Barcelona,933324197,ebmpau@bcn.cat,http://barcelona.cat/ebmpau,0,36,Lunes a viernes de 8:00 a 17:00 (8:00 a 15:00 en septiembre y julio),comedor;cocina-propia,"Escola Bressol Municipal Pau es una escuela infantil de titularidad pública (Escola Bressol Municipal) situada en el distrito de Sants-Montjuïc, Barcelona. Depende del Institut Municipal d'Educació de Barcelona (IMEB) y atiende el primer ciclo de educación infantil (0 a 3 años). Dispone de comedor con cocina propia y horario de 8:00 a 17:00 h. El acceso se realiza mediante el proceso de preinscripción municipal.",https://ajuntament.barcelona.cat/escolesbressol/sites/default/files/llistat_ebm_curs_2026_2027_def.pdf,
Escola Bressol Municipal Can Bacardí,escola-bressol-municipal-can-bacardi-barcelona,escuela-infantil,publico,"Travessera de les Corts, 94",08028,,barcelona,Barcelona,933340006,ebmcanbacardi@bcn.cat,http://barcelona.cat/ebmcanbacardi,0,36,Lunes a viernes de 8:00 a 17:00 (8:00 a 15:00 en septiembre y julio),comedor;cocina-propia,"Escola Bressol Municipal Can Bacardí es una escuela infantil de titularidad pública (Escola Bressol Municipal) situada en el distrito de Les Corts, Barcelona. Depende del Institut Municipal d'Educació de Barcelona (IMEB) y atiende el primer ciclo de educación infantil (0 a 3 años). Dispone de comedor con cocina propia y horario de 8:00 a 17:00 h. El acceso se realiza mediante el proceso de preinscripción municipal.",https://ajuntament.barcelona.cat/escolesbressol/sites/default/files/llistat_ebm_curs_2026_2027_def.pdf,
Escola Bressol Municipal Can Bruixa,escola-bressol-municipal-can-bruixa-barcelona,escuela-infantil,publico,"Vallespir, 196",08014,,barcelona,Barcelona,934914817,ebmcanbruixa@bcn.cat,http://barcelona.cat/ebmcanbruixa,0,36,Lunes a viernes de 8:00 a 17:00 (8:00 a 15:00 en septiembre y julio),comedor;cocina-propia,"Escola Bressol Municipal Can Bruixa es una escuela infantil de titularidad pública (Escola Bressol Municipal) situada en el distrito de Les Corts, Barcelona. Depende del Institut Municipal d'Educació de Barcelona (IMEB) y atiende el primer ciclo de educación infantil (0 a 3 años). Dispone de comedor con cocina propia y horario de 8:00 a 17:00 h. El acceso se realiza mediante el proceso de preinscripción municipal.",https://ajuntament.barcelona.cat/escolesbressol/sites/default/files/llistat_ebm_curs_2026_2027_def.pdf,
Escola Bressol Municipal Can Novell,escola-bressol-municipal-can-novell-barcelona,escuela-infantil,publico,"Evarist Arnús, 6",08028,,barcelona,Barcelona,934902408,ebmcannovell@bcn.cat,http://barcelona.cat/ebmcannovell,0,36,Lunes a viernes de 8:00 a 17:00 (8:00 a 15:00 en septiembre y julio),comedor;cocina-propia,"Escola Bressol Municipal Can Novell es una escuela infantil de titularidad pública (Escola Bressol Municipal) situada en el distrito de Les Corts, Barcelona. Depende del Institut Municipal d'Educació de Barcelona (IMEB) y atiende el primer ciclo de educación infantil (0 a 3 años). Dispone de comedor con cocina propia y horario de 8:00 a 17:00 h. El acceso se realiza mediante el proceso de preinscripción municipal.",https://ajuntament.barcelona.cat/escolesbressol/sites/default/files/llistat_ebm_curs_2026_2027_def.pdf,
Escola Bressol Municipal Can Rosés,escola-bressol-municipal-can-roses-barcelona,escuela-infantil,publico,"Déu i Mata, 57",08029,,barcelona,Barcelona,930012664,ebmcanroses@bcn.cat,http://barcelona.cat/ebmcanroses,0,36,Lunes a viernes de 8:00 a 17:00 (8:00 a 15:00 en septiembre y julio),comedor;cocina-propia,"Escola Bressol Municipal Can Rosés es una escuela infantil de titularidad pública (Escola Bressol Municipal) situada en el distrito de Les Corts, Barcelona. Depende del Institut Municipal d'Educació de Barcelona (IMEB) y atiende el primer ciclo de educación infantil (0 a 3 años). Dispone de comedor con cocina propia y horario de 8:00 a 17:00 h. El acceso se realiza mediante el proceso de preinscripción municipal.",https://ajuntament.barcelona.cat/escolesbressol/sites/default/files/llistat_ebm_curs_2026_2027_def.pdf,
Escola Bressol Municipal Xiroi,escola-bressol-municipal-xiroi-barcelona,escuela-infantil,publico,"Francesc Pedra, 1-3",08014,,barcelona,Barcelona,934101620,ebmxiroi@bcn.cat,http://barcelona.cat/ebmxiroi,0,36,Lunes a viernes de 8:00 a 17:00 (8:00 a 15:00 en septiembre y julio),comedor;cocina-propia,"Escola Bressol Municipal Xiroi es una escuela infantil de titularidad pública (Escola Bressol Municipal) situada en el distrito de Les Corts, Barcelona. Depende del Institut Municipal d'Educació de Barcelona (IMEB) y atiende el primer ciclo de educación infantil (0 a 3 años). Dispone de comedor con cocina propia y horario de 8:00 a 17:00 h. El acceso se realiza mediante el proceso de preinscripción municipal.",https://ajuntament.barcelona.cat/escolesbressol/sites/default/files/llistat_ebm_curs_2026_2027_def.pdf,
Escola Bressol Municipal Can Canet,escola-bressol-municipal-can-canet-barcelona,escuela-infantil,publico,"Canet, 6-8",08017,,barcelona,Barcelona,932806310,ebmcancanet@bcn.cat,http://barcelona.cat/ebmcancanet,0,36,Lunes a viernes de 8:00 a 17:00 (8:00 a 15:00 en septiembre y julio),comedor;cocina-propia,"Escola Bressol Municipal Can Canet es una escuela infantil de titularidad pública (Escola Bressol Municipal) situada en el distrito de Sarrià-Sant Gervasi, Barcelona. Depende del Institut Municipal d'Educació de Barcelona (IMEB) y atiende el primer ciclo de educación infantil (0 a 3 años). Dispone de comedor con cocina propia y horario de 8:00 a 17:00 h. El acceso se realiza mediante el proceso de preinscripción municipal.",https://ajuntament.barcelona.cat/escolesbressol/sites/default/files/llistat_ebm_curs_2026_2027_def.pdf,
Escola Bressol Municipal Can Caralleu,escola-bressol-municipal-can-caralleu-barcelona,escuela-infantil,publico,"Major de Can Caralleu, 1",08017,,barcelona,Barcelona,932801032,ebmcancaralleu@bcn.cat,http://barcelona.cat/ebmcancaralleu,0,36,Lunes a viernes de 8:00 a 17:00 (8:00 a 15:00 en septiembre y julio),comedor;cocina-propia,"Escola Bressol Municipal Can Caralleu es una escuela infantil de titularidad pública (Escola Bressol Municipal) situada en el distrito de Sarrià-Sant Gervasi, Barcelona. Depende del Institut Municipal d'Educació de Barcelona (IMEB) y atiende el primer ciclo de educación infantil (0 a 3 años). Dispone de comedor con cocina propia y horario de 8:00 a 17:00 h. El acceso se realiza mediante el proceso de preinscripción municipal.",https://ajuntament.barcelona.cat/escolesbressol/sites/default/files/llistat_ebm_curs_2026_2027_def.pdf,
Escola Bressol Municipal El Putxet,escola-bressol-municipal-el-putxet-barcelona,escuela-infantil,publico,"Marmellà, 13",08023,,barcelona,Barcelona,934184474,ebmelputget@bcn.cat,http://barcelona.cat/ebmelputxet,0,36,Lunes a viernes de 8:00 a 17:00 (8:00 a 15:00 en septiembre y julio),comedor;cocina-propia,"Escola Bressol Municipal El Putxet es una escuela infantil de titularidad pública (Escola Bressol Municipal) situada en el distrito de Sarrià-Sant Gervasi, Barcelona. Depende del Institut Municipal d'Educació de Barcelona (IMEB) y atiende el primer ciclo de educación infantil (0 a 3 años). Dispone de comedor con cocina propia y horario de 8:00 a 17:00 h. El acceso se realiza mediante el proceso de preinscripción municipal.",https://ajuntament.barcelona.cat/escolesbressol/sites/default/files/llistat_ebm_curs_2026_2027_def.pdf,
Escola Bressol Municipal El Tramvia Blau,escola-bressol-municipal-el-tramvia-blau-barcelona,escuela-infantil,publico,"Plaça de Alfonso Comin, 15",08022,,barcelona,Barcelona,932546358,ebmeltramviablau@bcn.cat,http://barcelona.cat/ebmeltramviablau,0,36,Lunes a viernes de 8:00 a 17:00 (8:00 a 15:00 en septiembre y julio),comedor;cocina-propia,"Escola Bressol Municipal El Tramvia Blau es una escuela infantil de titularidad pública (Escola Bressol Municipal) situada en el distrito de Sarrià-Sant Gervasi, Barcelona. Depende del Institut Municipal d'Educació de Barcelona (IMEB) y atiende el primer ciclo de educación infantil (0 a 3 años). Dispone de comedor con cocina propia y horario de 8:00 a 17:00 h. El acceso se realiza mediante el proceso de preinscripción municipal.",https://ajuntament.barcelona.cat/escolesbressol/sites/default/files/llistat_ebm_curs_2026_2027_def.pdf,
Escola Bressol Municipal La Puput,escola-bressol-municipal-la-puput-barcelona,escuela-infantil,publico,"Elisa Moragas, 37",08017,,barcelona,Barcelona,934067803,ebmlapuput@bcn.cat,http://barcelona.cat/ebmlapuput,0,36,Lunes a viernes de 8:00 a 17:00 (8:00 a 15:00 en septiembre y julio),comedor;cocina-propia,"Escola Bressol Municipal La Puput es una escuela infantil de titularidad pública (Escola Bressol Municipal) situada en el distrito de Sarrià-Sant Gervasi, Barcelona. Depende del Institut Municipal d'Educació de Barcelona (IMEB) y atiende el primer ciclo de educación infantil (0 a 3 años). Dispone de comedor con cocina propia y horario de 8:00 a 17:00 h. El acceso se realiza mediante el proceso de preinscripción municipal.",https://ajuntament.barcelona.cat/escolesbressol/sites/default/files/llistat_ebm_curs_2026_2027_def.pdf,
Escola Bressol Municipal L'Oreneta,escola-bressol-municipal-loreneta-barcelona,escuela-infantil,publico,"Pg de Santa Eulàlia, 18",08017,,barcelona,Barcelona,932804683,ebmloreneta@bcn.cat,http://barcelona.cat/ebmoreneta,0,36,Lunes a viernes de 8:00 a 17:00 (8:00 a 15:00 en septiembre y julio),comedor;cocina-propia,"Escola Bressol Municipal L'Oreneta es una escuela infantil de titularidad pública (Escola Bressol Municipal) situada en el distrito de Sarrià-Sant Gervasi, Barcelona. Depende del Institut Municipal d'Educació de Barcelona (IMEB) y atiende el primer ciclo de educación infantil (0 a 3 años). Dispone de comedor con cocina propia y horario de 8:00 a 17:00 h. El acceso se realiza mediante el proceso de preinscripción municipal.",https://ajuntament.barcelona.cat/escolesbressol/sites/default/files/llistat_ebm_curs_2026_2027_def.pdf,
Escola Bressol Municipal Caspolino,escola-bressol-municipal-caspolino-barcelona,escuela-infantil,publico,"Neptú, 12",08006,,barcelona,Barcelona,936242796,ebmcaspolino@bcn.cat,http://barcelona.cat/ebmcaspolino,0,36,Lunes a viernes de 8:00 a 17:00 (8:00 a 15:00 en septiembre y julio),comedor;cocina-propia,"Escola Bressol Municipal Caspolino es una escuela infantil de titularidad pública (Escola Bressol Municipal) situada en el distrito de Gràcia, Barcelona. Depende del Institut Municipal d'Educació de Barcelona (IMEB) y atiende el primer ciclo de educación infantil (0 a 3 años). Dispone de comedor con cocina propia y horario de 8:00 a 17:00 h. El acceso se realiza mediante el proceso de preinscripción municipal.",https://ajuntament.barcelona.cat/escolesbressol/sites/default/files/llistat_ebm_curs_2026_2027_def.pdf,
Escola Bressol Municipal El Gat Negre,escola-bressol-municipal-el-gat-negre-barcelona,escuela-infantil,publico,"Camí de Can Mora, 13",08023,,barcelona,Barcelona,932856679,ebmelgatnegre@bcn.cat,http://barcelona.cat/ebmelgatnegre,0,36,Lunes a viernes de 8:00 a 17:00 (8:00 a 15:00 en septiembre y julio),comedor;cocina-propia,"Escola Bressol Municipal El Gat Negre es una escuela infantil de titularidad pública (Escola Bressol Municipal) situada en el distrito de Gràcia, Barcelona. Depende del Institut Municipal d'Educació de Barcelona (IMEB) y atiende el primer ciclo de educación infantil (0 a 3 años). Dispone de comedor con cocina propia y horario de 8:00 a 17:00 h. El acceso se realiza mediante el proceso de preinscripción municipal.",https://ajuntament.barcelona.cat/escolesbressol/sites/default/files/llistat_ebm_curs_2026_2027_def.pdf,
Escola Bressol Municipal Enxaneta,escola-bressol-municipal-enxaneta-barcelona,escuela-infantil,publico,"Jaén, 22-26",08012,,barcelona,Barcelona,932178684,ebmenxaneta@bcn.cat,http://barcelona.cat/ebmenxaneta,0,36,Lunes a viernes de 8:00 a 17:00 (8:00 a 15:00 en septiembre y julio),comedor;cocina-propia,"Escola Bressol Municipal Enxaneta es una escuela infantil de titularidad pública (Escola Bressol Municipal) situada en el distrito de Gràcia, Barcelona. Depende del Institut Municipal d'Educació de Barcelona (IMEB) y atiende el primer ciclo de educación infantil (0 a 3 años). Dispone de comedor con cocina propia y horario de 8:00 a 17:00 h. El acceso se realiza mediante el proceso de preinscripción municipal.",https://ajuntament.barcelona.cat/escolesbressol/sites/default/files/llistat_ebm_curs_2026_2027_def.pdf,
Escola Bressol Municipal Galatea,escola-bressol-municipal-galatea-barcelona,escuela-infantil,publico,"Avinguda de Vallcarca, 229",08023,,barcelona,Barcelona,934189436,ebmgalatea@bcn.cat,http://barcelona.cat/ebmgalatea,0,36,Lunes a viernes de 8:00 a 17:00 (8:00 a 15:00 en septiembre y julio),comedor;cocina-propia,"Escola Bressol Municipal Galatea es una escuela infantil de titularidad pública (Escola Bressol Municipal) situada en el distrito de Gràcia, Barcelona. Depende del Institut Municipal d'Educació de Barcelona (IMEB) y atiende el primer ciclo de educación infantil (0 a 3 años). Dispone de comedor con cocina propia y horario de 8:00 a 17:00 h. El acceso se realiza mediante el proceso de preinscripción municipal.",https://ajuntament.barcelona.cat/escolesbressol/sites/default/files/llistat_ebm_curs_2026_2027_def.pdf,
Escola Bressol Municipal Gràcia,escola-bressol-municipal-gracia-barcelona,escuela-infantil,publico,"Maignon, 2",08023,,barcelona,Barcelona,932171833,ebmgracia@bcn.cat,http://barcelona.cat/ebmgracia,0,36,Lunes a viernes de 8:00 a 17:00 (8:00 a 15:00 en septiembre y julio),comedor;cocina-propia,"Escola Bressol Municipal Gràcia es una escuela infantil de titularidad pública (Escola Bressol Municipal) situada en el distrito de Gràcia, Barcelona. Depende del Institut Municipal d'Educació de Barcelona (IMEB) y atiende el primer ciclo de educación infantil (0 a 3 años). Dispone de comedor con cocina propia y horario de 8:00 a 17:00 h. El acceso se realiza mediante el proceso de preinscripción municipal.",https://ajuntament.barcelona.cat/escolesbressol/sites/default/files/llistat_ebm_curs_2026_2027_def.pdf,
Escola Bressol Municipal La Fontana,escola-bressol-municipal-la-fontana-barcelona,escuela-infantil,publico,"Gran de Gràcia, 123",08012,,barcelona,Barcelona,932186456,ebmlafontana@bcn.cat,http://barcelona.cat/ebmlafontana,0,36,Lunes a viernes de 8:00 a 17:00 (8:00 a 15:00 en septiembre y julio),comedor;cocina-propia,"Escola Bressol Municipal La Fontana es una escuela infantil de titularidad pública (Escola Bressol Municipal) situada en el distrito de Gràcia, Barcelona. Depende del Institut Municipal d'Educació de Barcelona (IMEB) y atiende el primer ciclo de educación infantil (0 a 3 años). Dispone de comedor con cocina propia y horario de 8:00 a 17:00 h. El acceso se realiza mediante el proceso de preinscripción municipal.",https://ajuntament.barcelona.cat/escolesbressol/sites/default/files/llistat_ebm_curs_2026_2027_def.pdf,
Escola Bressol Municipal Petit Univers,escola-bressol-municipal-petit-univers-barcelona,escuela-infantil,publico,"Quevedo, 14-26",08012,,barcelona,Barcelona,937687784,ebmpetitunivers@bcn.cat,http://barcelona.cat/ebmpetitunivers,0,36,Lunes a viernes de 8:00 a 17:00 (8:00 a 15:00 en septiembre y julio),comedor;cocina-propia,"Escola Bressol Municipal Petit Univers es una escuela infantil de titularidad pública (Escola Bressol Municipal) situada en el distrito de Gràcia, Barcelona. Depende del Institut Municipal d'Educació de Barcelona (IMEB) y atiende el primer ciclo de educación infantil (0 a 3 años). Dispone de comedor con cocina propia y horario de 8:00 a 17:00 h. El acceso se realiza mediante el proceso de preinscripción municipal.",https://ajuntament.barcelona.cat/escolesbressol/sites/default/files/llistat_ebm_curs_2026_2027_def.pdf,
Escola Bressol Municipal Sant Medir,escola-bressol-municipal-sant-medir-barcelona,escuela-infantil,publico,"Santa Rosa, 7",08012,,barcelona,Barcelona,933689784,ebmsantmedir@bcn.cat,http://barcelona.cat/ebmsantmedir,0,36,Lunes a viernes de 8:00 a 17:00 (8:00 a 15:00 en septiembre y julio),comedor;cocina-propia,"Escola Bressol Municipal Sant Medir es una escuela infantil de titularidad pública (Escola Bressol Municipal) situada en el distrito de Gràcia, Barcelona. Depende del Institut Municipal d'Educació de Barcelona (IMEB) y atiende el primer ciclo de educación infantil (0 a 3 años). Dispone de comedor con cocina propia y horario de 8:00 a 17:00 h. El acceso se realiza mediante el proceso de preinscripción municipal.",https://ajuntament.barcelona.cat/escolesbressol/sites/default/files/llistat_ebm_curs_2026_2027_def.pdf,
Escola Bressol Municipal Trencadís,escola-bressol-municipal-trencadis-barcelona,escuela-infantil,publico,"Travessera de Dalt, 92-98",08024,,barcelona,Barcelona,934619430,ebmtrencadis@bcn.cat,http://barcelona.cat/ebmtrencadis,0,36,Lunes a viernes de 8:00 a 17:00 (8:00 a 15:00 en septiembre y julio),comedor;cocina-propia,"Escola Bressol Municipal Trencadís es una escuela infantil de titularidad pública (Escola Bressol Municipal) situada en el distrito de Gràcia, Barcelona. Depende del Institut Municipal d'Educació de Barcelona (IMEB) y atiende el primer ciclo de educación infantil (0 a 3 años). Dispone de comedor con cocina propia y horario de 8:00 a 17:00 h. El acceso se realiza mediante el proceso de preinscripción municipal.",https://ajuntament.barcelona.cat/escolesbressol/sites/default/files/llistat_ebm_curs_2026_2027_def.pdf,
Escola Bressol Municipal Albí,escola-bressol-municipal-albi-barcelona,escuela-infantil,publico,"Bernat Bransi, 3-9",08032,,barcelona,Barcelona,934294199,ebmalbi@bcn.cat,http://barcelona.cat/ebmalbi,0,36,Lunes a viernes de 8:00 a 17:00 (8:00 a 15:00 en septiembre y julio),comedor;cocina-propia,"Escola Bressol Municipal Albí es una escuela infantil de titularidad pública (Escola Bressol Municipal) situada en el distrito de Horta-Guinardó, Barcelona. Depende del Institut Municipal d'Educació de Barcelona (IMEB) y atiende el primer ciclo de educación infantil (0 a 3 años). Dispone de comedor con cocina propia y horario de 8:00 a 17:00 h. El acceso se realiza mediante el proceso de preinscripción municipal.",https://ajuntament.barcelona.cat/escolesbressol/sites/default/files/llistat_ebm_curs_2026_2027_def.pdf,
Escola Bressol Municipal Cargol,escola-bressol-municipal-cargol-barcelona,escuela-infantil,publico,"Mossèn Josep Bundó, 6",08032,,barcelona,Barcelona,934293641,ebmcargol@bcn.cat,http://barcelona.cat/ebmcargol,0,36,Lunes a viernes de 8:00 a 17:00 (8:00 a 15:00 en septiembre y julio),comedor;cocina-propia,"Escola Bressol Municipal Cargol es una escuela infantil de titularidad pública (Escola Bressol Municipal) situada en el distrito de Horta-Guinardó, Barcelona. Depende del Institut Municipal d'Educació de Barcelona (IMEB) y atiende el primer ciclo de educación infantil (0 a 3 años). Dispone de comedor con cocina propia y horario de 8:00 a 17:00 h. El acceso se realiza mediante el proceso de preinscripción municipal.",https://ajuntament.barcelona.cat/escolesbressol/sites/default/files/llistat_ebm_curs_2026_2027_def.pdf,
Escola Bressol Municipal Guinardó,escola-bressol-municipal-guinardo-barcelona,escuela-infantil,publico,"Teodor Llorente, 16-18",08041,,barcelona,Barcelona,934617559,ebmguinardo@bcn.cat,http://barcelona.cat/ebmguinardo,0,36,Lunes a viernes de 8:00 a 17:00 (8:00 a 15:00 en septiembre y julio),comedor;cocina-propia,"Escola Bressol Municipal Guinardó es una escuela infantil de titularidad pública (Escola Bressol Municipal) situada en el distrito de Horta-Guinardó, Barcelona. Depende del Institut Municipal d'Educació de Barcelona (IMEB) y atiende el primer ciclo de educación infantil (0 a 3 años). Dispone de comedor con cocina propia y horario de 8:00 a 17:00 h. El acceso se realiza mediante el proceso de preinscripción municipal.",https://ajuntament.barcelona.cat/escolesbressol/sites/default/files/llistat_ebm_curs_2026_2027_def.pdf,
Escola Bressol Municipal L'Arboç,escola-bressol-municipal-larboc-barcelona,escuela-infantil,publico,"Passeig de Vall d'Hebron, 171",08035,,barcelona,Barcelona,934281794,ebmlarboc@bcn.cat,http://barcelona.cat/ebmarboc,0,36,Lunes a viernes de 8:00 a 17:00 (8:00 a 15:00 en septiembre y julio),comedor;cocina-propia,"Escola Bressol Municipal L'Arboç es una escuela infantil de titularidad pública (Escola Bressol Municipal) situada en el distrito de Horta-Guinardó, Barcelona. Depende del Institut Municipal d'Educació de Barcelona (IMEB) y atiende el primer ciclo de educación infantil (0 a 3 años). Dispone de comedor con cocina propia y horario de 8:00 a 17:00 h. El acceso se realiza mediante el proceso de preinscripción municipal.",https://ajuntament.barcelona.cat/escolesbressol/sites/default/files/llistat_ebm_curs_2026_2027_def.pdf,
Escola Bressol Municipal L'Arquet,escola-bressol-municipal-larquet-barcelona,escuela-infantil,publico,"Jorge Manrique, 12",08035,,barcelona,Barcelona,934272798,ebmlarquet@bcn.cat,http://barcelona.cat/ebmarquet,0,36,Lunes a viernes de 8:00 a 17:00 (8:00 a 15:00 en septiembre y julio),comedor;cocina-propia,"Escola Bressol Municipal L'Arquet es una escuela infantil de titularidad pública (Escola Bressol Municipal) situada en el distrito de Horta-Guinardó, Barcelona. Depende del Institut Municipal d'Educació de Barcelona (IMEB) y atiende el primer ciclo de educación infantil (0 a 3 años). Dispone de comedor con cocina propia y horario de 8:00 a 17:00 h. El acceso se realiza mediante el proceso de preinscripción municipal.",https://ajuntament.barcelona.cat/escolesbressol/sites/default/files/llistat_ebm_curs_2026_2027_def.pdf,
Escola Bressol Municipal L'Harmonia,escola-bressol-municipal-lharmonia-barcelona,escuela-infantil,publico,"Harmonia, 37",08035,,barcelona,Barcelona,934280099,ebmlharmonia@bcn.cat,http://barcelona.cat/ebmharmonia,0,36,Lunes a viernes de 8:00 a 17:00 (8:00 a 15:00 en septiembre y julio),comedor;cocina-propia,"Escola Bressol Municipal L'Harmonia es una escuela infantil de titularidad pública (Escola Bressol Municipal) situada en el distrito de Horta-Guinardó, Barcelona. Depende del Institut Municipal d'Educació de Barcelona (IMEB) y atiende el primer ciclo de educación infantil (0 a 3 años). Dispone de comedor con cocina propia y horario de 8:00 a 17:00 h. El acceso se realiza mediante el proceso de preinscripción municipal.",https://ajuntament.barcelona.cat/escolesbressol/sites/default/files/llistat_ebm_curs_2026_2027_def.pdf,
Escola Bressol Municipal Llar d'Infants,escola-bressol-municipal-llar-dinfants-barcelona,escuela-infantil,publico,"Rectoria, 31",08031,,barcelona,Barcelona,934276870,ebmllardinfants@bcn.cat,http://barcelona.cat/ebmllarinfants,0,36,Lunes a viernes de 8:00 a 17:00 (8:00 a 15:00 en septiembre y julio),comedor;cocina-propia,"Escola Bressol Municipal Llar d'Infants es una escuela infantil de titularidad pública (Escola Bressol Municipal) situada en el distrito de Horta-Guinardó, Barcelona. Depende del Institut Municipal d'Educació de Barcelona (IMEB) y atiende el primer ciclo de educación infantil (0 a 3 años). Dispone de comedor con cocina propia y horario de 8:00 a 17:00 h. El acceso se realiza mediante el proceso de preinscripción municipal.",https://ajuntament.barcelona.cat/escolesbressol/sites/default/files/llistat_ebm_curs_2026_2027_def.pdf,
Escola Bressol Municipal Marina,escola-bressol-municipal-marina-barcelona,escuela-infantil,publico,"Marina, 347",08025,,barcelona,Barcelona,934461472,ebmmarina@bcn.cat,http://barcelona.cat/ebmmarina,0,36,Lunes a viernes de 8:00 a 17:00 (8:00 a 15:00 en septiembre y julio),comedor;cocina-propia,"Escola Bressol Municipal Marina es una escuela infantil de titularidad pública (Escola Bressol Municipal) situada en el distrito de Horta-Guinardó, Barcelona. Depende del Institut Municipal d'Educació de Barcelona (IMEB) y atiende el primer ciclo de educación infantil (0 a 3 años). Dispone de comedor con cocina propia y horario de 8:00 a 17:00 h. El acceso se realiza mediante el proceso de preinscripción municipal.",https://ajuntament.barcelona.cat/escolesbressol/sites/default/files/llistat_ebm_curs_2026_2027_def.pdf,
Escola Bressol Municipal Montserrat,escola-bressol-municipal-montserrat-barcelona,escuela-infantil,publico,"Gènova, 2 bis",08041,,barcelona,Barcelona,933470749,ebmmontserrat@bcn.cat,http://barcelona.cat/ebmmontserrat,0,36,Lunes a viernes de 8:00 a 17:00 (8:00 a 15:00 en septiembre y julio),comedor;cocina-propia,"Escola Bressol Municipal Montserrat es una escuela infantil de titularidad pública (Escola Bressol Municipal) situada en el distrito de Horta-Guinardó, Barcelona. Depende del Institut Municipal d'Educació de Barcelona (IMEB) y atiende el primer ciclo de educación infantil (0 a 3 años). Dispone de comedor con cocina propia y horario de 8:00 a 17:00 h. El acceso se realiza mediante el proceso de preinscripción municipal.",https://ajuntament.barcelona.cat/escolesbressol/sites/default/files/llistat_ebm_curs_2026_2027_def.pdf,
Escola Bressol Municipal Sant Genís,escola-bressol-municipal-sant-genis-barcelona,escuela-infantil,publico,"Natzaret, 83",08035,,barcelona,Barcelona,934172432,ebmsantgenis@bcn.cat,http://barcelona.cat/ebmsantgenis,0,36,Lunes a viernes de 8:00 a 17:00 (8:00 a 15:00 en septiembre y julio),comedor;cocina-propia,"Escola Bressol Municipal Sant Genís es una escuela infantil de titularidad pública (Escola Bressol Municipal) situada en el distrito de Horta-Guinardó, Barcelona. Depende del Institut Municipal d'Educació de Barcelona (IMEB) y atiende el primer ciclo de educación infantil (0 a 3 años). Dispone de comedor con cocina propia y horario de 8:00 a 17:00 h. El acceso se realiza mediante el proceso de preinscripción municipal.",https://ajuntament.barcelona.cat/escolesbressol/sites/default/files/llistat_ebm_curs_2026_2027_def.pdf,
Escola Bressol Municipal Teixonera,escola-bressol-municipal-teixonera-barcelona,escuela-infantil,publico,"Arenys, 83",08035,,barcelona,Barcelona,935666243,ebmteixonera@bcn.cat,http://barcelona.cat/ebmteixonera,0,36,Lunes a viernes de 8:00 a 17:00 (8:00 a 15:00 en septiembre y julio),comedor;cocina-propia,"Escola Bressol Municipal Teixonera es una escuela infantil de titularidad pública (Escola Bressol Municipal) situada en el distrito de Horta-Guinardó, Barcelona. Depende del Institut Municipal d'Educació de Barcelona (IMEB) y atiende el primer ciclo de educación infantil (0 a 3 años). Dispone de comedor con cocina propia y horario de 8:00 a 17:00 h. El acceso se realiza mediante el proceso de preinscripción municipal.",https://ajuntament.barcelona.cat/escolesbressol/sites/default/files/llistat_ebm_curs_2026_2027_def.pdf,
Escola Bressol Municipal Tres Turons,escola-bressol-municipal-tres-turons-barcelona,escuela-infantil,publico,"Descans, 12",08032,,barcelona,Barcelona,934294297,ebmtresturons@bcn.cat,http://barcelona.cat/ebmtresturons,0,36,Lunes a viernes de 8:00 a 17:00 (8:00 a 15:00 en septiembre y julio),comedor;cocina-propia,"Escola Bressol Municipal Tres Turons es una escuela infantil de titularidad pública (Escola Bressol Municipal) situada en el distrito de Horta-Guinardó, Barcelona. Depende del Institut Municipal d'Educació de Barcelona (IMEB) y atiende el primer ciclo de educación infantil (0 a 3 años). Dispone de comedor con cocina propia y horario de 8:00 a 17:00 h. El acceso se realiza mediante el proceso de preinscripción municipal.",https://ajuntament.barcelona.cat/escolesbressol/sites/default/files/llistat_ebm_curs_2026_2027_def.pdf,
Escola Bressol Municipal Tris-Tras,escola-bressol-municipal-tris-tras-barcelona,escuela-infantil,publico,"Llobregós, 109",08032,,barcelona,Barcelona,933588560,ebmtristras@bcn.cat,http://barcelona.cat/ebmtristras,0,36,Lunes a viernes de 8:00 a 17:00 (8:00 a 15:00 en septiembre y julio),comedor;cocina-propia,"Escola Bressol Municipal Tris-Tras es una escuela infantil de titularidad pública (Escola Bressol Municipal) situada en el distrito de Horta-Guinardó, Barcelona. Depende del Institut Municipal d'Educació de Barcelona (IMEB) y atiende el primer ciclo de educación infantil (0 a 3 años). Dispone de comedor con cocina propia y horario de 8:00 a 17:00 h. El acceso se realiza mediante el proceso de preinscripción municipal.",https://ajuntament.barcelona.cat/escolesbressol/sites/default/files/llistat_ebm_curs_2026_2027_def.pdf,
Escola Bressol Municipal Valldaura,escola-bressol-municipal-valldaura-barcelona,escuela-infantil,publico,"Passeig de Valldaura, 18, interior",08031,,barcelona,Barcelona,934270828,ebmvalldaura@bcn.cat,http://barcelona.cat/ebmvalldaura,0,36,Lunes a viernes de 8:00 a 17:00 (8:00 a 15:00 en septiembre y julio),comedor;cocina-propia,"Escola Bressol Municipal Valldaura es una escuela infantil de titularidad pública (Escola Bressol Municipal) situada en el distrito de Horta-Guinardó, Barcelona. Depende del Institut Municipal d'Educació de Barcelona (IMEB) y atiende el primer ciclo de educación infantil (0 a 3 años). Dispone de comedor con cocina propia y horario de 8:00 a 17:00 h. El acceso se realiza mediante el proceso de preinscripción municipal.",https://ajuntament.barcelona.cat/escolesbressol/sites/default/files/llistat_ebm_curs_2026_2027_def.pdf,
Escola Bressol Municipal Xarlot,escola-bressol-municipal-xarlot-barcelona,escuela-infantil,publico,"Pantà de Tremp, 66",08032,,barcelona,Barcelona,933589300,ebmxarlot@bcn.cat,http://barcelona.cat/ebmxarlot,0,36,Lunes a viernes de 8:00 a 17:00 (8:00 a 15:00 en septiembre y julio),comedor;cocina-propia,"Escola Bressol Municipal Xarlot es una escuela infantil de titularidad pública (Escola Bressol Municipal) situada en el distrito de Horta-Guinardó, Barcelona. Depende del Institut Municipal d'Educació de Barcelona (IMEB) y atiende el primer ciclo de educación infantil (0 a 3 años). Dispone de comedor con cocina propia y horario de 8:00 a 17:00 h. El acceso se realiza mediante el proceso de preinscripción municipal.",https://ajuntament.barcelona.cat/escolesbressol/sites/default/files/llistat_ebm_curs_2026_2027_def.pdf,
Escola Bressol Municipal Aqüeducte,escola-bressol-municipal-aqueducte-barcelona,escuela-infantil,publico,"Perafita, 48",08033,,barcelona,Barcelona,933531215,ebmaqueducte@bcn.cat,http://barcelona.cat/ebmaqueducte,0,36,Lunes a viernes de 8:00 a 17:00 (8:00 a 15:00 en septiembre y julio),comedor;cocina-propia,"Escola Bressol Municipal Aqüeducte es una escuela infantil de titularidad pública (Escola Bressol Municipal) situada en el distrito de Nou Barris, Barcelona. Depende del Institut Municipal d'Educació de Barcelona (IMEB) y atiende el primer ciclo de educación infantil (0 a 3 años). Dispone de comedor con cocina propia y horario de 8:00 a 17:00 h. El acceso se realiza mediante el proceso de preinscripción municipal.",https://ajuntament.barcelona.cat/escolesbressol/sites/default/files/llistat_ebm_curs_2026_2027_def.pdf,
Escola Bressol Municipal Can Dragó,escola-bressol-municipal-can-drago-barcelona,escuela-infantil,publico,"Avinguda de Rio de Janeiro, 16",08016,,barcelona,Barcelona,934084238,ebmcandrago@bcn.cat,http://barcelona.cat/ebmcandrago,0,36,Lunes a viernes de 8:00 a 17:00 (8:00 a 15:00 en septiembre y julio),comedor;cocina-propia,"Escola Bressol Municipal Can Dragó es una escuela infantil de titularidad pública (Escola Bressol Municipal) situada en el distrito de Nou Barris, Barcelona. Depende del Institut Municipal d'Educació de Barcelona (IMEB) y atiende el primer ciclo de educación infantil (0 a 3 años). Dispone de comedor con cocina propia y horario de 8:00 a 17:00 h. El acceso se realiza mediante el proceso de preinscripción municipal.",https://ajuntament.barcelona.cat/escolesbressol/sites/default/files/llistat_ebm_curs_2026_2027_def.pdf,
Escola Bressol Municipal Ciutat de Mallorca,escola-bressol-municipal-ciutat-de-mallorca-barcelona,escuela-infantil,publico,"Deià, 12",08016,,barcelona,Barcelona,933593854,ebmciutatdemallorca@bcn.cat,http://barcelona.cat/ebmciutatdemallorca,0,36,Lunes a viernes de 8:00 a 17:00 (8:00 a 15:00 en septiembre y julio),comedor;cocina-propia,"Escola Bressol Municipal Ciutat de Mallorca es una escuela infantil de titularidad pública (Escola Bressol Municipal) situada en el distrito de Nou Barris, Barcelona. Depende del Institut Municipal d'Educació de Barcelona (IMEB) y atiende el primer ciclo de educación infantil (0 a 3 años). Dispone de comedor con cocina propia y horario de 8:00 a 17:00 h. El acceso se realiza mediante el proceso de preinscripción municipal.",https://ajuntament.barcelona.cat/escolesbressol/sites/default/files/llistat_ebm_curs_2026_2027_def.pdf,
Escola Bressol Municipal Colometa,escola-bressol-municipal-colometa-barcelona,escuela-infantil,publico,"Avinguda de Meridiana, 573",08030,,barcelona,Barcelona,933540172,ebmcolometa@bcn.cat,http://barcelona.cat/ebmcolometa,0,36,Lunes a viernes de 8:00 a 17:00 (8:00 a 15:00 en septiembre y julio),comedor;cocina-propia,"Escola Bressol Municipal Colometa es una escuela infantil de titularidad pública (Escola Bressol Municipal) situada en el distrito de Nou Barris, Barcelona. Depende del Institut Municipal d'Educació de Barcelona (IMEB) y atiende el primer ciclo de educación infantil (0 a 3 años). Dispone de comedor con cocina propia y horario de 8:00 a 17:00 h. El acceso se realiza mediante el proceso de preinscripción municipal.",https://ajuntament.barcelona.cat/escolesbressol/sites/default/files/llistat_ebm_curs_2026_2027_def.pdf,
Escola Bressol Municipal El Torrent,escola-bressol-municipal-el-torrent-barcelona,escuela-infantil,publico,"Alcàntara, 22",08042,,barcelona,Barcelona,933535520,ebmeltorrent@bcn.cat,http://barcelona.cat/ebmeltorrent,0,36,Lunes a viernes de 8:00 a 17:00 (8:00 a 15:00 en septiembre y julio),comedor;cocina-propia,"Escola Bressol Municipal El Torrent es una escuela infantil de titularidad pública (Escola Bressol Municipal) situada en el distrito de Nou Barris, Barcelona. Depende del Institut Municipal d'Educació de Barcelona (IMEB) y atiende el primer ciclo de educación infantil (0 a 3 años). Dispone de comedor con cocina propia y horario de 8:00 a 17:00 h. El acceso se realiza mediante el proceso de preinscripción municipal.",https://ajuntament.barcelona.cat/escolesbressol/sites/default/files/llistat_ebm_curs_2026_2027_def.pdf,
Escola Bressol Municipal El Vent,escola-bressol-municipal-el-vent-barcelona,escuela-infantil,publico,"Miguel Hernández, 20",08042,,barcelona,Barcelona,934273745,ebmelvent@bcn.cat,http://barcelona.cat/ebmelvent,0,36,Lunes a viernes de 8:00 a 17:00 (8:00 a 15:00 en septiembre y julio),comedor;cocina-propia,"Escola Bressol Municipal El Vent es una escuela infantil de titularidad pública (Escola Bressol Municipal) situada en el distrito de Nou Barris, Barcelona. Depende del Institut Municipal d'Educació de Barcelona (IMEB) y atiende el primer ciclo de educación infantil (0 a 3 años). Dispone de comedor con cocina propia y horario de 8:00 a 17:00 h. El acceso se realiza mediante el proceso de preinscripción municipal.",https://ajuntament.barcelona.cat/escolesbressol/sites/default/files/llistat_ebm_curs_2026_2027_def.pdf,
Escola Bressol Municipal La Muntanya,escola-bressol-municipal-la-muntanya-barcelona,escuela-infantil,publico,"Sant Feliu de Codines, 4",08033,,barcelona,Barcelona,933507938,ebmlamuntanya@bcn.cat,http://barcelona.cat/ebmlamuntanya,0,36,Lunes a viernes de 8:00 a 17:00 (8:00 a 15:00 en septiembre y julio),comedor;cocina-propia,"Escola Bressol Municipal La Muntanya es una escuela infantil de titularidad pública (Escola Bressol Municipal) situada en el distrito de Nou Barris, Barcelona. Depende del Institut Municipal d'Educació de Barcelona (IMEB) y atiende el primer ciclo de educación infantil (0 a 3 años). Dispone de comedor con cocina propia y horario de 8:00 a 17:00 h. El acceso se realiza mediante el proceso de preinscripción municipal.",https://ajuntament.barcelona.cat/escolesbressol/sites/default/files/llistat_ebm_curs_2026_2027_def.pdf,
Escola Bressol Municipal L'Argimon,escola-bressol-municipal-largimon-barcelona,escuela-infantil,publico,"Artesania, 39",08042,,barcelona,Barcelona,933505748,ebmlargimon@bcn.cat,http://barcelona.cat/ebmargimon,0,36,Lunes a viernes de 8:00 a 17:00 (8:00 a 15:00 en septiembre y julio),comedor;cocina-propia,"Escola Bressol Municipal L'Argimon es una escuela infantil de titularidad pública (Escola Bressol Municipal) situada en el distrito de Nou Barris, Barcelona. Depende del Institut Municipal d'Educació de Barcelona (IMEB) y atiende el primer ciclo de educación infantil (0 a 3 años). Dispone de comedor con cocina propia y horario de 8:00 a 17:00 h. El acceso se realiza mediante el proceso de preinscripción municipal.",https://ajuntament.barcelona.cat/escolesbressol/sites/default/files/llistat_ebm_curs_2026_2027_def.pdf,
Escola Bressol Municipal Nenes i Nens,escola-bressol-municipal-nenes-i-nens-barcelona,escuela-infantil,publico,"Ignasi Agustí, 4",08042,,barcelona,Barcelona,934273167,ebmnenesinens@bcn.cat,http://barcelona.cat/ebmnenesinens,0,36,Lunes a viernes de 8:00 a 17:00 (8:00 a 15:00 en septiembre y julio),comedor;cocina-propia,"Escola Bressol Municipal Nenes i Nens es una escuela infantil de titularidad pública (Escola Bressol Municipal) situada en el distrito de Nou Barris, Barcelona. Depende del Institut Municipal d'Educació de Barcelona (IMEB) y atiende el primer ciclo de educación infantil (0 a 3 años). Dispone de comedor con cocina propia y horario de 8:00 a 17:00 h. El acceso se realiza mediante el proceso de preinscripción municipal.",https://ajuntament.barcelona.cat/escolesbressol/sites/default/files/llistat_ebm_curs_2026_2027_def.pdf,
Escola Bressol Municipal Pla de Fornells,escola-bressol-municipal-pla-de-fornells-barcelona,escuela-infantil,publico,"Nou Barris, 12",08042,,barcelona,Barcelona,933598350,ebmpladefornells@bcn.cat,http://barcelona.cat/ebmpladefornells,0,36,Lunes a viernes de 8:00 a 17:00 (8:00 a 15:00 en septiembre y julio),comedor;cocina-propia,"Escola Bressol Municipal Pla de Fornells es una escuela infantil de titularidad pública (Escola Bressol Municipal) situada en el distrito de Nou Barris, Barcelona. Depende del Institut Municipal d'Educació de Barcelona (IMEB) y atiende el primer ciclo de educación infantil (0 a 3 años). Dispone de comedor con cocina propia y horario de 8:00 a 17:00 h. El acceso se realiza mediante el proceso de preinscripción municipal.",https://ajuntament.barcelona.cat/escolesbressol/sites/default/files/llistat_ebm_curs_2026_2027_def.pdf,
Escola Bressol Municipal Ralet,escola-bressol-municipal-ralet-barcelona,escuela-infantil,publico,"Joaquim Valls, 10",08042,,barcelona,Barcelona,933597793,ebmralet@bcn.cat,http://barcelona.cat/ebmralet,0,36,Lunes a viernes de 8:00 a 17:00 (8:00 a 15:00 en septiembre y julio),comedor;cocina-propia,"Escola Bressol Municipal Ralet es una escuela infantil de titularidad pública (Escola Bressol Municipal) situada en el distrito de Nou Barris, Barcelona. Depende del Institut Municipal d'Educació de Barcelona (IMEB) y atiende el primer ciclo de educación infantil (0 a 3 años). Dispone de comedor con cocina propia y horario de 8:00 a 17:00 h. El acceso se realiza mediante el proceso de preinscripción municipal.",https://ajuntament.barcelona.cat/escolesbressol/sites/default/files/llistat_ebm_curs_2026_2027_def.pdf,
Escola Bressol Municipal Torre del Rellotge,escola-bressol-municipal-torre-del-rellotge-barcelona,escuela-infantil,publico,"Palamós, 78",08033,,barcelona,Barcelona,933595271,ebmtorredelrellotge@bcn.cat,http://barcelona.cat/ebmtorredelrellotge,0,36,Lunes a viernes de 8:00 a 17:00 (8:00 a 15:00 en septiembre y julio),comedor;cocina-propia,"Escola Bressol Municipal Torre del Rellotge es una escuela infantil de titularidad pública (Escola Bressol Municipal) situada en el distrito de Nou Barris, Barcelona. Depende del Institut Municipal d'Educació de Barcelona (IMEB) y atiende el primer ciclo de educación infantil (0 a 3 años). Dispone de comedor con cocina propia y horario de 8:00 a 17:00 h. El acceso se realiza mediante el proceso de preinscripción municipal.",https://ajuntament.barcelona.cat/escolesbressol/sites/default/files/llistat_ebm_curs_2026_2027_def.pdf,
Escola Bressol Municipal Turó,escola-bressol-municipal-turo-barcelona,escuela-infantil,publico,"Aneto, 15",08031,,barcelona,Barcelona,934071950,ebmturo@bcn.cat,http://barcelona.cat/ebmturo,0,36,Lunes a viernes de 8:00 a 17:00 (8:00 a 15:00 en septiembre y julio),comedor;cocina-propia,"Escola Bressol Municipal Turó es una escuela infantil de titularidad pública (Escola Bressol Municipal) situada en el distrito de Nou Barris, Barcelona. Depende del Institut Municipal d'Educació de Barcelona (IMEB) y atiende el primer ciclo de educación infantil (0 a 3 años). Dispone de comedor con cocina propia y horario de 8:00 a 17:00 h. El acceso se realiza mediante el proceso de preinscripción municipal.",https://ajuntament.barcelona.cat/escolesbressol/sites/default/files/llistat_ebm_curs_2026_2027_def.pdf,
Escola Bressol Municipal El Caminet del Besòs,escola-bressol-municipal-el-caminet-del-besos-barcelona,escuela-infantil,publico,"Quito, 2",08030,,barcelona,Barcelona,933116686,ebmelcaminetdelbesos@bcn.cat,http://barcelona.cat/ebmelcaminetdelbesos,0,36,Lunes a viernes de 8:00 a 17:00 (8:00 a 15:00 en septiembre y julio),comedor;cocina-propia,"Escola Bressol Municipal El Caminet del Besòs es una escuela infantil de titularidad pública (Escola Bressol Municipal) situada en el distrito de Sant Andreu, Barcelona. Depende del Institut Municipal d'Educació de Barcelona (IMEB) y atiende el primer ciclo de educación infantil (0 a 3 años). Dispone de comedor con cocina propia y horario de 8:00 a 17:00 h. El acceso se realiza mediante el proceso de preinscripción municipal.",https://ajuntament.barcelona.cat/escolesbressol/sites/default/files/llistat_ebm_curs_2026_2027_def.pdf,
Escola Bressol Municipal El Palomar,escola-bressol-municipal-el-palomar-barcelona,escuela-infantil,publico,"Malats, 45",08030,,barcelona,Barcelona,933115756,ebmelpalomar@bcn.cat,http://barcelona.cat/ebmelpalomar,0,36,Lunes a viernes de 8:00 a 17:00 (8:00 a 15:00 en septiembre y julio),comedor;cocina-propia,"Escola Bressol Municipal El Palomar es una escuela infantil de titularidad pública (Escola Bressol Municipal) situada en el distrito de Sant Andreu, Barcelona. Depende del Institut Municipal d'Educació de Barcelona (IMEB) y atiende el primer ciclo de educación infantil (0 a 3 años). Dispone de comedor con cocina propia y horario de 8:00 a 17:00 h. El acceso se realiza mediante el proceso de preinscripción municipal.",https://ajuntament.barcelona.cat/escolesbressol/sites/default/files/llistat_ebm_curs_2026_2027_def.pdf,
Escola Bressol Municipal El Parc de la Pegaso,escola-bressol-municipal-el-parc-de-la-pegaso-barcelona,escuela-infantil,publico,"Portugal, 60",08027,,barcelona,Barcelona,933519747,ebmelparcdelapegaso@bcn.cat,http://barcelona.cat/ebmelparcdelapegaso,0,36,Lunes a viernes de 8:00 a 17:00 (8:00 a 15:00 en septiembre y julio),comedor;cocina-propia,"Escola Bressol Municipal El Parc de la Pegaso es una escuela infantil de titularidad pública (Escola Bressol Municipal) situada en el distrito de Sant Andreu, Barcelona. Depende del Institut Municipal d'Educació de Barcelona (IMEB) y atiende el primer ciclo de educación infantil (0 a 3 años). Dispone de comedor con cocina propia y horario de 8:00 a 17:00 h. El acceso se realiza mediante el proceso de preinscripción municipal.",https://ajuntament.barcelona.cat/escolesbressol/sites/default/files/llistat_ebm_curs_2026_2027_def.pdf,
Escola Bressol Municipal El Tren,escola-bressol-municipal-el-tren-barcelona,escuela-infantil,publico,"Palafrugell, 4",08033,,barcelona,Barcelona,936764257,ebmeltren@bcn.cat,http://barcelona.cat/ebmeltren,0,36,Lunes a viernes de 8:00 a 17:00 (8:00 a 15:00 en septiembre y julio),comedor;cocina-propia,"Escola Bressol Municipal El Tren es una escuela infantil de titularidad pública (Escola Bressol Municipal) situada en el distrito de Sant Andreu, Barcelona. Depende del Institut Municipal d'Educació de Barcelona (IMEB) y atiende el primer ciclo de educación infantil (0 a 3 años). Dispone de comedor con cocina propia y horario de 8:00 a 17:00 h. El acceso se realiza mediante el proceso de preinscripción municipal.",https://ajuntament.barcelona.cat/escolesbressol/sites/default/files/llistat_ebm_curs_2026_2027_def.pdf,
Escola Bressol Municipal Els Patufets de Navas,escola-bressol-municipal-els-patufets-de-navas-barcelona,escuela-infantil,publico,"Navas de Tolosa, 312",08027,,barcelona,Barcelona,934080742,ebmelspatufetsdenavas@bcn.cat,http://barcelona.cat/ebmelspatufetsdenavas,0,36,Lunes a viernes de 8:00 a 17:00 (8:00 a 15:00 en septiembre y julio),comedor;cocina-propia,"Escola Bressol Municipal Els Patufets de Navas es una escuela infantil de titularidad pública (Escola Bressol Municipal) situada en el distrito de Sant Andreu, Barcelona. Depende del Institut Municipal d'Educació de Barcelona (IMEB) y atiende el primer ciclo de educación infantil (0 a 3 años). Dispone de comedor con cocina propia y horario de 8:00 a 17:00 h. El acceso se realiza mediante el proceso de preinscripción municipal.",https://ajuntament.barcelona.cat/escolesbressol/sites/default/files/llistat_ebm_curs_2026_2027_def.pdf,
Escola Bressol Municipal Icària,escola-bressol-municipal-icaria-barcelona,escuela-infantil,publico,"Costa Rica, 22",08027,,barcelona,Barcelona,934083940,ebmicaria@bcn.cat,http://barcelona.cat/ebmicaria,0,36,Lunes a viernes de 8:00 a 17:00 (8:00 a 15:00 en septiembre y julio),comedor;cocina-propia,"Escola Bressol Municipal Icària es una escuela infantil de titularidad pública (Escola Bressol Municipal) situada en el distrito de Sant Andreu, Barcelona. Depende del Institut Municipal d'Educació de Barcelona (IMEB) y atiende el primer ciclo de educación infantil (0 a 3 años). Dispone de comedor con cocina propia y horario de 8:00 a 17:00 h. El acceso se realiza mediante el proceso de preinscripción municipal.",https://ajuntament.barcelona.cat/escolesbressol/sites/default/files/llistat_ebm_curs_2026_2027_def.pdf,
Escola Bressol Municipal La Filadora,escola-bressol-municipal-la-filadora-barcelona,escuela-infantil,publico,"Parellada, 25",08030,,barcelona,Barcelona,933113802,ebmlafiladora@bcn.cat,http://barcelona.cat/ebmlafiladora,0,36,Lunes a viernes de 8:00 a 17:00 (8:00 a 15:00 en septiembre y julio),comedor;cocina-propia,"Escola Bressol Municipal La Filadora es una escuela infantil de titularidad pública (Escola Bressol Municipal) situada en el distrito de Sant Andreu, Barcelona. Depende del Institut Municipal d'Educació de Barcelona (IMEB) y atiende el primer ciclo de educación infantil (0 a 3 años). Dispone de comedor con cocina propia y horario de 8:00 a 17:00 h. El acceso se realiza mediante el proceso de preinscripción municipal.",https://ajuntament.barcelona.cat/escolesbressol/sites/default/files/llistat_ebm_curs_2026_2027_def.pdf,
Escola Bressol Municipal La Morera,escola-bressol-municipal-la-morera-barcelona,escuela-infantil,publico,"Cardenal Tedeschini, 24",08027,,barcelona,Barcelona,937078293,ebmlamorera@bcn.cat,http://barcelona.cat/ebmlamorera,0,36,Lunes a viernes de 8:00 a 17:00 (8:00 a 15:00 en septiembre y julio),comedor;cocina-propia,"Escola Bressol Municipal La Morera es una escuela infantil de titularidad pública (Escola Bressol Municipal) situada en el distrito de Sant Andreu, Barcelona. Depende del Institut Municipal d'Educació de Barcelona (IMEB) y atiende el primer ciclo de educación infantil (0 a 3 años). Dispone de comedor con cocina propia y horario de 8:00 a 17:00 h. El acceso se realiza mediante el proceso de preinscripción municipal.",https://ajuntament.barcelona.cat/escolesbressol/sites/default/files/llistat_ebm_curs_2026_2027_def.pdf,
Escola Bressol Municipal Les Quatre Torres,escola-bressol-municipal-les-quatre-torres-barcelona,escuela-infantil,publico,"Augusto César Sandino, 9",08030,,barcelona,Barcelona,933453952,ebmlesquatretorres@bcn.cat,http://barcelona.cat/ebmlesquatretorres,0,36,Lunes a viernes de 8:00 a 17:00 (8:00 a 15:00 en septiembre y julio),comedor;cocina-propia,"Escola Bressol Municipal Les Quatre Torres es una escuela infantil de titularidad pública (Escola Bressol Municipal) situada en el distrito de Sant Andreu, Barcelona. Depende del Institut Municipal d'Educació de Barcelona (IMEB) y atiende el primer ciclo de educación infantil (0 a 3 años). Dispone de comedor con cocina propia y horario de 8:00 a 17:00 h. El acceso se realiza mediante el proceso de preinscripción municipal.",https://ajuntament.barcelona.cat/escolesbressol/sites/default/files/llistat_ebm_curs_2026_2027_def.pdf,
Escola Bressol Municipal Manigua,escola-bressol-municipal-manigua-barcelona,escuela-infantil,publico,"Garcilaso, 232",08027,,barcelona,Barcelona,934087812,ebmmanigua@bcn.cat,http://barcelona.cat/ebmmanigua,0,36,Lunes a viernes de 8:00 a 17:00 (8:00 a 15:00 en septiembre y julio),comedor;cocina-propia,"Escola Bressol Municipal Manigua es una escuela infantil de titularidad pública (Escola Bressol Municipal) situada en el distrito de Sant Andreu, Barcelona. Depende del Institut Municipal d'Educació de Barcelona (IMEB) y atiende el primer ciclo de educación infantil (0 a 3 años). Dispone de comedor con cocina propia y horario de 8:00 a 17:00 h. El acceso se realiza mediante el proceso de preinscripción municipal.",https://ajuntament.barcelona.cat/escolesbressol/sites/default/files/llistat_ebm_curs_2026_2027_def.pdf,
Escola Bressol Municipal Tramuntana,escola-bressol-municipal-tramuntana-barcelona,escuela-infantil,publico,"Passatge Marta Mata, 8",08030,,barcelona,Barcelona,934023663,imebatencio@bcn.cat,http://barcelona.cat/ebmtramuntana,0,36,Lunes a viernes de 8:00 a 17:00 (8:00 a 15:00 en septiembre y julio),comedor;cocina-propia,"Escola Bressol Municipal Tramuntana es una escuela infantil de titularidad pública (Escola Bressol Municipal) situada en el distrito de Sant Andreu, Barcelona. Depende del Institut Municipal d'Educació de Barcelona (IMEB) y atiende el primer ciclo de educación infantil (0 a 3 años). Dispone de comedor con cocina propia y horario de 8:00 a 17:00 h. El acceso se realiza mediante el proceso de preinscripción municipal.",https://ajuntament.barcelona.cat/escolesbressol/sites/default/files/llistat_ebm_curs_2026_2027_def.pdf,
Escola Bressol Municipal Alchemika,escola-bressol-municipal-alchemika-barcelona,escuela-infantil,publico,"Sant Antoni Maria Claret, 358 bis",08041,,barcelona,Barcelona,934356053,ebmalchemika@bcn.cat,http://barcelona.cat/ebmalchemika,0,36,Lunes a viernes de 8:00 a 17:00 (8:00 a 15:00 en septiembre y julio),comedor;cocina-propia,"Escola Bressol Municipal Alchemika es una escuela infantil de titularidad pública (Escola Bressol Municipal) situada en el distrito de Sant Martí, Barcelona. Depende del Institut Municipal d'Educació de Barcelona (IMEB) y atiende el primer ciclo de educación infantil (0 a 3 años). Dispone de comedor con cocina propia y horario de 8:00 a 17:00 h. El acceso se realiza mediante el proceso de preinscripción municipal.",https://ajuntament.barcelona.cat/escolesbressol/sites/default/files/llistat_ebm_curs_2026_2027_def.pdf,
Escola Bressol Municipal Arrels,escola-bressol-municipal-arrels-barcelona,escuela-infantil,publico,"Degà Bahí, 88",08026,,barcelona,Barcelona,934460296,ebmarrels@bcn.cat,http://barcelona.cat/ebmarrels,0,36,Lunes a viernes de 8:00 a 17:00 (8:00 a 15:00 en septiembre y julio),comedor;cocina-propia,"Escola Bressol Municipal Arrels es una escuela infantil de titularidad pública (Escola Bressol Municipal) situada en el distrito de Sant Martí, Barcelona. Depende del Institut Municipal d'Educació de Barcelona (IMEB) y atiende el primer ciclo de educación infantil (0 a 3 años). Dispone de comedor con cocina propia y horario de 8:00 a 17:00 h. El acceso se realiza mediante el proceso de preinscripción municipal.",https://ajuntament.barcelona.cat/escolesbressol/sites/default/files/llistat_ebm_curs_2026_2027_def.pdf,
Escola Bressol Municipal Cobi,escola-bressol-municipal-cobi-barcelona,escuela-infantil,publico,"Àlaba, 37",08005,,barcelona,Barcelona,932219032,ebmcobi@bcn.cat,http://barcelona.cat/ebmcobi,0,36,Lunes a viernes de 8:00 a 17:00 (8:00 a 15:00 en septiembre y julio),comedor;cocina-propia,"Escola Bressol Municipal Cobi es una escuela infantil de titularidad pública (Escola Bressol Municipal) situada en el distrito de Sant Martí, Barcelona. Depende del Institut Municipal d'Educació de Barcelona (IMEB) y atiende el primer ciclo de educación infantil (0 a 3 años). Dispone de comedor con cocina propia y horario de 8:00 a 17:00 h. El acceso se realiza mediante el proceso de preinscripción municipal.",https://ajuntament.barcelona.cat/escolesbressol/sites/default/files/llistat_ebm_curs_2026_2027_def.pdf,
Escola Bressol Municipal Diagonal Mar,escola-bressol-municipal-diagonal-mar-barcelona,escuela-infantil,publico,"Josep Pla, 57",08019,,barcelona,Barcelona,933036299,ebmdiagonalmar@bcn.cat,http://barcelona.cat/ebmdiagonalmar,0,36,Lunes a viernes de 8:00 a 17:00 (8:00 a 15:00 en septiembre y julio),comedor;cocina-propia,"Escola Bressol Municipal Diagonal Mar es una escuela infantil de titularidad pública (Escola Bressol Municipal) situada en el distrito de Sant Martí, Barcelona. Depende del Institut Municipal d'Educació de Barcelona (IMEB) y atiende el primer ciclo de educación infantil (0 a 3 años). Dispone de comedor con cocina propia y horario de 8:00 a 17:00 h. El acceso se realiza mediante el proceso de preinscripción municipal.",https://ajuntament.barcelona.cat/escolesbressol/sites/default/files/llistat_ebm_curs_2026_2027_def.pdf,
Escola Bressol Municipal Dolors Canals,escola-bressol-municipal-dolors-canals-barcelona,escuela-infantil,publico,"Perú, 251-267",08020,,barcelona,Barcelona,933071011,ebmdolorscanals@bcn.cat,http://barcelona.cat/ebmdolorscanals,0,36,Lunes a viernes de 8:00 a 17:00 (8:00 a 15:00 en septiembre y julio),comedor;cocina-propia,"Escola Bressol Municipal Dolors Canals es una escuela infantil de titularidad pública (Escola Bressol Municipal) situada en el distrito de Sant Martí, Barcelona. Depende del Institut Municipal d'Educació de Barcelona (IMEB) y atiende el primer ciclo de educación infantil (0 a 3 años). Dispone de comedor con cocina propia y horario de 8:00 a 17:00 h. El acceso se realiza mediante el proceso de preinscripción municipal.",https://ajuntament.barcelona.cat/escolesbressol/sites/default/files/llistat_ebm_curs_2026_2027_def.pdf,
Escola Bressol Municipal El Bressol del Poblenou,escola-bressol-municipal-el-bressol-del-poblenou-barcelona,escuela-infantil,publico,"Perú, 135",08018,,barcelona,Barcelona,933079714,ebmelbressoldelpoblenou@bcn.cat,http://barcelona.cat/ebmelbressoldelpoblenou,0,36,Lunes a viernes de 8:00 a 17:00 (8:00 a 15:00 en septiembre y julio),comedor;cocina-propia,"Escola Bressol Municipal El Bressol del Poblenou es una escuela infantil de titularidad pública (Escola Bressol Municipal) situada en el distrito de Sant Martí, Barcelona. Depende del Institut Municipal d'Educació de Barcelona (IMEB) y atiende el primer ciclo de educación infantil (0 a 3 años). Dispone de comedor con cocina propia y horario de 8:00 a 17:00 h. El acceso se realiza mediante el proceso de preinscripción municipal.",https://ajuntament.barcelona.cat/escolesbressol/sites/default/files/llistat_ebm_curs_2026_2027_def.pdf,
Escola Bressol Municipal El Clot de la Mel,escola-bressol-municipal-el-clot-de-la-mel-barcelona,escuela-infantil,publico,"Andrade, 3 interior",08018,,barcelona,Barcelona,934982143,ebmelclotdelamel@bcn.cat,http://barcelona.cat/ebmelclotdelamel,0,36,Lunes a viernes de 8:00 a 17:00 (8:00 a 15:00 en septiembre y julio),comedor;cocina-propia,"Escola Bressol Municipal El Clot de la Mel es una escuela infantil de titularidad pública (Escola Bressol Municipal) situada en el distrito de Sant Martí, Barcelona. Depende del Institut Municipal d'Educació de Barcelona (IMEB) y atiende el primer ciclo de educación infantil (0 a 3 años). Dispone de comedor con cocina propia y horario de 8:00 a 17:00 h. El acceso se realiza mediante el proceso de preinscripción municipal.",https://ajuntament.barcelona.cat/escolesbressol/sites/default/files/llistat_ebm_curs_2026_2027_def.pdf,
Escola Bressol Municipal El Gronxador,escola-bressol-municipal-el-gronxador-barcelona,escuela-infantil,publico,"Rambla Prim, 215",08020,,barcelona,Barcelona,932783828,ebmelgronxador@bcn.cat,http://barcelona.cat/ebmelgronxador,0,36,Lunes a viernes de 8:00 a 17:00 (8:00 a 15:00 en septiembre y julio),comedor;cocina-propia,"Escola Bressol Municipal El Gronxador es una escuela infantil de titularidad pública (Escola Bressol Municipal) situada en el distrito de Sant Martí, Barcelona. Depende del Institut Municipal d'Educació de Barcelona (IMEB) y atiende el primer ciclo de educación infantil (0 a 3 años). Dispone de comedor con cocina propia y horario de 8:00 a 17:00 h. El acceso se realiza mediante el proceso de preinscripción municipal.",https://ajuntament.barcelona.cat/escolesbressol/sites/default/files/llistat_ebm_curs_2026_2027_def.pdf,
Escola Bressol Municipal El Xalet de la Paperera,escola-bressol-municipal-el-xalet-de-la-paperera-barcelona,escuela-infantil,publico,"Plaça de Julio González, 14",08005,,barcelona,Barcelona,932214100,ebmelxaletdelapaperera@bcn.cat,http://barcelona.cat/ebmelxaletdelapaperera,0,36,Lunes a viernes de 8:00 a 17:00 (8:00 a 15:00 en septiembre y julio),comedor;cocina-propia,"Escola Bressol Municipal El Xalet de la Paperera es una escuela infantil de titularidad pública (Escola Bressol Municipal) situada en el distrito de Sant Martí, Barcelona. Depende del Institut Municipal d'Educació de Barcelona (IMEB) y atiende el primer ciclo de educación infantil (0 a 3 años). Dispone de comedor con cocina propia y horario de 8:00 a 17:00 h. El acceso se realiza mediante el proceso de preinscripción municipal.",https://ajuntament.barcelona.cat/escolesbressol/sites/default/files/llistat_ebm_curs_2026_2027_def.pdf,
Escola Bressol Municipal Júpiter,escola-bressol-municipal-jupiter-barcelona,escuela-infantil,publico,"Lope de Vega, 78",08005,,barcelona,Barcelona,933036300,ebmjupiter@bcn.cat,http://barcelona.cat/ebmjupiter,0,36,Lunes a viernes de 8:00 a 17:00 (8:00 a 15:00 en septiembre y julio),comedor;cocina-propia,"Escola Bressol Municipal Júpiter es una escuela infantil de titularidad pública (Escola Bressol Municipal) situada en el distrito de Sant Martí, Barcelona. Depende del Institut Municipal d'Educació de Barcelona (IMEB) y atiende el primer ciclo de educación infantil (0 a 3 años). Dispone de comedor con cocina propia y horario de 8:00 a 17:00 h. El acceso se realiza mediante el proceso de preinscripción municipal.",https://ajuntament.barcelona.cat/escolesbressol/sites/default/files/llistat_ebm_curs_2026_2027_def.pdf,
Escola Bressol Municipal La Farinera,escola-bressol-municipal-la-farinera-barcelona,escuela-infantil,publico,"Hernán Cortés, 2",08018,,barcelona,Barcelona,932700693,ebmlafarinera@bcn.cat,http://barcelona.cat/ebmlafarinera,0,36,Lunes a viernes de 8:00 a 17:00 (8:00 a 15:00 en septiembre y julio),comedor;cocina-propia,"Escola Bressol Municipal La Farinera es una escuela infantil de titularidad pública (Escola Bressol Municipal) situada en el distrito de Sant Martí, Barcelona. Depende del Institut Municipal d'Educació de Barcelona (IMEB) y atiende el primer ciclo de educación infantil (0 a 3 años). Dispone de comedor con cocina propia y horario de 8:00 a 17:00 h. El acceso se realiza mediante el proceso de preinscripción municipal.",https://ajuntament.barcelona.cat/escolesbressol/sites/default/files/llistat_ebm_curs_2026_2027_def.pdf,
Escola Bressol Municipal La Mar Xica,escola-bressol-municipal-la-mar-xica-barcelona,escuela-infantil,publico,"Carmen Amaya, 2",08005,,barcelona,Barcelona,932211969,ebmlamarxica@bcn.cat,http://barcelona.cat/ebmlamarxica,0,36,Lunes a viernes de 8:00 a 17:00 (8:00 a 15:00 en septiembre y julio),comedor;cocina-propia,"Escola Bressol Municipal La Mar Xica es una escuela infantil de titularidad pública (Escola Bressol Municipal) situada en el distrito de Sant Martí, Barcelona. Depende del Institut Municipal d'Educació de Barcelona (IMEB) y atiende el primer ciclo de educación infantil (0 a 3 años). Dispone de comedor con cocina propia y horario de 8:00 a 17:00 h. El acceso se realiza mediante el proceso de preinscripción municipal.",https://ajuntament.barcelona.cat/escolesbressol/sites/default/files/llistat_ebm_curs_2026_2027_def.pdf,
Escola Bressol Municipal La Verneda de Sant Martí,escola-bressol-municipal-la-verneda-de-sant-marti-barcelona,escuela-infantil,publico,"Josep Miret, 22",08020,,barcelona,Barcelona,932780050,ebmlavernedadesantmarti@bcn.cat,http://barcelona.cat/ebmlavernedadesantmarti,0,36,Lunes a viernes de 8:00 a 17:00 (8:00 a 15:00 en septiembre y julio),comedor;cocina-propia,"Escola Bressol Municipal La Verneda de Sant Martí es una escuela infantil de titularidad pública (Escola Bressol Municipal) situada en el distrito de Sant Martí, Barcelona. Depende del Institut Municipal d'Educació de Barcelona (IMEB) y atiende el primer ciclo de educación infantil (0 a 3 años). Dispone de comedor con cocina propia y horario de 8:00 a 17:00 h. El acceso se realiza mediante el proceso de preinscripción municipal.",https://ajuntament.barcelona.cat/escolesbressol/sites/default/files/llistat_ebm_curs_2026_2027_def.pdf,
Escola Bressol Municipal L'Aliança,escola-bressol-municipal-lalianca-barcelona,escuela-infantil,publico,"Llull, 163",08005,,barcelona,Barcelona,934856700,ebmlalianca@bcn.cat,http://barcelona.cat/ebmlalianca,0,36,Lunes a viernes de 8:00 a 17:00 (8:00 a 15:00 en septiembre y julio),comedor;cocina-propia,"Escola Bressol Municipal L'Aliança es una escuela infantil de titularidad pública (Escola Bressol Municipal) situada en el distrito de Sant Martí, Barcelona. Depende del Institut Municipal d'Educació de Barcelona (IMEB) y atiende el primer ciclo de educación infantil (0 a 3 años). Dispone de comedor con cocina propia y horario de 8:00 a 17:00 h. El acceso se realiza mediante el proceso de preinscripción municipal.",https://ajuntament.barcelona.cat/escolesbressol/sites/default/files/llistat_ebm_curs_2026_2027_def.pdf,
Escola Bressol Municipal L'Estació,escola-bressol-municipal-lestacio-barcelona,escuela-infantil,publico,"Fluvià, 253",08020,,barcelona,Barcelona,933033791,ebmlestacio@bcn.cat,http://barcelona.cat/ebmlestacio,0,36,Lunes a viernes de 8:00 a 17:00 (8:00 a 15:00 en septiembre y julio),comedor;cocina-propia,"Escola Bressol Municipal L'Estació es una escuela infantil de titularidad pública (Escola Bressol Municipal) situada en el distrito de Sant Martí, Barcelona. Depende del Institut Municipal d'Educació de Barcelona (IMEB) y atiende el primer ciclo de educación infantil (0 a 3 años). Dispone de comedor con cocina propia y horario de 8:00 a 17:00 h. El acceso se realiza mediante el proceso de preinscripción municipal.",https://ajuntament.barcelona.cat/escolesbressol/sites/default/files/llistat_ebm_curs_2026_2027_def.pdf,
Escola Bressol Municipal Margalló,escola-bressol-municipal-margallo-barcelona,escuela-infantil,publico,"Concili de Trento, 249",08020,,barcelona,Barcelona,933133118,ebmmargallo@bcn.cat,http://barcelona.cat/ebmmargallo,0,36,Lunes a viernes de 8:00 a 17:00 (8:00 a 15:00 en septiembre y julio),comedor;cocina-propia,"Escola Bressol Municipal Margalló es una escuela infantil de titularidad pública (Escola Bressol Municipal) situada en el distrito de Sant Martí, Barcelona. Depende del Institut Municipal d'Educació de Barcelona (IMEB) y atiende el primer ciclo de educación infantil (0 a 3 años). Dispone de comedor con cocina propia y horario de 8:00 a 17:00 h. El acceso se realiza mediante el proceso de preinscripción municipal.",https://ajuntament.barcelona.cat/escolesbressol/sites/default/files/llistat_ebm_curs_2026_2027_def.pdf,
Escola Bressol Municipal Pere Calafell,escola-bressol-municipal-pere-calafell-barcelona,escuela-infantil,publico,"Andrade, 184-196",08020,,barcelona,Barcelona,932565763,ebmperecalafell@bcn.cat,http://barcelona.cat/ebmperecalafell,0,36,Lunes a viernes de 8:00 a 17:00 (8:00 a 15:00 en septiembre y julio),comedor;cocina-propia,"Escola Bressol Municipal Pere Calafell es una escuela infantil de titularidad pública (Escola Bressol Municipal) situada en el distrito de Sant Martí, Barcelona. Depende del Institut Municipal d'Educació de Barcelona (IMEB) y atiende el primer ciclo de educación infantil (0 a 3 años). Dispone de comedor con cocina propia y horario de 8:00 a 17:00 h. El acceso se realiza mediante el proceso de preinscripción municipal.",https://ajuntament.barcelona.cat/escolesbressol/sites/default/files/llistat_ebm_curs_2026_2027_def.pdf,
Llar D'infants El Vuit,llar-dinfants-el-vuit-barcelona,escuela-infantil,publico,"Via Trajana, 24",08020,,barcelona,Barcelona,933052206,,http://www.xtec.cat/centres/a8047871,0,36,,,"Llar D'infants El Vuit es una escuela infantil de titularidad pública (Departament d'Educació de la Generalitat de Catalunya), situada en el distrito de Sant Martí, Barcelona. Atiende el primer ciclo de educación infantil (0 a 3 años). Los datos de contacto y ubicación provienen del Registre de Centres Docents de la Generalitat de Catalunya.",https://analisi.transparenciacatalunya.cat/Educaci-/Directori-de-centres-docents-anual-Base-2020/kvmv-ahh4,
Llar D'infants L'airet,llar-dinfants-lairet-barcelona,escuela-infantil,publico,"Carrer de Pedrosa, s/n",08033,,barcelona,Barcelona,933548561,,https://agora.xtec.cat/ll-airet-bcn/,0,36,,,"Llar D'infants L'airet es una escuela infantil de titularidad pública (Departament d'Educació de la Generalitat de Catalunya), situada en el distrito de Nou Barris, Barcelona. Atiende el primer ciclo de educación infantil (0 a 3 años). Los datos de contacto y ubicación provienen del Registre de Centres Docents de la Generalitat de Catalunya.",https://analisi.transparenciacatalunya.cat/Educaci-/Directori-de-centres-docents-anual-Base-2020/kvmv-ahh4,
Llar D'infants La Gavina,llar-dinfants-la-gavina-barcelona,escuela-infantil,publico,"Carrer de Concòrdia, 82",08004,,barcelona,Barcelona,933292051,,http://www.xtec.cat/centres/a8047856,0,36,,,"Llar D'infants La Gavina es una escuela infantil de titularidad pública (Departament d'Educació de la Generalitat de Catalunya), situada en el distrito de Sants-Montjuïc, Barcelona. Atiende el primer ciclo de educación infantil (0 a 3 años). Los datos de contacto y ubicación provienen del Registre de Centres Docents de la Generalitat de Catalunya.",https://analisi.transparenciacatalunya.cat/Educaci-/Directori-de-centres-docents-anual-Base-2020/kvmv-ahh4,
Llar D'infants Cascavell,llar-dinfants-cascavell-barcelona,escuela-infantil,publico,"Carrer de Perpinyà, s/n",08019,,barcelona,Barcelona,933053421,,http://www.xtec.cat/centres/a8049233,0,36,,,"Llar D'infants Cascavell es una escuela infantil de titularidad pública (Departament d'Educació de la Generalitat de Catalunya), situada en el distrito de Sant Martí, Barcelona. Atiende el primer ciclo de educación infantil (0 a 3 años). Los datos de contacto y ubicación provienen del Registre de Centres Docents de la Generalitat de Catalunya.",https://analisi.transparenciacatalunya.cat/Educaci-/Directori-de-centres-docents-anual-Base-2020/kvmv-ahh4,
Llar D'infants El Mar,llar-dinfants-el-mar-barcelona,escuela-infantil,publico,"Carrer de Castellbell, 1",08030,,barcelona,Barcelona,933467901,,http://www.xtec.cat/centres/a8047868,0,36,,,"Llar D'infants El Mar es una escuela infantil de titularidad pública (Departament d'Educació de la Generalitat de Catalunya), situada en el distrito de Sant Andreu, Barcelona. Atiende el primer ciclo de educación infantil (0 a 3 años). Los datos de contacto y ubicación provienen del Registre de Centres Docents de la Generalitat de Catalunya.",https://analisi.transparenciacatalunya.cat/Educaci-/Directori-de-centres-docents-anual-Base-2020/kvmv-ahh4,
Lleó XIII,lleo-xiii-barcelona,escuela-infantil,privado,"Carrer de Lleó XIII, 16-18-20",08022,,barcelona,Barcelona,934175001,,http://www.lleoxiii.com/,0,36,,comedor;ingles;actividades-extraescolares;verano-campamentos,"Lleó XIII es un centro educativo privado del distrito de Sarrià-Sant Gervasi que imparte desde el primer ciclo de infantil (0-3 años) hasta bachillerato y ciclos formativos. Es conocido por el Proyecto Singular, un plan de estudios propio desde 1996 para compatibilizar la escuela con deporte, danza o música de alto nivel, y por su enseñanza trilingüe en catalán, castellano e inglés.",https://analisi.transparenciacatalunya.cat/Educaci-/Directori-de-centres-docents-anual-Base-2020/kvmv-ahh4,
Regina Carmeli,regina-carmeli-barcelona,escuela-infantil,privado,"Carrer de Eduard Toda, 37",08031,,barcelona,Barcelona,934278371,,http://www.reginahorta.com,0,36,,comedor;servicio-madrugadores;actividades-extraescolares;verano-campamentos,"Regina Carmeli es un centro concertado del distrito de Horta-Guinardó gestionado por la congregación de las Carmelitas Misioneras Teresianas, con más de 60 años de trayectoria educativa en el barrio. Ofrece desde el primer ciclo de infantil hasta bachillerato, con comedor, acogida matinal, extraescolares y casal de verano.",https://analisi.transparenciacatalunya.cat/Educaci-/Directori-de-centres-docents-anual-Base-2020/kvmv-ahh4,
Padre Damián Sagrados Corazones,padre-damian-sagrados-corazones-barcelona,escuela-infantil,privado,"Avinguda de Vallvidrera, 8-10-12-14",08017,,barcelona,Barcelona,932031274,,http://www.padredamiansscc.org,0,36,,comedor;servicio-madrugadores;ingles;patio-exterior;musica,"Padre Damián Sagrados Corazones es un centro concertado del distrito de Sarrià-Sant Gervasi gestionado por la Congregación de los Sagrados Corazones (SSCC), que imparte desde el primer ciclo de infantil hasta bachillerato. Destaca por su certificación multilingüe de nivel avanzado, un convenio de exámenes de inglés con Oxford y un programa musical vinculado al Liceu.",https://analisi.transparenciacatalunya.cat/Educaci-/Directori-de-centres-docents-anual-Base-2020/kvmv-ahh4,
Nausica,nausica-barcelona,escuela-infantil,privado,"Carrer de Muntaner, 309-313",08021,,barcelona,Barcelona,932004340,,http://www.escolanausica.cat,0,36,,comedor,"Nausica es un centro educativo del distrito de Sarrià-Sant Gervasi fundado en 1941 por Maria Batlle i Rovirosa y gestionado desde 1986 por la Fundació Nausica, de carácter laico. Imparte desde el primer ciclo de infantil hasta bachillerato y recibió la Medalla de Honor de Barcelona en 2012 por su arraigo en el barrio.",https://analisi.transparenciacatalunya.cat/Educaci-/Directori-de-centres-docents-anual-Base-2020/kvmv-ahh4,
Lloret,lloret-barcelona,escuela-infantil,privado,"Carrer de Sants, 99",08014,,barcelona,Barcelona,933329943,,http://www.escolalloret.cat,0,36,,comedor;servicio-madrugadores;actividades-extraescolares;orientacion-pedagogica,"Lloret es un centro educativo privado y familiar del distrito de Sants-Montjuïc, fundado el 1 de septiembre de 1947 por los hermanos maestros Joan y Ramon Lloret. Ofrece desde el primer ciclo de infantil hasta la ESO, con gabinete psicopedagógico propio y servicio de comedor (Espai Migdia).",https://analisi.transparenciacatalunya.cat/Educaci-/Directori-de-centres-docents-anual-Base-2020/kvmv-ahh4,
Amor de Dios,amor-de-dios-barcelona,escuela-infantil,privado,"Carrer de Teide, s/n",08031,,barcelona,Barcelona,934293921,,http://www.amordedios.org,0,36,,comedor;cocina-propia;ingles,"Amor de Dios es un centro educativo concertado del distrito de Nou Barris, en el barrio del Turó de la Peira, que forma parte de la red de la Fundación Educativa Amor de Dios. Incluye una llar d'infants subvencionada de 0 a 3 años dentro de una oferta que llega hasta el bachillerato, con comedor propio e instalaciones deportivas.",https://analisi.transparenciacatalunya.cat/Educaci-/Directori-de-centres-docents-anual-Base-2020/kvmv-ahh4,
Abat Oliba-Spínola,abat-oliba-spinola-barcelona,escuela-infantil,privado,"Avinguda de Mare de Déu de Montserrat, 86",08024,,barcelona,Barcelona,934554680,,http://spinola.abatoliba.edu,0,36,,comedor;cocina-propia;horario-ampliado;orientacion-pedagogica;actividades-extraescolares;verano-campamentos;musica;uniformes,"Abat Oliba-Spínola es un centro educativo del distrito de Horta-Guinardó vinculado a la Fundació Abat Oliba y a la Asociación Católica de Propagandistas, fundada en 1908 por el jesuita Ángel Ayala. Imparte desde el primer ciclo de infantil hasta bachillerato y ciclos formativos, con comedor con cocina propia, horario ampliado y uniforme obligatorio.",https://analisi.transparenciacatalunya.cat/Educaci-/Directori-de-centres-docents-anual-Base-2020/kvmv-ahh4,
Montserrat,montserrat-barcelona,escuela-infantil,privado,"Avinguda de Vallvidrera, 68",08017,,barcelona,Barcelona,932038800,,http://www.cmontserrat.org,0,36,,comedor;horario-ampliado;orientacion-pedagogica;actividades-extraescolares;uniformes,"El Col·legi Montserrat es un centro educativo del distrito de Sarrià-Sant Gervasi fundado en 1925 (cien años de historia en el curso 2025-2026) y gestionado por la congregación Missioneres Filles de la Sagrada Família de Natzaret. Imparte desde el primer ciclo de infantil hasta bachillerato, con programa de Bachillerato Internacional (IB) en secundaria.",https://analisi.transparenciacatalunya.cat/Educaci-/Directori-de-centres-docents-anual-Base-2020/kvmv-ahh4,
Virolai,virolai-barcelona,escuela-infantil,privado,"Carrer de Ceuta, s/n",08032,,barcelona,Barcelona,932846343,,http://www.virolai.com,0,36,,comedor;horario-ampliado;orientacion-pedagogica;actividades-extraescolares,"Virolai es un centro educativo del distrito de Horta-Guinardó que agrupa varias sedes (Virolai Petit, Virolai Escola, Reina Elisenda) desde infantil hasta bachillerato, con un programa propio de bachillerato innovador (InnoBat). Está acreditado como Escuela Creativa, Escuela Sostenible y centro asociado a la UNESCO.",https://analisi.transparenciacatalunya.cat/Educaci-/Directori-de-centres-docents-anual-Base-2020/kvmv-ahh4,
Sil,sil-barcelona,escuela-infantil,privado,"Avinguda de Tibidabo, 26-28",08022,,barcelona,Barcelona,932126754,,http://www.colegiosil.com,0,36,,,"Sil es un centro educativo privado fundado en 1978 en el distrito de Sarrià-Sant Gervasi, junto a la avenida del Tibidabo. Se define como proyecto trilingüe (catalán, castellano e inglés) e imparte desde llar d'infants hasta bachillerato en un campus de más de 11.000 m². No confirmamos servicios concretos del primer ciclo (0-3 años); conviene consultarlos directamente con el centro.",https://analisi.transparenciacatalunya.cat/Educaci-/Directori-de-centres-docents-anual-Base-2020/kvmv-ahh4,
Santa Teresa - Ganduxer,santa-teresa-ganduxer-barcelona,escuela-infantil,privado,"Carrer de Ganduxer, 85-105",08022,,barcelona,Barcelona,932123354,,http://ganduxer.escolateresiana.com,0,36,,comedor;horario-ampliado;musica;actividades-extraescolares;uniformes,"Santa Teresa - Ganduxer pertenece a la red de la Fundació Escola Teresiana y ofrece llar d'infants dentro de un proyecto que se define como cuatrilingüe (catalán, castellano, inglés y francés), en el distrito de Sarrià-Sant Gervasi. El centro cuenta con servicio de comedor, uniforme escolar y una amplia oferta de actividades extraescolares como música, danza e idiomas.",https://analisi.transparenciacatalunya.cat/Educaci-/Directori-de-centres-docents-anual-Base-2020/kvmv-ahh4,
Jesuïtes Sarrià - Sant Ignasi,jesuites-sarria-sant-ignasi-barcelona,escuela-infantil,privado,"Carrer de Carrasco i Formiguera, 32",08017,,barcelona,Barcelona,936023000,,http://www.santignasi.fje.edu,0,36,,ingles,"Jesuïtes Sarrià - Sant Ignasi, gestionado por la Fundació Jesuïtes Educació, tiene su origen en la finca adquirida por la Compañía de Jesús en 1892, en el distrito de Sarrià-Sant Gervasi. Cuenta con una llar d'infants de titularidad privada (no concertada) para las edades más tempranas del primer ciclo, con contacto diario en inglés y un modelo pedagógico propio para infantil llamado MOPI.",https://analisi.transparenciacatalunya.cat/Educaci-/Directori-de-centres-docents-anual-Base-2020/kvmv-ahh4,
Jesuïtes Gràcia - Kostka,jesuites-gracia-kostka-barcelona,escuela-infantil,privado,"Carrer de Antequera, 2-4",08024,,barcelona,Barcelona,932103605,,http://www.kostka.fje.edu,0,36,,,"Jesuïtes Gràcia - Kostka, centro de la Fundació Jesuïtes Educació fundado en 1939, se ubica en la parte alta del distrito de Gràcia, donde tiene su sede actual desde 1984. Ofrece una llar d'infants de titularidad privada (no concertada) para el primer ciclo de 0 a 3 años, integrada en el proyecto educativo global de la fundación jesuita.",https://analisi.transparenciacatalunya.cat/Educaci-/Directori-de-centres-docents-anual-Base-2020/kvmv-ahh4,
Reial Monestir de Santa Isabel,reial-monestir-de-santa-isabel-barcelona,escuela-infantil,privado,"Carrer de Cardenal Setmenat, 1-5",08017,,barcelona,Barcelona,932032788,,http://www.rmsantaisabel.com,0,36,,bilingue;ingles,"El Reial Monestir de Santa Isabel es un colegio concertado fundado en 1946 dentro del recinto del monasterio de las clarisas de Sarrià (con presencia en la zona desde 1896), en el distrito de Sarrià-Sant Gervasi. Desde 1995 su dirección pedagógica corresponde al movimiento Regnum Christi, y se presenta como centro trilingüe con exámenes de Cambridge entre su oferta educativa.",https://analisi.transparenciacatalunya.cat/Educaci-/Directori-de-centres-docents-anual-Base-2020/kvmv-ahh4,
Sagrat Cor-Sarrià,sagrat-cor-sarria-barcelona,escuela-infantil,privado,"Carrer de Sagrat Cor, 25",08034,,barcelona,Barcelona,932030200,,http://www.sagratcorsarria.com,0,36,,cocina-propia;bilingue;ingles,"Sagrat Cor-Sarrià es un centro fundado en 1846 por la congregación de las Religioses del Sagrat Cor (RSCJ), en el distrito de Sarrià-Sant Gervasi. Su llar d'infants organiza grupos por edad desde los primeros meses hasta los 3 años, con cocina propia y servicio de enfermería en el mismo recinto, dentro de un proyecto trilingüe en catalán, castellano e inglés.",https://analisi.transparenciacatalunya.cat/Educaci-/Directori-de-centres-docents-anual-Base-2020/kvmv-ahh4,
IPSE,ipse-barcelona,escuela-infantil,privado,"Carrer de Casanova, 175",08036,,barcelona,Barcelona,933215099,,http://www.escolaipse.net,0,36,,comedor;horario-ampliado;ingles;actividades-extraescolares;verano-campamentos,"IPSE es un centro concertado fundado en 1966 por el sacerdote Vicenç Salvà, gestionado por la Fundació Vicenç Salvà, en el distrito de l'Eixample de Barcelona. Se define como escuela parroquial de orientación cristiana y ofrece educación desde la etapa infantil hasta bachillerato, con comedor propio, escuela de idiomas y horario de 8 a 18 horas.",https://analisi.transparenciacatalunya.cat/Educaci-/Directori-de-centres-docents-anual-Base-2020/kvmv-ahh4,
Sant Josep,sant-josep-barcelona,escuela-infantil,privado,"Carrer de Montseny, 31-39",08012,,barcelona,Barcelona,932372019,,https://www.santjosepgracia.org/,0,36,,comedor;horario-ampliado;ingles;actividades-extraescolares;verano-campamentos;orientacion-pedagogica;escuela-de-padres,"Sant Josep es un centro fundado en 1880 por la congregación de las Carmelites Missioneres, en el distrito de Gràcia de Barcelona, con más de 140 años de presencia en el barrio. Ofrece llar d'infants, comedor gestionado por una empresa externa de restauración, horario ampliado, orientación pedagógica y escuela de padres.",https://analisi.transparenciacatalunya.cat/Educaci-/Directori-de-centres-docents-anual-Base-2020/kvmv-ahh4,
Mare del Diví Pastor,mare-del-divi-pastor-barcelona,escuela-infantil,privado,"Carrer de Bailèn, 38",08010,,barcelona,Barcelona,932654291,,http://escolesmdp.org/bailen,0,36,,cocina-propia,"Mare del Diví Pastor - Bailèn, en el distrito de l'Eixample, forma parte de la red de la Fundació Col·legis Mare del Diví Pastor y ofrece llar d'infants con concierto educativo y cocina propia. El propio centro se define como un proyecto humanista, pluralista y catalán, con más de 30 años de experiencia en la atención al primer ciclo de infantil.",https://analisi.transparenciacatalunya.cat/Educaci-/Directori-de-centres-docents-anual-Base-2020/kvmv-ahh4,
Joan Roca 1953,joan-roca-1953-barcelona,escuela-infantil,privado,"Avinguda de Meridiana, 237-243-253",08027,,barcelona,Barcelona,933403408,,http://www.escolajoanroca.cat,0,36,,comedor;horario-ampliado;actividades-extraescolares;verano-campamentos;orientacion-pedagogica,"Joan Roca 1953 es un centro privado concertado del distrito de Sant Andreu, fundado por Joan Roca i Moreno, cuya actividad educativa se remonta a los años previos a 1959. Hoy forma parte de un grupo escolar más amplio y ofrece escola bressol para el primer ciclo, comedor con servicio de catering diario, horario de acogida y permanencia, y un departamento de orientación con psicólogo y logopeda.",https://analisi.transparenciacatalunya.cat/Educaci-/Directori-de-centres-docents-anual-Base-2020/kvmv-ahh4,
Sagrado Corazón,sagrado-corazon-barcelona,escuela-infantil,privado,"Carrer de Eduard Conde, 17-23",08034,,barcelona,Barcelona,932038754,,http://www.corazonistasbcn.com,0,36,,comedor;horario-ampliado;bilingue;ingles;actividades-extraescolares;verano-campamentos,"Sagrado Corazón, en Sarrià-Sant Gervasi, es un colegio de titularidad de los Hermanos del Sagrado Corazón (Corazonistas) que ofrece desde jardín de infancia (0-3 años) hasta Bachillerato en una misma línea educativa. El inglés es lengua vehicular desde infantil, junto con catalán y castellano. Dispone de comedor, ampliación horaria y actividades extraescolares para toda la etapa infantil.",https://analisi.transparenciacatalunya.cat/Educaci-/Directori-de-centres-docents-anual-Base-2020/kvmv-ahh4,
St. Peter's School,st-peters-school-barcelona,escuela-infantil,privado,"Carrer de Eduard Toldrà, 18",08034,,barcelona,Barcelona,932043612,,,0,36,,comedor;bilingue;ingles;actividades-extraescolares,"St. Peter's School, en el distrito de Les Corts, es un colegio internacional privado que imparte el currículo completo del Bachillerato Internacional (IB), desde Early Years hasta el Diploma Programme, íntegramente en inglés. Su etapa de Early Years/Nursery admite a niños desde los 12 meses. Cuenta con comedor propio y cuidado supervisado desde primera hora de la mañana.",https://analisi.transparenciacatalunya.cat/Educaci-/Directori-de-centres-docents-anual-Base-2020/kvmv-ahh4,
Pare Manyanet,pare-manyanet-barcelona,escuela-infantil,privado,"Travessera de les Corts, 331",08029,,barcelona,Barcelona,934396700,,https://www.lescorts.manyanet.org/,0,36,,horario-ampliado;actividades-extraescolares,"Pare Manyanet Les Corts, fundado en 1964, es un colegio concertado de la congregación de los Hijos de la Sagrada Familia que abarca desde la llar d'infants hasta Bachillerato. Su proyecto educativo se apoya en el modelo de escuela-familia, con inmersión lingüística plurilingüe y trabajo cooperativo en pequeños grupos. Ofrece actividades extraescolares y proyectos internacionales para el alumnado.",https://analisi.transparenciacatalunya.cat/Educaci-/Directori-de-centres-docents-anual-Base-2020/kvmv-ahh4,
Escolàpies Llúria-Barcelona,escolapies-lluria-barcelona-barcelona,escuela-infantil,privado,"Carrer de Roger de Llúria, 64",08009,,barcelona,Barcelona,934882166,,http://escolapieslluria.org/web/,0,36,,actividades-extraescolares,"Escolàpies Llúria-Barcelona, gestionado por la Fundació Escolàpies, es un colegio concertado en l'Eixample con más de 150 años de historia. Ofrece llar d'infants (0-3 años) y parvulari (3-6 años) hasta Bachillerato, con metodología Montessori en la etapa infantil y natación integrada en el horario escolar. Las clases se imparten en catalán, castellano, inglés y francés.",https://analisi.transparenciacatalunya.cat/Educaci-/Directori-de-centres-docents-anual-Base-2020/kvmv-ahh4,
Pérez Iborra,perez-iborra-barcelona,escuela-infantil,privado,"Carrer de Consell de Cent, 321-323",08007,,barcelona,Barcelona,934880057,,http://www.pereziborra.com,0,36,,bilingue;ingles;orientacion-pedagogica,"Escoles Pérez Iborra, con más de 80 años de trayectoria en el distrito de l'Eixample, es un centro privado laico que va desde la llar d'infants hasta Bachillerato Dual Americano. Aplica la metodología del Pensamiento Visible (""Cultura de Pensament"") en todas las etapas y enseña en catalán, castellano e inglés, con exámenes Cambridge. Cuenta con departamento de orientación psicopedagógica propio.",https://analisi.transparenciacatalunya.cat/Educaci-/Directori-de-centres-docents-anual-Base-2020/kvmv-ahh4,
Reina Elisenda,reina-elisenda-barcelona,escuela-infantil,privado,"Carrer de Olot, 18",08024,,barcelona,Barcelona,932844080,,http://www.escolareinaelisenda.com,0,36,,comedor;horario-ampliado;actividades-extraescolares;orientacion-pedagogica,"Reina Elisenda, en el distrito de Gràcia, es un colegio concertado fundado en 1964 que desde 2016 forma parte del proyecto educativo de Escola Virolai, compartiendo etapas y coordinación pedagógica. Ofrece educación infantil (incluido el tramo 0-3) y primaria en una única línea, con programa plurilingüe en francés e inglés y horario de comedor y acogida ampliada.",https://analisi.transparenciacatalunya.cat/Educaci-/Directori-de-centres-docents-anual-Base-2020/kvmv-ahh4,
Abat Oliba-Loreto,abat-oliba-loreto-barcelona,escuela-infantil,privado,"Avinguda de Pearson, 22-26",08034,,barcelona,Barcelona,932040816,,https://loreto.abatoliba.edu/,0,36,,comedor;cocina-propia;musica;actividades-extraescolares;verano-campamentos;orientacion-pedagogica;patio-exterior;uniformes,"Abat Oliba-Loreto, en el distrito de Les Corts, es un centro concertado de la Fundación Abat Oliba con más de treinta años de trayectoria e ideario cristiano. Imparte desde educación infantil hasta Bachillerato, incluido el Bachillerato Dual estadounidense, con comedor de cocina propia, servicio gratuito de permanencias y enfermería. Las extraescolares incluyen música, danza, ajedrez y debate.",https://analisi.transparenciacatalunya.cat/Educaci-/Directori-de-centres-docents-anual-Base-2020/kvmv-ahh4,
Sagrat Cor-Esclaves,sagrat-cor-esclaves-barcelona,escuela-infantil,privado,"Rambla de de Catalunya, 83",08008,,barcelona,Barcelona,932152522,,http://escolashalom.com,0,36,,comedor;cocina-propia;horario-ampliado;actividades-extraescolares;verano-campamentos;orientacion-pedagogica;ingles;uniformes,"Sagrat Cor-Esclaves, en la Rambla de Catalunya, es un colegio concertado de más de 110 años gestionado por la congregación de las Esclavas del Sagrado Corazón de Jesús. Su ideario, resumido como ""Ensenyem a pensar des del Cor"", cubre desde infantil hasta Bachillerato. Ofrece cocina y comedor propios, acogida ampliada, extraescolares y escuela de verano, con uniforme obligatorio.",https://analisi.transparenciacatalunya.cat/Educaci-/Directori-de-centres-docents-anual-Base-2020/kvmv-ahh4,
Josep Tous,josep-tous-barcelona,escuela-infantil,privado,"Carrer de Begur, 10-20",08028,,barcelona,Barcelona,934224640,,http://escolesmdp.org/joseptous/,0,36,,cocina-propia;actividades-extraescolares;musica,"Josep Tous, en el barrio de Sants-Badal, es un colegio concertado con más de 125 años de historia dirigido por la Congregación de las Hermanas Capuchinas de la Madre del Divino Pastor. Combina llar d'infants subvencionada con parvulario, primaria y secundaria concertados, cocina propia con menú diario y extraescolares como robótica, patinaje y musicoterapia.",https://analisi.transparenciacatalunya.cat/Educaci-/Directori-de-centres-docents-anual-Base-2020/kvmv-ahh4,
Sant Marc de Sarrià,sant-marc-de-sarria-barcelona,escuela-infantil,privado,"Carrer de Carrasco i Formiguera, 6-16",08017,,barcelona,Barcelona,932041145,,http://www.santmarc.com,0,36,,comedor;ingles;actividades-extraescolares;verano-campamentos;uniformes,"Sant Marc de Sarrià, en el distrito de Sarrià-Sant Gervasi, es un colegio concertado integrado en Arenales Red Educativa, con presencia internacional en más de 30 centros. Aplica el modelo propio IAM (Innovación, Autonomía, Mentoring) desde la llar d'infants hasta Bachillerato, con fuerte peso del inglés, programa iPad y casal d'estiu. El uniforme escolar es obligatorio.",https://analisi.transparenciacatalunya.cat/Educaci-/Directori-de-centres-docents-anual-Base-2020/kvmv-ahh4,
Peter Pan,peter-pan-barcelona,escuela-infantil,privado,"Carrer de Immaculada, 4",08017,,barcelona,Barcelona,934180195,,http://www.escolapeterpan.cat,0,36,,comedor;cocina-propia;horario-ampliado;bilingue;ingles;orientacion-pedagogica;actividades-extraescolares,"Peter Pan, fundado en 1960 por Júlia Castells en el barrio de Sarrià, es un colegio concertado de una sola línea, laico y catalán, que abarca desde la llar d'infants hasta Primaria, con continuidad en Secundaria a través del centro Els Arcs. El inglés ocupa más del 75% de la jornada en infantil, con cocina propia y permanencias flexibles. Es un centro real y activo, distinto de otras guarderías de Barcelona con nombres similares.",https://analisi.transparenciacatalunya.cat/Educaci-/Directori-de-centres-docents-anual-Base-2020/kvmv-ahh4,
Betània-Patmos,betania-patmos-barcelona,escuela-infantil,privado,"Avinguda de Mare de Déu de Lorda, 2-16",08034,,barcelona,Barcelona,932521900,,http://www.betania-patmos.org,0,36,,comedor;cocina-propia;horario-ampliado;musica;actividades-extraescolares;verano-campamentos,"Betània-Patmos es un centro concertado en Sarrià-Sant Gervasi nacido en 1975 de la fusión de dos escuelas anteriores (Betània, de 1941, y Patmos, de 1959). Gestionado por una fundación privada, imparte enseñanza desde el primer ciclo de infantil (0-3 años) hasta bachillerato, con cocina propia y servicio de permanencia para las familias.",https://analisi.transparenciacatalunya.cat/Educaci-/Directori-de-centres-docents-anual-Base-2020/kvmv-ahh4,
Aula Escuela Europea,aula-escuela-europea-barcelona,escuela-infantil,privado,"Avinguda de Mare de Déu de Lorda, 34-36",08034,,barcelona,Barcelona,932030354,,,0,36,,,"Aula Escuela Europea, fundada en 1968 en Les Corts por el pedagogo Pere Ribera, es un centro privado con proyecto educativo multilingüe (catalán, castellano, francés e inglés) orientado a la indagación y el pensamiento crítico. El primer ciclo de infantil (0-3 años) figura en el registro de la Generalitat como parte de su oferta educativa más amplia.",https://analisi.transparenciacatalunya.cat/Educaci-/Directori-de-centres-docents-anual-Base-2020/kvmv-ahh4,
L'Horitzó,lhoritzo-barcelona,escuela-infantil,privado,"Passeig de de la Bonanova, 7",08022,,barcelona,Barcelona,934177658,,http://escola-horitzo.cat/,0,36,,horario-ampliado;ingles;psicomotricidad;verano-campamentos,"L'Horitzó es un centro privado en Sarrià-Sant Gervasi que basa su proyecto en el aprendizaje por proyectos, con influencia de Montessori y Freinet, sin política de deberes. Ofrece inglés integrado a diario, piscina con clases de natación, horario de 8:30 a 17:30 y casal de verano propio ('Estiu ELH'). El primer ciclo de infantil (0-3 años) consta en el registro oficial de centros.",https://analisi.transparenciacatalunya.cat/Educaci-/Directori-de-centres-docents-anual-Base-2020/kvmv-ahh4,
Gravi,gravi-barcelona,escuela-infantil,privado,"Avinguda de Vallcarca, 258",08023,,barcelona,Barcelona,932111183,,http://www.gravi.com/,0,36,,comedor;musica;actividades-extraescolares;verano-campamentos;orientacion-pedagogica,"Gravi es una escuela cooperativa y concertada en Gràcia con más de 50 años de historia, iniciada en 1966-67 como obra social vinculada a la parroquia de Sant Cebrià y transformada en cooperativa de trabajo asociado en 1995-96. Su proyecto se apoya en el aprendizaje cooperativo y la educación emocional, con comedor y departamento psicopedagógico propio.",https://analisi.transparenciacatalunya.cat/Educaci-/Directori-de-centres-docents-anual-Base-2020/kvmv-ahh4,
Mare de Déu dels Àngels,mare-de-deu-dels-angels-barcelona,escuela-infantil,privado,"Carrer de Sagrera, 80-82",08027,,barcelona,Barcelona,933523909,,http://www.mdangels.org,0,36,,comedor;horario-ampliado;ingles;orientacion-pedagogica;escuela-de-padres;uniformes,"Mare de Déu dels Àngels, fundado en 1898 en el barrio de la Sagrera, es uno de los centros más antiguos del distrito de Sant Andreu y está gestionado por las Missioneres Filles de la Sagrada Família de Natzaret. Dispone de llar d'infants diferenciada para 1-3 años, uniforme obligatorio y programa de inglés propio ('Audioenglish').",https://analisi.transparenciacatalunya.cat/Educaci-/Directori-de-centres-docents-anual-Base-2020/kvmv-ahh4,
Lestonnac,lestonnac-barcelona,escuela-infantil,privado,"Carrer de Pau Claris, 131",08009,,barcelona,Barcelona,932159900,,http://www.lestonnac-bcn.org,0,36,,horario-ampliado;ingles;orientacion-pedagogica;uniformes,"Lestonnac, en pleno Eixample, es un centro concertado desde el segundo ciclo de infantil que basa su proyecto en el ideario de la Compañía de María. Ofrece un servicio privado de 0-3 años en horario de 7:45 a 19:00, trabajo por racons y proyectos, siete sesiones semanales de inglés con inmersión y departamento de orientación propio.",https://analisi.transparenciacatalunya.cat/Educaci-/Directori-de-centres-docents-anual-Base-2020/kvmv-ahh4,
Jesuïtes Sant Gervasi - Infant Jesús,jesuites-sant-gervasi-infant-jesus-barcelona,escuela-infantil,privado,"Carrer de Avenir, 19",08006,,barcelona,Barcelona,933622058,,http://www.santgervasi.fje.edu,0,36,,,"Jesuïtes Sant Gervasi - Infant Jesús es un centro concertado con orígenes en 1860, fundado por las Germanes de l'Infant Jesús y traspasado en 2015 a la Fundació Jesuïtes Educació Catalunya. Ubicado en el Carrer de l'Avenir desde 1867, incluye llar d'infants junto con infantil, primaria, secundaria concertada y bachillerato privado.",https://analisi.transparenciacatalunya.cat/Educaci-/Directori-de-centres-docents-anual-Base-2020/kvmv-ahh4,
Canigó,canigo-barcelona,escuela-infantil,privado,"Carrer de Císter, 23",08022,,barcelona,Barcelona,932110217,,http://www.fomento.edu/canigo,0,36,,comedor;ingles;actividades-extraescolares,"Canigó es un colegio trilingüe de Fomento de Centros de Enseñanza en el Carrer de Císter (Sarrià-Sant Gervasi), abierto en 1964 y con más de 1.000 alumnos, ofrece infantil, primaria, secundaria y bachillerato con inglés desde los 2 años ('Hello Sally'). No debe confundirse con Llar d'Infants Canigó, una guardería distinta ubicada en Diputació 412, en el Eixample.",https://analisi.transparenciacatalunya.cat/Educaci-/Directori-de-centres-docents-anual-Base-2020/kvmv-ahh4,
Prínceps 23 d'Abril,princeps-23-dabril-barcelona,escuela-infantil,privado,"Carrer de Artesania, 38",08031,,barcelona,Barcelona,933537591,,http://www.princeps23dabril.com,0,36,,comedor;horario-ampliado;ingles;patio-exterior;actividades-extraescolares;verano-campamentos,"L'Escola Prínceps, en el Carrer de l'Artesania de Nou Barris, inició su actividad docente en 1958 y desde 2005 funciona como cooperativa familiar. Dispone de llar d'infants diferenciada, con dos aulas de 1-2 años en un edificio propio, además de casal d'estiu, patio y servicio de acogida matinal.",https://analisi.transparenciacatalunya.cat/Educaci-/Directori-de-centres-docents-anual-Base-2020/kvmv-ahh4,
Sagrada Família,sagrada-familia-barcelona,escuela-infantil,privado,"Carrer de Avinyó, 20",08002,,barcelona,Barcelona,933188716,,http://safaavinyo.com,0,36,,cocina-propia;horario-ampliado;musica,"SAFA Avinyó, en pleno centro de Ciutat Vella, es un colegio concertado de una sola línea con más de 100 años de historia, integrado en la Fundació Educativa Anna Maria Janer. Cuenta con llar d'infants diferenciada, cocina propia con menús adaptados y programas de música en colaboración con el Palau de la Música y de robótica con Robotix.",https://analisi.transparenciacatalunya.cat/Educaci-/Directori-de-centres-docents-anual-Base-2020/kvmv-ahh4,
Llar d'Infants Ninets,llar-dinfants-ninets-barcelona,guarderia,privado,"Carrer de València, 218-220",08011,,barcelona,Barcelona,933233131,escolainfantil@ninets.net,https://www.ninets.net/,0,36,,comedor;horario-ampliado,"Escuela infantil privada en el Eixample de Barcelona, en funcionamiento desde 1982, con instalaciones de más de 400 m². Ofrece horario flexible de 7:45 a 19:00 h de lunes a viernes, servicio de comedor con menús supervisados por nutricionista y apoyo psicopedagógico. Atiende a niños de 3 meses a 3 años.",https://analisi.transparenciacatalunya.cat/Educaci-/Directori-de-centres-docents-anual-Base-2020/kvmv-ahh4,
Escola Bressol Cap i Cua,escola-bressol-cap-i-cua-barcelona,guarderia,privado,"Passatge de Còrsega, 9",08026,,barcelona,Barcelona,934557141,,https://www.ebcapicua.com/,0,36,,,"Escuela infantil privada en el distrito de Sant Martí, autorizada por el Departament d'Ensenyament de la Generalitat (código 08048149). El centro abrió en 1986 con el nombre Els Àngels y adoptó el nombre Cap i Cua en 2016. Atiende a niños desde los 4 meses hasta los 3 años bajo un proyecto educativo activo.",https://analisi.transparenciacatalunya.cat/Educaci-/Directori-de-centres-docents-anual-Base-2020/kvmv-ahh4,
Llar d'Infants Grimm,llar-dinfants-grimm-barcelona,guarderia,privado,"Carrer de Sant Quintí, 19",08026,,barcelona,Barcelona,934366162,grimmvirolai@virolai.com,https://virolai.com/es/oferta-educativa/virolai-grimm/,0,36,,horario-ampliado,"Escuela de educación infantil integrada en la red de la Escola Virolai, ubicada en el Camp de l'Arpa del Clot (Sant Martí). Ofrece el primer ciclo de educación infantil (0-3 años) con servicio de permanencias de mañana y tarde. Forma parte de un proyecto educativo con más trayectoria en Barcelona bajo la marca Virolai.",https://analisi.transparenciacatalunya.cat/Educaci-/Directori-de-centres-docents-anual-Base-2020/kvmv-ahh4,
Llar d'Infants Guinyol,llar-dinfants-guinyol-barcelona,guarderia,privado,"Carrer de Ventura Plaja, 36",08028,,barcelona,Barcelona,934401814,llarguinyol@gmail.com,https://lallarguinyol.com/,0,36,,comedor;horario-ampliado;ingles,"Escuela infantil privada en Sants con más de 40 años de trayectoria. Edificio de tres plantas con jardín y espacios diferenciados por edad. Abierto de 7:30 a 19:00 h, con cocina propia, menús adaptados y control de alérgenos. Ofrece clases de inglés con el método Kids&Us y natación en un club cercano. Matrícula abierta para el curso 26-27.",https://analisi.transparenciacatalunya.cat/Educaci-/Directori-de-centres-docents-anual-Base-2020/kvmv-ahh4,
Llar d'Infants Blauet,llar-dinfants-blauet-barcelona,guarderia,privado,"Plaça de Sant Vicenç de Sarrià, 7",08017,,barcelona,Barcelona,932805180,info@escolabressolblauet.com,http://www.escolabressolblauet.com,0,36,,,"Escuela infantil privada en Sarrià, en funcionamiento desde 1996. Organiza aulas por grupos de edad (P0, P1, P2) y ofrece enseñanza en dos lenguas maternas (catalán y castellano). Horario habitual de 8:00 a 18:00 h de lunes a viernes. Atiende a niños de 0 a 3 años en el barrio de Sarrià-Sant Gervasi.",https://analisi.transparenciacatalunya.cat/Educaci-/Directori-de-centres-docents-anual-Base-2020/kvmv-ahh4,
Llar d'Infants Grans Somnis,llar-dinfants-grans-somnis-barcelona,guarderia,privado,"Carrer de Consell de Cent, 344",08009,,barcelona,Barcelona,934882242,secretaria@escolagransomnis.com,https://www.escolagransomnis.com/,4,36,,comedor;horario-ampliado;ingles,"Escuela infantil privada en el Eixample de Barcelona, en funcionamiento desde 1987. Ofrece comedor con cocina propia y menús revisados dietéticamente, horario ampliado de 8:00 a 19:00 h, y enseñanza trilingüe (catalán, castellano e inglés). Cuenta además con piscina y gabinete psicopedagógico. Atiende a niños de 4 meses a 3 años.",https://analisi.transparenciacatalunya.cat/Educaci-/Directori-de-centres-docents-anual-Base-2020/kvmv-ahh4,
Llar d'Infants L'Escoleta de Montjuïc,llar-dinfants-lescoleta-de-montjuic-barcelona,guarderia,privado,"Carrer de Sant Fructuós, 46-48, baixos",08004,,barcelona,Barcelona,935271172,info@escoleta.es,https://escoleta.es/,0,36,,horario-ampliado;ingles,"Escuela infantil privada en el barrio de la Font de la Guatlla (Sants-Montjuïc), accesible para personas con discapacidad física. Ofrece recepción de mañana (7:30-9:00 h) y de tarde (17:00-18:00 h), además de un programa de inglés. Instalaciones amplias con patio exterior. Matrícula abierta para el curso 2026-2027.",https://analisi.transparenciacatalunya.cat/Educaci-/Directori-de-centres-docents-anual-Base-2020/kvmv-ahh4,
Llar d'Infants Balmespi,llar-dinfants-balmespi-barcelona,guarderia,privado,"Carrer de Balmes, 252",08006,,barcelona,Barcelona,932189472,a8049294@xtec.cat,http://escolainfantilbalmespi.com,3,36,,comedor;horario-ampliado;ingles,"Escuela infantil privada en el barrio de Sant Gervasi-Galvany (Sarrià-Sant Gervasi), accesible para personas con discapacidad física. Según fuentes coincidentes, ofrece clases de 3 meses a 3 años con horario de 8:00 a 18:30 h, programa de acogida, asesoramiento psicopedagógico, clases de inglés, horario ampliado y servicio de comedor.",https://analisi.transparenciacatalunya.cat/Educaci-/Directori-de-centres-docents-anual-Base-2020/kvmv-ahh4,
Llar d'Infants El Llimoner I,llar-dinfants-el-llimoner-i-barcelona,guarderia,privado,"Carrer de Independència, 329",08026,,barcelona,Barcelona,934569844,llimoner@llimoner.cat,http://www.llimoner.cat,0,36,,horario-ampliado;ingles,"Escuela infantil privada en el Camp de l'Arpa del Clot (Sant Martí), en funcionamiento desde 1981 y autorizada por el Departament d'Ensenyament. Se define como un proyecto activo y aconfesional, con catalán como lengua vehicular principal y castellano e inglés como lenguas complementarias. Horario de 7:30 a 19:30 h de lunes a viernes.",https://analisi.transparenciacatalunya.cat/Educaci-/Directori-de-centres-docents-anual-Base-2020/kvmv-ahh4,
Llar d'Infants Dracs I,llar-dinfants-dracs-i-barcelona,guarderia,privado,"Carrer de Berlín, 26-32",08029,,barcelona,Barcelona,934902653,dracs.escola@gmail.com,https://dracsescolabressol.cat/,0,36,,,"Escuela infantil privada en el distrito de Sants-Montjuïc, gestionada por Dracs Escola Bressol S.L., con más de 40 años dedicados a la primera infancia (0-3 años). El centro aparece también en directorios municipales bajo el nombre histórico 'Peter Pan', aunque su denominación y operación actual es Dracs. Instalaciones accesibles para personas con discapacidad física.",https://analisi.transparenciacatalunya.cat/Educaci-/Directori-de-centres-docents-anual-Base-2020/kvmv-ahh4,
Llar d'Infants Cuc,llar-dinfants-cuc-barcelona,guarderia,privado,"Carrer de Sagunt, 113",08014,,barcelona,Barcelona,934228305,mail@cuc.cat,https://www.cuc.cat/,0,36,,comedor;horario-ampliado;ingles,"Escuela infantil privada junto a la Plaça de Sants, con más de 25 años de trayectoria. Cocina propia con menú mediterráneo y adaptaciones por alergias, acogida de mañana (8-9 h) y tarde (17-18 h), e inglés semanal con el método Kids&Us. Atiende a niños de 0 a 3 años; matrícula limitada según curso.",https://analisi.transparenciacatalunya.cat/Educaci-/Directori-de-centres-docents-anual-Base-2020/kvmv-ahh4,
Llar d'Infants Petit Montessori,llar-dinfants-petit-montessori-barcelona,guarderia,privado,"Plaça de del Centre, 7-9",08014,,barcelona,Barcelona,934903750,papismontessori@gmail.com,https://www.escolapetitmontessori.com/,0,36,,comedor;ingles,"Escuela infantil privada en Les Corts, con código de centro 08050831, que aplica la metodología Montessori. Ofrece servicio de comedor y campamento de verano en julio y agosto. Integra catalán, castellano e inglés en las actividades diarias. En directorios municipales figura también con el nombre histórico 'Tintín'.",https://analisi.transparenciacatalunya.cat/Educaci-/Directori-de-centres-docents-anual-Base-2020/kvmv-ahh4,
Llar d'Infants Didac,llar-dinfants-didac-barcelona,guarderia,privado,"Carrer de Cardenal Reig, 16",08028,,barcelona,Barcelona,933344020,didac4@gmail.com,https://www.llardinfants-didac.cat/,4,36,,comedor,"Llar d'Infants Didac es una escuela infantil privada situada en el distrito de Les Corts, Barcelona, que atiende a niños de 4 meses a 3 años. Dispone de cocina propia para el servicio de comedor, patio exterior y sala de psicomotricidad. Mantiene relación pedagógica con Escola Thau e Idiomes Tarradellas.",https://analisi.transparenciacatalunya.cat/Educaci-/Directori-de-centres-docents-anual-Base-2020/kvmv-ahh4,
Llar d'Infants El Tricicle,llar-dinfants-el-tricicle-barcelona,guarderia,privado,"Carrer de Jocs Florals, 128-136, baixos",08014,,barcelona,Barcelona,934312785,info@eltriciclellardinfants.com,https://eltriciclellardinfants.com/,0,36,,comedor,"Llar d'Infants El Tricicle es una escuela infantil privada en el barrio de Sants, Barcelona, con el apoyo del Departament d'Educació. Dispone de seis estancias y un jardín soleado, cocina propia y agrupa a los niños en tres franjas de edad. Ofrece visitas individualizadas previa cita para conocer las instalaciones.",https://analisi.transparenciacatalunya.cat/Educaci-/Directori-de-centres-docents-anual-Base-2020/kvmv-ahh4,
Llar d'Infants Petit Món de Les Corts,llar-dinfants-petit-mon-de-les-corts-barcelona,guarderia,privado,"Carrer de Numància, 101-105",08029,,barcelona,Barcelona,933222477,,http://petitmonlescorts.cat/,0,36,,ingles,"Llar d'Infants Petit Món de Les Corts es una escuela infantil privada en el distrito de Les Corts, Barcelona, accesible para personas con discapacidad física. Cuenta con seis espacios diferenciados, entre ellos un aula para bebés con materiales sensoriales y zonas de juego libre. El centro incorpora el inglés en distintos momentos del día.",https://analisi.transparenciacatalunya.cat/Educaci-/Directori-de-centres-docents-anual-Base-2020/kvmv-ahh4,
Llar d'Infants Rosetó,llar-dinfants-roseto-barcelona,guarderia,privado,"Carrer de Mallorca, 337",08037,,barcelona,Barcelona,934570302,info@roseto.cat,https://roseto.cat/,0,36,,comedor,"Llar d'Infants Rosetó es una escuela infantil privada autorizada por el Departament d'Educació de la Generalitat de Catalunya, situada en el distrito de Eixample, Barcelona. Dispone de aulas, zonas de talleres, patio exterior y comedor propio. Ofrece una aplicación para la comunicación diaria con las familias.",https://analisi.transparenciacatalunya.cat/Educaci-/Directori-de-centres-docents-anual-Base-2020/kvmv-ahh4,
Llar d'Infants La Gavina,llar-dinfants-la-gavina-laforja-barcelona,guarderia,privado,"Carrer de Laforja, 19",08006,,barcelona,Barcelona,932372891,la_gavina@hotmail.com,http://lagavinaescola.com/ca/,0,36,,comedor;horario-ampliado;ingles,"Llar d'Infants La Gavina es una escuela infantil privada en el distrito de Sarrià-Sant Gervasi, Barcelona, con dos sedes (Laforja y Marc Aureli). Ofrece acogida de 8h a 9h y de 17h a 18h, cocina propia con menús supervisados y clases de inglés a partir de un año. Distinta del centro público homónimo situado en Carrer de Concòrdia, Sants-Montjuïc.",https://analisi.transparenciacatalunya.cat/Educaci-/Directori-de-centres-docents-anual-Base-2020/kvmv-ahh4,
Llar d'Infants Tagore,llar-dinfants-tagore-barcelona,guarderia,privado,"Carrer de Muntaner, 476",08006,,barcelona,Barcelona,932010379,tagore@parvulariotagore.com,http://www.parvulariotagore.com/index/La_escuela.html,4,36,,ingles,"Llar d'Infants Tagore, fundada en 1966, es una escuela infantil privada en el distrito de Sarrià-Sant Gervasi, Barcelona, que atiende a niños de 4 meses a 3 años (P0, P1 y P2). Ocupa dos plantas comunicadas y un jardín exterior. Ofrece educación trilingüe en catalán, castellano e inglés. Aparece también en el registro municipal como 'Xenius', nombre histórico del mismo centro en la misma dirección.",https://analisi.transparenciacatalunya.cat/Educaci-/Directori-de-centres-docents-anual-Base-2020/kvmv-ahh4,
Llar d'Infants Ratolinet,llar-dinfants-ratolinet-barcelona,guarderia,privado,"Carrer de Alcolea, 15-17",08014,,barcelona,Barcelona,934311848,elratolinet@gmail.com,https://elratolinet.com/,0,36,,,"Llar d'Infants Ratolinet es una escuela infantil privada autorizada (código 08052372), situada en el barrio de Sants, Barcelona. Atiende a niños de 0 a 3 años con un enfoque de espacios multifuncionales para la exploración y el juego, patio exterior natural y cocina propia. Cuenta con perfil activo en Instagram (@elratolinetescola).",https://analisi.transparenciacatalunya.cat/Educaci-/Directori-de-centres-docents-anual-Base-2020/kvmv-ahh4,
Llar d'Infants El Sol,llar-dinfants-el-sol-les-corts-barcelona,guarderia,privado,"Carrer de Numància, 91-93, local 5",08029,,barcelona,Barcelona,933228154,a8051756@xtec.cat,,0,36,,ingles,"Llar d'Infants El Sol es una escuela infantil privada autorizada por el Departament d'Educació, situada en el distrito de Les Corts, Barcelona, con más de 25 años de trayectoria educativa. Su programa incluye inmersión en inglés y un enfoque de aprendizaje a través del juego. Mantiene presencia activa como 'Llar d'Infants Bilingüe El Sol' en redes sociales.",https://analisi.transparenciacatalunya.cat/Educaci-/Directori-de-centres-docents-anual-Base-2020/kvmv-ahh4,
Llar d'Infants Splait,llar-dinfants-splait-barcelona,guarderia,privado,"Carrer de Agustí Milà, 61",08030,,barcelona,Barcelona,933450244,escolainfantilsplait@hotmail.com,https://www.escolainfantilsplait.com/,0,36,,,"Llar d'Infants Splait es una escuela catalana, laica y privada, reconocida por el Departament d'Educació de la Generalitat de Catalunya desde 1977, situada en el barrio de Sant Andreu de Palomar, Barcelona. Su enfoque educativo da un papel destacado a la naturaleza, la curiosidad y la experimentación de los niños. El centro es accesible para personas con discapacidad física.",https://analisi.transparenciacatalunya.cat/Educaci-/Directori-de-centres-docents-anual-Base-2020/kvmv-ahh4,
Llar d'Infants Teddy,llar-dinfants-teddy-barcelona,guarderia,privado,"Carrer de Dos de Maig, 222",08013,,barcelona,Barcelona,932457271,a8050892@xtec.cat,https://escolateddy.com/,0,36,,comedor;horario-ampliado;ingles,"Llar d'Infants Teddy es una escuela infantil privada en el distrito de Sant Martí, Barcelona, que atiende a niños de 0 a 3 años. Ofrece horario ampliado de 8:00 a 18:00 durante los 12 meses del año, cocina propia con menús elaborados en el centro, y actividades en catalán, castellano e inglés. Dispone de un patio exterior de 300 m².",https://analisi.transparenciacatalunya.cat/Educaci-/Directori-de-centres-docents-anual-Base-2020/kvmv-ahh4,
Llar d'Infants Bon-Sol,llar-dinfants-bon-sol-barcelona,guarderia,privado,"Carrer de Londres, 96-98",08036,,barcelona,Barcelona,934305594,bonsol@bonsol.cat,http://www.bonsol.cat,4,36,,comedor,"Llar d'Infants Bon-Sol es una escuela infantil privada en funcionamiento desde 1980, situada en el barrio de l'Esquerra de l'Eixample, Barcelona, tras un traslado a Carrer de Londres 96-98 en el curso 2010-2011. Atiende a niños de 4 meses a 3 años en tres niveles, con comedor propio y clases voluntarias de natación a partir de los 20 meses.",https://analisi.transparenciacatalunya.cat/Educaci-/Directori-de-centres-docents-anual-Base-2020/kvmv-ahh4,
Llar d'Infants Tic-Tac Gran Via,llar-dinfants-tic-tac-gran-via-barcelona,guarderia,privado,"Gran Via de les Corts Catalanes, 499",08015,,barcelona,Barcelona,934536085,,http://www.escolainfantil-tic-tac.com,0,36,,ingles,"Llar d'Infants Tic-Tac Gran Via es una escuela infantil privada en el distrito de Eixample, Barcelona, que atiende el primer ciclo de infantil (0-3 años). Combina catalán como lengua vehicular, castellano e inglés, y ofrece comunicación diaria con las familias a través de una aplicación.",https://analisi.transparenciacatalunya.cat/Educaci-/Directori-de-centres-docents-anual-Base-2020/kvmv-ahh4,
Llar d'Infants Quitxalla,llar-dinfants-quitxalla-barcelona,guarderia,privado,"Passeig de Valldaura, 204",08031,,barcelona,Barcelona,933502890,a8049877@xtec.cat,https://www.cegrey.org/llar-d-infants-quitxalla/,0,36,,,"Llar d'Infants Quitxalla es una escuela infantil privada situada en el Passeig de Valldaura, en el distrito de Nou Barris (Barcelona). Forma parte del Centre Escolar Grey y atiende a familias de la zona desde hace más de treinta años. Está autorizada por el Departament d'Educació para el primer ciclo de educación infantil (0 a 3 años).",https://analisi.transparenciacatalunya.cat/Educaci-/Directori-de-centres-docents-anual-Base-2020/kvmv-ahh4,
Llar d'Infants Donald,llar-dinfants-donald-barcelona,guarderia,privado,"Carrer de Acàcies, 9-11",08027,,barcelona,Barcelona,933401476,a8048782@xtec.cat,http://escolabressoldonald.cat/,0,36,,,"Llar d'Infants Donald (también conocida como Donald *Acàcies) es una escuela infantil privada situada en el distrito de Sant Andreu, en el barrio de El Congrés i els Indians, Barcelona. Es un centro autorizado por el Departament d'Ensenyament de la Generalitat de Catalunya para el primer ciclo de educación infantil (0 a 3 años).",https://analisi.transparenciacatalunya.cat/Educaci-/Directori-de-centres-docents-anual-Base-2020/kvmv-ahh4,
Llar d'Infants L'Airet,llar-dinfants-lairet-oblit-barcelona,guarderia,privado,"Carrer de Oblit, 52",08026,,barcelona,Barcelona,931195902,escolabressolairet@gmail.com,,0,36,,,"Llar d'Infants L'Airet *Oblit es una escuela infantil privada situada en Carrer de Oblit, 52, en el distrito de Horta-Guinardó (barrio El Guinardó), Barcelona. Atiende el primer ciclo de educación infantil (0 a 3 años). No debe confundirse con otro centro de nombre similar situado en el distrito de Nou Barris, con dirección y código de centro distintos.",https://analisi.transparenciacatalunya.cat/Educaci-/Directori-de-centres-docents-anual-Base-2020/kvmv-ahh4,
Llar d'Infants Mainada,llar-dinfants-mainada-barcelona,guarderia,privado,"Carrer de Comte Salvatierra, 8",08006,,barcelona,Barcelona,932374473,info@mainadaei.com,https://mainadaei.es/,0,36,,horario-ampliado,"Llar d'Infants Mainada es una escuela infantil privada situada en el Carrer del Comte de Salvatierra, 8, en el distrito de Sarrià-Sant Gervasi (barrio Sant Gervasi-Galvany), Barcelona. Según su web oficial, atiende de lunes a viernes de 7:45 a 18:30 y cuenta con más de diez años de trayectoria en el barrio.",https://analisi.transparenciacatalunya.cat/Educaci-/Directori-de-centres-docents-anual-Base-2020/kvmv-ahh4,
Llar d'Infants La Lluna,llar-dinfants-la-lluna-barcelona,guarderia,privado,"Carrer de Borgonya, 6-8",08031,,barcelona,Barcelona,933536191,eilalluna@gmail.com,https://lalluna.net/,0,36,,comedor,"Llar d'Infants La Lluna es una escuela infantil privada en Carrer de Borgonya, 6-8, distrito de Nou Barris (barrio la Guineueta), Barcelona. Según su web oficial, cuenta con cocina propia y grupos reducidos, y lleva más de cuarenta años atendiendo a familias del barrio. Está reconocida por el Departament d'Educació para el primer ciclo de educación infantil.",https://analisi.transparenciacatalunya.cat/Educaci-/Directori-de-centres-docents-anual-Base-2020/kvmv-ahh4,
Llar d'Infants Tabalet,llar-dinfants-tabalet-barcelona,guarderia,privado,"Carrer de Providència, 119",08024,,barcelona,Barcelona,932196941,escolatabalet@yahoo.es,http://tabalet119.blogspot.com/,0,36,,comedor,"Llar d'Infants Tabalet es una escuela infantil privada situada en Carrer de Providència, 119, en el distrito de Gràcia (barrio El Camp d'en Grassot i Gràcia Nova), Barcelona. Cuenta con servicio de comedor de mediodía y está autorizada por el Departament d'Ensenyament (DOG núm. 1615) para el primer ciclo de educación infantil (0 a 3 años).",https://analisi.transparenciacatalunya.cat/Educaci-/Directori-de-centres-docents-anual-Base-2020/kvmv-ahh4,
Llar d'Infants Molina Blau,llar-dinfants-molina-blau-barcelona,guarderia,privado,"Passeig de Valldaura, 166",08042,,barcelona,Barcelona,934275542,molinablau@gmail.com,https://centresmolina.com/es/,0,36,,,"Llar d'Infants Molina Blau es una escuela infantil privada, subvencionada por la Generalitat de Catalunya, situada en el Passeig de Valldaura, 166, en el distrito de Nou Barris (barrio la Guineueta), Barcelona. Forma parte de la red de Centres Molina y atiende el primer ciclo de educación infantil (0 a 3 años) desde hace varias décadas en el barrio.",https://analisi.transparenciacatalunya.cat/Educaci-/Directori-de-centres-docents-anual-Base-2020/kvmv-ahh4,
Escola Bressol La Pau,escola-bressol-la-pau-barcelona,guarderia,privado,"Gran Via de les Corts Catalanes, 262",08004,,barcelona,Barcelona,933254850,llarlapau@hotmail.com,https://escolabressollapau.cat/,0,36,,,"Escola Bressol La Pau es una escuela infantil privada situada en Gran Via de les Corts Catalanes, 262, en el distrito de Sants-Montjuïc (barrio la Font de la Guatlla), Barcelona. Según su web oficial, atiende de lunes a viernes de 8:00 a 18:00 desde 1989. Es un centro distinto de la Escola Bressol Municipal Pau, situada en Carrer de Muntadas, en el mismo distrito.",https://analisi.transparenciacatalunya.cat/Educaci-/Directori-de-centres-docents-anual-Base-2020/kvmv-ahh4,
Llar d'Infants Xiulet,llar-dinfants-xiulet-barcelona,guarderia,privado,"Carrer de Entença, 100-106",08015,,barcelona,Barcelona,934234448,escolaxiulet@hotmail.com,http://www.xiulet.es,0,36,,,"Llar d'Infants Xiulet es una escuela infantil privada situada en Carrer de Entença, 100, en el distrito de Eixample (barrio la Nova Esquerra de l'Eixample), Barcelona. Cuenta con web propia activa y atiende el primer ciclo de educación infantil (0 a 3 años).",https://analisi.transparenciacatalunya.cat/Educaci-/Directori-de-centres-docents-anual-Base-2020/kvmv-ahh4,
Llar d'Infants Apolo 10,llar-dinfants-apolo-10-barcelona,guarderia,privado,"Avinguda de Paral·lel, 110",08015,,barcelona,Barcelona,933290668,apolo10@xtec.cat,https://www.apolo10.net/,3,36,,comedor,"Llar d'Infants Apolo 10 es una escuela infantil privada situada en Avinguda del Paral·lel, 110, en el distrito de Eixample (barrio Sant Antoni), Barcelona. Fundada en 1976 y autorizada por el Departament d'Educació de la Generalitat de Catalunya, atiende de 3 meses a 3 años y cuenta con cocina propia según su web oficial.",https://analisi.transparenciacatalunya.cat/Educaci-/Directori-de-centres-docents-anual-Base-2020/kvmv-ahh4,
Llar d'Infants Peggy,llar-dinfants-peggy-barcelona,guarderia,privado,"Carrer de Marc Aureli, 18-20",08006,,barcelona,Barcelona,932011350,,https://www.escolapeggy.com/,0,36,,comedor;ingles,"Llar d'Infants Peggy (Escola Infantil Peggy) es una escuela infantil privada situada en Carrer de Marc Aureli, 18-20, en el distrito de Sarrià-Sant Gervasi, Barcelona. Según su web oficial, abre de lunes a viernes de 7:45 a 18:00, ofrece servicio de comedor y actividades en inglés, catalán y castellano, para niños de 0 a 3 años.",https://analisi.transparenciacatalunya.cat/Educaci-/Directori-de-centres-docents-anual-Base-2020/kvmv-ahh4,
Llar d'Infants Sol Solet,llar-dinfants-sol-solet-barcelona,guarderia,privado,"Gran Via de les Corts Catalanes, 741",08009,,barcelona,Barcelona,932650382,a8051768@xtec.cat,https://www.escolabressol-solsolet.org/,0,36,,comedor,"Llar d'Infants Sol Solet es una escuela bressol privada, constituida como cooperativa sin ánimo de lucro desde 1981, situada en Gran Via de les Corts Catalanes, 741, en el distrito de Eixample (barrio Fort Pienc), Barcelona. Según su web oficial, abre de 7:30 a 17:00, ofrece menú ecológico y basa su proyecto educativo en el juego libre y metodologías como Pikler y Reggio Emilia.",https://analisi.transparenciacatalunya.cat/Educaci-/Directori-de-centres-docents-anual-Base-2020/kvmv-ahh4,
Llar d'Infants El Cigronet,llar-dinfants-el-cigronet-barcelona,guarderia,privado,"Carrer de Muntaner, 43",08011,l'Antiga Esquerra de l'Eixample,barcelona,Barcelona,933234606,elcigronet1982@gmail.com,,4,36,,ingles,"Llar d'Infants El Cigronet es un centro privado situado en Carrer de Muntaner, 43, en el barrio de l'Antiga Esquerra de l'Eixample de Barcelona. Atiende a niños de 4 meses a 3 años y opera desde 1982. Según directorios educativos, ofrece una primera introducción al inglés. No dispone de web oficial propia conocida; el contacto se realiza por teléfono o correo electrónico.",https://analisi.transparenciacatalunya.cat/Educaci-/Directori-de-centres-docents-anual-Base-2020/kvmv-ahh4,
Llar d'Infants Milton,llar-dinfants-milton-barcelona,guarderia,privado,"Carrer de Bailèn, 212-214",08037,Camp d'en Grassot i Gràcia Nova,barcelona,Barcelona,932071670,llardinfantsmilton@gmail.com,http://www.llardinfantsmilton.cat/,4,36,,comedor;horario-ampliado;verano-campamentos;patio-exterior,"Llar d'Infants Milton, en Carrer de Bailèn, 212-214 (Gràcia, Barcelona), es un centro privado en funcionamiento desde 1973 que atiende a niños de 4 meses a 3 años, con un espacio específico para lactantes. Según su web oficial, ofrece servicio de comedor con menús adaptados, horario ampliado de 7:30 a 18:00 h, patio exterior y casals de verano e invierno. Cuenta con más de 50 años de trayectoria en el barrio.",https://analisi.transparenciacatalunya.cat/Educaci-/Directori-de-centres-docents-anual-Base-2020/kvmv-ahh4,
Llar d'Infants I-Beth,llar-dinfants-i-beth-barcelona,guarderia,privado,"Carrer de Aragó, 47 baixos",08015,la Nova Esquerra de l'Eixample,barcelona,Barcelona,932267260,info@ibeth.cat,https://www.ibeth.cat/,4,36,,cocina-propia;patio-exterior,"Llar d'Infants I-Beth, situada en Carrer de Aragó, 47 (la Nova Esquerra de l'Eixample, Barcelona), es un centro privado homologado por la Generalitat que funciona desde 1983. Atiende a niños de 4 meses a 3 años en un ambiente familiar. Según su web oficial, dispone de cocina propia con menús variados y equilibrados, y un patio exterior de unos 300 m². El calendario escolar se inicia el segundo día hábil de septiembre y finaliza a finales de julio.",https://analisi.transparenciacatalunya.cat/Educaci-/Directori-de-centres-docents-anual-Base-2020/kvmv-ahh4,
Llar d'Infants Olorien Les Corts,llar-dinfants-olorien-les-corts-barcelona,guarderia,privado,"Avinguda de Madrid, 144, entresòl, escala A",08028,la Maternitat i Sant Ramon,barcelona,Barcelona,936324656,,https://olorien.es/,4,36,,patio-exterior;horario-ampliado,"Llar d'Infants Olorien Les Corts, en Avinguda de Madrid, 144, pertenece a la red Olorien de centros de educación infantil en Barcelona. Atiende a niños de 4 meses a 3 años, organizados en grupos por edad, con horario de 8:00 a 18:00 h de lunes a viernes. Dispone de parque infantil propio con zonas de arena y huerto urbano.",https://analisi.transparenciacatalunya.cat/Educaci-/Directori-de-centres-docents-anual-Base-2020/kvmv-ahh4,
Llar d'Infants Àgora,llar-dinfants-agora-barcelona,guarderia,privado,"Carrer de Entença, 59, esc. dreta",08015,la Nova Esquerra de l'Eixample,barcelona,Barcelona,934238476,info@agorallarinfants.org,https://www.agorallarinfants.org/,4,36,,cocina-propia;horario-ampliado,"Llar d'Infants Àgora, en Carrer de Entença, 59 (la Nova Esquerra de l'Eixample, Barcelona), es un centro privado subvencionado inaugurado en 1986, accesible para personas con discapacidad física. Atiende a niños de 4 meses a 3 años. Según su web oficial, dispone de cocina propia y horario de 8:00 a 17:30 h. Se define como un espacio respetuoso con la infancia, centrado en el descubrimiento del entorno.",https://analisi.transparenciacatalunya.cat/Educaci-/Directori-de-centres-docents-anual-Base-2020/kvmv-ahh4,
Escola Bressol Chiqui La Vila,escola-bressol-chiqui-la-vila-barcelona,guarderia,privado,"Carrer de Salvador Espriu, 65-71",08005,la Vila Olímpica del Poblenou,barcelona,Barcelona,932219579,info@chiquilavila.org,https://chiquilavila.org/,0,36,,comedor;cocina-propia;horario-ampliado;bilingue;ingles;patio-exterior;psicomotricidad;musica;actividades-extraescolares;verano-campamentos;orientacion-pedagogica;escuela-de-padres,"Escola Bressol Chiqui La Vila, en Carrer de Salvador Espriu, 65-71 (Vila Olímpica, Sant Martí, Barcelona), es un centro subvencionado por la Generalitat de Catalunya y la Diputació de Barcelona, gestionado por APLaVila. Atiende a niños de 0 a 3 años con horario de 7:30 a 19:00 h. Según su web oficial, ofrece cocina propia con productos ecológicos, patio exterior con piscina de verano, actividades de psicomotricidad y música, contacto temprano con el inglés, y charlas para familias sobre crianza. Forma parte de la red Escoles + Sostenibles desde 2011.",https://analisi.transparenciacatalunya.cat/Educaci-/Directori-de-centres-docents-anual-Base-2020/kvmv-ahh4,
Llar d'infants El Camí Feliç Poble Nou,llar-dinfants-el-cami-felic-poble-nou-barcelona,guarderia,privado,"Carrer de Venero, 5",08005,el Poblenou,barcelona,Barcelona,931057675,poblenou@escuelashappyway.com,https://www.escuelashappyway.com/,0,36,,cocina-propia;patio-exterior;psicomotricidad;musica;verano-campamentos;orientacion-pedagogica;escuela-de-padres;ingles,"Escuela infantil de primer ciclo (0-3 años) ubicada en Carrer de Venero, 5, en el barrio de Poblenou, distrito de Sant Martí, Barcelona. Forma parte de la red Happy Way / El Camí Feliç, con proyecto educativo homologado por la Generalitat de Catalunya, estimulación de inteligencias múltiples, espacios exteriores y programa de acompañamiento a las familias.",https://analisi.transparenciacatalunya.cat/Educaci-/Directori-de-centres-docents-anual-Base-2020/kvmv-ahh4,
Llar d'Infants El Petit Rossinyol,llar-dinfants-el-petit-rossinyol-barcelona,guarderia,privado,"Carrer de Viladomat, 86, entresòl",08015,Sant Antoni,barcelona,Barcelona,933254581,info@elpetitrossinyol.com,https://www.elpetitrossinyol.com/,3,36,,,"Escuela infantil de gestión privada ubicada en Carrer de Viladomat, 86 (entresuelo), en el barrio de Sant Antoni, Barcelona. Atiende a niños de 3 meses a 3 años en un horario de 8:00 a 18:30, con un equipo de profesionales de la infancia apoyado por un equipo psicopedagógico. Mantiene presencia activa en redes sociales.",https://analisi.transparenciacatalunya.cat/Educaci-/Directori-de-centres-docents-anual-Base-2020/kvmv-ahh4,
Escola d'Educació Infantil Magnòlia,llar-dinfants-magnolia-barcelona,guarderia,privado,"Carrer de Emili Roca, 52-58",08016,Porta,barcelona,Barcelona,934084887,magnolia@escolamagnolia.com,http://www.escolamagnolia.com/,4,36,,comedor;cocina-propia;bilingue;ingles;patio-exterior,"Escola d'Educació Infantil Magnòlia está ubicada en Carrer de Emili Roca, 52-58, en el barrio de Porta, distrito de Nou Barris (Barcelona). Según su web oficial y datos municipales, atiende a niños desde los 4 meses y ofrece cocina propia, comedor colectivo y huerto escolar. Imparte enseñanza en catalán, castellano e inglés. Es un centro privado con subvención pública para el primer ciclo de educación infantil, accesible para personas con discapacidad física. Horario de 7:00 a 18:00, de lunes a viernes.",https://analisi.transparenciacatalunya.cat/Educaci-/Directori-de-centres-docents-anual-Base-2020/kvmv-ahh4,
Llar d'Infants El Cau (El Segon Cau),llar-dinfants-el-cau-barcelona,guarderia,privado,"Carrer de Argentona, 17",08024,la Vila de Gràcia,barcelona,Barcelona,932102806,elsegoncau@hotmail.com,http://elsegoncau.blogspot.com/,0,36,,cocina-propia;patio-exterior,"Llar d'Infants El Cau, en Carrer de Argentona, 17 (Vila de Gràcia, Barcelona), es explotada por la sociedad El Segon Cau SL. Es un edificio de dos plantas con 4 aulas, 2 baños, 2 patios y cocina propia, atendido por un equipo con maestros, técnicos especialistas y monitores de natación. Importante: este centro es distinto de otra llar d'infants con nombre similar situada en Hostafrancs (Carrer Vilardell), sin relación entre ambas entidades.",https://analisi.transparenciacatalunya.cat/Educaci-/Directori-de-centres-docents-anual-Base-2020/kvmv-ahh4,
Escuela Infantil Jesús Maria Tamarit,llar-dinfants-jesus-maria-tamarit-barcelona,guarderia,privado,"Carrer de Tamarit, 80",08004,el Poble Sec,barcelona,Barcelona,934240230,d.general.tamarit@jesus-maria.net,https://colegiosjesusmaria.com/colegio/escuela-infantil-tamarit/,0,36,,comedor;cocina-propia;horario-ampliado;ingles;patio-exterior;psicomotricidad;musica;actividades-extraescolares;verano-campamentos;orientacion-pedagogica;escuela-de-padres,"Centro de educación infantil ubicado en Carrer de Tamarit, 80, en el distrito de Sants-Montjuïc de Barcelona. Atiende el primer ciclo (0-3 años), con servicio de comedor con cocina propia, horario ampliado, inglés desde los 12 meses, psicomotricidad, música y patio de más de 500 m². Ofrece también casal de verano y asesoramiento psicopedagógico para familias.",https://analisi.transparenciacatalunya.cat/Educaci-/Directori-de-centres-docents-anual-Base-2020/kvmv-ahh4,
Llar d'Infants Bambi Roig,llar-dinfants-bambi-roig-barcelona,guarderia,privado,"Carrer de Tamarit, 191",08011,Sant Antoni,barcelona,Barcelona,934235503,bambiroig@hotmail.com,https://bambiroig.cat/,4,24,,comedor;cocina-propia;bilingue;ingles;psicomotricidad;musica,"Escuela infantil privada situada en Carrer de Tamarit, 191, en el barrio de Sant Antoni (Eixample), Barcelona. Cubre el primer ciclo de 4 meses a 2 años con un programa bilingüe que introduce el inglés mediante juegos, canciones y cuentos. Dispone de cocina propia con menús adaptados por edades y ofrece revisión pediátrica periódica.",https://analisi.transparenciacatalunya.cat/Educaci-/Directori-de-centres-docents-anual-Base-2020/kvmv-ahh4,
Llar d'Infants Canigó,llar-dinfants-canigo-barcelona,guarderia,privado,"Carrer de Diputació, 412",08013,el Fort Pienc,barcelona,Barcelona,932455933,canigo@telefonica.net,https://www.escolacanigo.com/,0,36,,cocina-propia;horario-ampliado;patio-exterior;psicomotricidad,"Escuela infantil privada situada en Carrer de Diputació, 412, en el barrio del Fort Pienc (Eixample), Barcelona. Con más de 30 años de trayectoria y autorización de la Generalitat de Catalunya, ofrece horario de 8:00 a 18:00 de septiembre a julio, cocina propia, patio exterior asoleado, actividades de psicomotricidad y biblioteca infantil.",https://analisi.transparenciacatalunya.cat/Educaci-/Directori-de-centres-docents-anual-Base-2020/kvmv-ahh4,
Llar d'Infants Pandy de Sant Marc,llar-dinfants-pandy-de-sant-marc-barcelona,guarderia,privado,"Carrer de Provença, 525, baixos",08025,la Sagrada Família,barcelona,Barcelona,933477939,merche@escolapandy.com,,0,72,,horario-ampliado,"Escuela infantil privada situada en Carrer de Provença, 525, en el barrio de la Sagrada Família (Eixample), Barcelona. Fundada en 1978 como Escola Pandy y trasladada a esta ubicación en 1998, atiende a niños de 0 a 6 años en horario de 7:30 a 18:00, con enfoque laico y plural.",https://analisi.transparenciacatalunya.cat/Educaci-/Directori-de-centres-docents-anual-Base-2020/kvmv-ahh4,
Llar d'infants El Camí Feliç Les Corts,llar-dinfants-el-cami-felic-les-corts-barcelona,guarderia,privado,"Carrer de Numància, 135",08029,,barcelona,Barcelona,932227744,lescorts@escuelashappyway.com,https://www.escuelashappyway.com/en/escuela-infantil-happy-way-les-corts/,0,36,,cocina-propia;patio-exterior;ingles;bilingue,"Escuela infantil de primer ciclo (0-3 años) ubicada en Carrer de Numància, 135, en el distrito de Les Corts, Barcelona. Forma parte de la red Happy Way / El Camí Feliç, con inmersión en inglés, cocina propia y patios exteriores.",https://analisi.transparenciacatalunya.cat/Educaci-/Directori-de-centres-docents-anual-Base-2020/kvmv-ahh4,
Llar d'Infants Congrés,llar-dinfants-congres-barcelona,guarderia,privado,"Carrer de Concepció Arenal, 145-147",08027,el Congrés i els Indians,barcelona,Barcelona,933520365,escolainfantilcongres@gmail.com,https://escolacongres.com,0,36,,,"Escuela infantil privada de primer ciclo (0-3 años) situada en Carrer de Concepció Arenal, 145-147, en el barrio de Congrés i els Indians, distrito de Sant Andreu, Barcelona. Su proyecto educativo se basa en que los niños sean protagonistas de su propio aprendizaje mediante experiencias de exploración, experimentación y manipulación, fomentando el respeto y el afecto con compañeros y educadoras.",https://analisi.transparenciacatalunya.cat/Educaci-/Directori-de-centres-docents-anual-Base-2020/kvmv-ahh4,
Llar d'Infants Petit Sant Marc,llar-dinfants-petit-sant-marc-barcelona,guarderia,privado,"Carrer del Bruc, 87, Principal 2ª",08009,la Dreta de l'Eixample,barcelona,Barcelona,692199270,petitsantmarc77@gmail.com,https://www.llardinfantspetitsantmarc.com/,0,36,,comedor;cocina-propia;horario-ampliado;ingles;psicomotricidad;musica,"Llar d'Infants Petit Sant Marc es un centro autorizado por el Departament d'Ensenyament de la Generalitat de Catalunya, fundado en 1977 y ubicado en el Eixample de Barcelona. Atiende a niños de 0 a 3 años con cocina propia, horario ampliado y sesiones de inglés, psicomotricidad y música.",https://analisi.transparenciacatalunya.cat/Educaci-/Directori-de-centres-docents-anual-Base-2020/kvmv-ahh4,
Llar d'Infants Esclop,llar-dinfants-esclop-barcelona,guarderia,concertado,"Passeig de Sant Joan, 31, pral 1ª",08010,l'Eixample Dret,barcelona,Barcelona,932655255,,https://www.lesclop.com/,0,36,,horario-ampliado;ingles,"Llar d'Infants Esclop es un centro concertado y laico ubicado en l'Eixample Dret de Barcelona, en el Passeig de Sant Joan. Forma parte de un conjunto educativo junto al Parvulari l'Esclop, vinculado a Jesuïtes Casp - Sagrat Cor de Jesús. Ofrece horario ampliado de 8:00 a 18:00 y clases de inglés.",https://analisi.transparenciacatalunya.cat/Educaci-/Directori-de-centres-docents-anual-Base-2020/kvmv-ahh4,
Llar d'Infants Niu de les Corts-II,llar-dinfants-niu-de-les-corts-ii-barcelona,guarderia,privado,"Carrer del Taquígraf Garriga, 80-88",08028,,barcelona,Barcelona,934195278,niudelescorts@niudelescorts.com,http://www.niudelescorts.com,0,36,,bilingue,"Llar d'Infants Niu de les Corts II es un centro privado de educación infantil (0-3 años) ubicado en el distrito de Les Corts, Barcelona. Ofrece programas bilingües en catalán/inglés y castellano/inglés, y cuenta con acceso adaptado para personas con discapacidad física. Es una entidad distinta de 'Llar d'Infants Les Corts', otro centro con dirección y código propios.",https://analisi.transparenciacatalunya.cat/Educaci-/Directori-de-centres-docents-anual-Base-2020/kvmv-ahh4,
Llar d'Infants Gaudí-Guinardó,llar-dinfants-gaudi-guinardo-barcelona,guarderia,privado,"Carrer de Castillejos, 365",08025,,barcelona,Barcelona,934560953,a8065871@xtec.cat,http://www.infantsgaudi.com,0,36,,comedor;psicomotricidad;musica;patio-exterior;orientacion-pedagogica;escuela-de-padres,"Llar d'Infants Gaudí-Guinardó es un centro privado de educación infantil (0-3 años) abierto en el año 2000, ubicado en el distrito de Horta-Guinardó, Barcelona, cerca del Hospital de Sant Pau. Dispone de cinco aulas, comedor adaptado, sala de psicomotricidad y patio exterior soleado, además de un programa de escuela de padres. Es accesible para personas con discapacidad física.",https://analisi.transparenciacatalunya.cat/Educaci-/Directori-de-centres-docents-anual-Base-2020/kvmv-ahh4,
Llar d'Infants Guinyolet,llar-dinfants-guinyolet-barcelona,guarderia,privado,"Passatge d'Aloi, 8",08041,Navas,barcelona,Barcelona,934556240,info@guinyolet.es,https://www.guinyolet.es/,0,36,,comedor;ingles;patio-exterior;horario-ampliado,"Llar d'Infants Guinyolet es un centro privado autorizado por el Departament d'Ensenyament de la Generalitat de Catalunya, ubicado en el barrio de Navas, distrito de Sant Andreu, Barcelona. Atiende a niños de 0 a 3 años en una casa de 300 m² con patios soleados, servicio de menjador y presencia de hablante nativo de inglés en el aula. Horario de 8:00 a 18:00 h, de lunes a viernes.",https://analisi.transparenciacatalunya.cat/Educaci-/Directori-de-centres-docents-anual-Base-2020/kvmv-ahh4,
Llar d'Infants Petit Laia,llar-dinfants-petit-laia-barcelona,guarderia,privado,"Carrer de Neopàtria, 119",08030,,barcelona,Barcelona,933111351,llarpetitlaia@gmail.com,https://www.llarpetitlaia.com/,0,36,,comedor;cocina-propia;horario-ampliado,"Llar d'Infants Petit Laia es un centro privado de primer ciclo de educación infantil (0-3 años) autorizado por el Departament d'Ensenyament, ubicado en el distrito de Sant Andreu, Barcelona. Ofrece continuidad educativa con la Escola Laia, cocina propia para el servicio de comedor, y horario ampliado de 7:30 a 9:00 y de 17:00 a 18:00.",https://analisi.transparenciacatalunya.cat/Educaci-/Directori-de-centres-docents-anual-Base-2020/kvmv-ahh4,
Escola Infantil Kuky's,llar-dinfants-kukys-barcelona,guarderia,privado,"Plaça de Garrigó, 1-3",08016,Vilapicina i la Torre Llobeta,barcelona,Barcelona,933512607,escolakukys@hotmail.com,https://escolainfantilkukys.com/,4,36,,horario-ampliado,"Escola Infantil Kuky's es un centro privado de educación infantil ubicado en el distrito de Nou Barris, Barcelona, que atiende a niños de 4 meses a 3 años. El horario habitual es de 9:00 a 17:00, con servicio de comedor y siesta de 12:00 a 15:00, y opción de horario ampliado de 8:00 a 9:00 y de 17:00 a 18:30.",https://analisi.transparenciacatalunya.cat/Educaci-/Directori-de-centres-docents-anual-Base-2020/kvmv-ahh4,
Llar d'Infants Acuarella Melcior,llar-dinfants-acuarella-melcior-barcelona,guarderia,privado,"Carrer de Melcior de Palau, 131",08014,Sants,barcelona,Barcelona,931854088,melcior@acuarella.eu,https://www.acuarella.eu/es/las-guarderias/acuarella-melcior/,0,36,,comedor;cocina-propia;patio-exterior,"Llar d'infants privada situada en el barrio de Sants, ubicada en un edificio catalogado de la antigua fábrica textil Géneros de Punto Farrés (1920, rehabilitado en 2007). Atiende a niños de 0 a 3 años organizados en tres grupos de edad, desde su apertura en 2011. Dispone de cocina propia con menús supervisados por nutricionista y espacios exteriores. Centro homologado por la Generalitat de Catalunya.",https://analisi.transparenciacatalunya.cat/Educaci-/Directori-de-centres-docents-anual-Base-2020/kvmv-ahh4,
Llar d'Infants Drac Xic,llar-dinfants-drac-xic-barcelona,guarderia,privado,"Passatge d'Alió, 38",08037,Camp d'en Grassot i Gràcia Nova,barcelona,Barcelona,934583844,a8050776@xtec.cat,http://www.dracxic.es,0,36,,cocina-propia,"Llar d'infants privada situada en el Passatge d'Alió, en el barrio de Camp d'en Grassot i Gràcia Nova (Gràcia), Barcelona. Atiende a niños de 0 a 3 años, con horario de lunes a viernes de 7:30 a 18:00/18:30h. Dispone de cocina propia. Según directorios educativos, ofrece actividades de psicomotricidad, música e inglés, aunque estos servicios no se han podido confirmar directamente en su web oficial.",https://analisi.transparenciacatalunya.cat/Educaci-/Directori-de-centres-docents-anual-Base-2020/kvmv-ahh4,
Llar d'Infants Lua - Cascavell,llar-dinfants-lua-cascavell-barcelona,guarderia,privado,"Carrer del Taquígraf Garriga, 166",08029,,barcelona,Barcelona,934305242,info@luacascavell.com,,4,36,,,"Llar d'infants privada situada en el distrito de Les Corts, Barcelona, con más de 40 años de actividad. Atiende a niños de 4 meses a 3 años con una metodología propia estructurada en unidades didácticas basadas en el juego, la experimentación, el descubrimiento y el lenguaje. Abierto todo el año, incluido agosto.",https://analisi.transparenciacatalunya.cat/Educaci-/Directori-de-centres-docents-anual-Base-2020/kvmv-ahh4,
Llar d'Infants Els Gegants,llar-dinfants-els-gegants-barcelona,guarderia,privado,"Passeig Zona Franca, 168",08038,la Marina de Port,barcelona,Barcelona,932964818,gegants.mireia@gmail.com,https://elsgegants.cat/,0,36,,cocina-propia;patio-exterior,"Llar d'infants privada en el barrio de la Marina de Port (Sants-Montjuïc), en funcionamiento desde 1996. Atiende a niños de 0 a 3 años, con un proyecto educativo centrado en el acompañamiento del crecimiento y la integración de las familias. Cuenta con cocina propia y espacios exteriores. Accesible para personas con movilidad reducida.",https://analisi.transparenciacatalunya.cat/Educaci-/Directori-de-centres-docents-anual-Base-2020/kvmv-ahh4,
Llar d'Infants Kasperle,llar-dinfants-kasperle-barcelona,guarderia,privado,"Carrer Gran de Gràcia, 97, entlo.",08012,la Vila de Gràcia,barcelona,Barcelona,932370572,marta.kasperle@gmail.com,http://www.llardinfantskasperle.com,0,36,,cocina-propia;patio-exterior;psicomotricidad;musica,"Llar d'infants privada autorizada por la Generalitat de Catalunya, situada en el barrio de la Vila de Gràcia, Barcelona, con más de 35 años de actividad. Atiende a niños de 0 a 3 años distribuidos en tres grupos. Dispone de tres aulas, una terraza soleada de 80 m², cocina propia, clases de música y psicomotricidad, y talleres para familias. Abierto todo el año, de 7:45 a 19:00h de lunes a viernes.",https://analisi.transparenciacatalunya.cat/Educaci-/Directori-de-centres-docents-anual-Base-2020/kvmv-ahh4,
Llar d'Infants Nostra Senyora,llar-dinfants-nostra-senyora-barcelona,guarderia,privado,"Carrer d'Iradier, 8",08017,Sant Gervasi - la Bonanova,barcelona,Barcelona,934180930,parvulari.ns@gmail.com,https://www.nostrasenyora.com/es,3,36,,comedor;cocina-propia;horario-ampliado;ingles;orientacion-pedagogica,"Parvulari privado fundado en 1962 por la educadora Meri Rutllant, situado en el barrio de Sant Gervasi - la Bonanova (Sarrià-Sant Gervasi), Barcelona. Atiende a niños desde los 3 meses, con un enfoque pedagógico que combina elementos Montessori y Reggio Emilia. Ofrece servicio de comedor con cocina propia, horario ampliado, asistencia flexible por días y apoyo psicopedagógico. No debe confundirse con 'Escola Pia de Nostra Senyora', un colegio distinto en el Eixample.",https://analisi.transparenciacatalunya.cat/Educaci-/Directori-de-centres-docents-anual-Base-2020/kvmv-ahh4,
Llar d'Infants Nins-Nena Cases,llar-dinfants-nins-nena-cases-barcelona,guarderia,privado,"Carrer de la Nena Casas, 36",08017,Les Tres Torres,barcelona,Barcelona,932045589,ana@ninsnenacasas.com,https://ninsnenacasas.com/,4,24,,comedor;ingles;musica;patio-exterior;psicomotricidad;orientacion-pedagogica,"Escuela infantil privada situada en el barrio de Les Tres Torres (Sarrià-Sant Gervasi), Barcelona. Atiende a niños desde los 4 meses hasta los 2 años, distribuidos en tres niveles. Ofrece comedor con menú elaborado por nutricionista, iniciación al inglés, canciones y juegos rítmicos, juego al aire libre y orientación a las familias. Horario de lunes a viernes, de 8:00 a 17:30h (invierno) o 17:00h (verano); cerrado en agosto.",https://analisi.transparenciacatalunya.cat/Educaci-/Directori-de-centres-docents-anual-Base-2020/kvmv-ahh4,
Llar d'Infants Rialla,llar-dinfants-rialla-barcelona,guarderia,privado,"Carrer de Mata, 4",08004,Poble Sec,barcelona,Barcelona,934417023,adamasbcn@yahoo.es,https://www.rialla.es/ca/,0,36,,cocina-propia;horario-ampliado;bilingue,"Llar d'Infants Rialla es un centro privado de educación infantil (0-3 años) ubicado en la Carrer de Mata, 4, en el barrio de Poble Sec, Barcelona. Cuenta con más de 20 años de trayectoria en el barrio, cocina propia y horario de 7:00 a 18:00 h de lunes a viernes. Es una entidad distinta de 'Rialles', otra organización con nombre similar en Badalona y Sarrià-Sant Gervasi.",https://analisi.transparenciacatalunya.cat/Educaci-/Directori-de-centres-docents-anual-Base-2020/kvmv-ahh4,
Llar d'Infants Maria Reina,llar-dinfants-maria-reina-barcelona,guarderia,privado,"Carrer Llull, 10-14",08005,la Vila Olímpica del Poblenou,barcelona,Barcelona,932211982,,https://www.escolamariareina.com/,0,36,,,"Maria Reina Escola Infantil es un centro privado de educación infantil (0-3 años) situado en la Carrer Llull, 10-14, junto al Parc de la Ciutadella, en el distrito de Sant Martí, Barcelona. Fundado en 1983, lleva más de 40 años en funcionamiento y está autorizado por el Departament d'Educació de la Generalitat de Catalunya.",https://analisi.transparenciacatalunya.cat/Educaci-/Directori-de-centres-docents-anual-Base-2020/kvmv-ahh4,
Escola d'Educació Infantil FEP Petit Santa Maria,escola-fep-petit-santa-maria-barcelona,guarderia,privado,"Carrer Concili de Trento, 293-299",,la Verneda i la Pau,barcelona,Barcelona,933136840,a8051719@xtec.cat,http://www.elpetitsantamaria.org,4,72,,actividades-extraescolares,"Escola d'Educació Infantil FEP Petit Santa Maria es un centro de titularidad privada perteneciente a la Fundació Escoles Parroquials (FEP), ubicado en la Carrer Concili de Trento, 293-299, barrio de la Verneda i la Pau, distrito de Sant Martí, Barcelona. Ofrece llar d'infants (0-3 años) e infantil de segundo ciclo (3-6 años), con actividades extraescolares a partir de las 17h.",https://analisi.transparenciacatalunya.cat/Educaci-/Directori-de-centres-docents-anual-Base-2020/kvmv-ahh4,
Llar d'Infants El Camí Feliç Turó Parc,llar-dinfants-el-cami-felic-turo-parc-barcelona,guarderia,privado,"Carrer de Bori i Fontestà, 23-25",08021,Sant Gervasi - Galvany,barcelona,Barcelona,932099991,turopark@escuelashappyway.com,https://www.escuelashappyway.com/en/happy-way-turo-park,0,36,,cocina-propia;comedor;ingles;patio-exterior,"Llar d'Infants El Camí Feliç Turó Parc, comercialmente conocida como Happy Way Turó Park, es un centro privado de educación infantil situado en la Carrer de Bori i Fontestà, 23-25 (entrada por Plaça de Wagner), en el barrio de Sant Gervasi-Galvany, distrito de Sarrià-Sant Gervasi, Barcelona. Dispone de cocina propia, patio exterior y clases de inglés. Es una sede física distinta de las otras sedes de la red Happy Way / El Camí Feliç en Poble Nou y Les Corts.",https://analisi.transparenciacatalunya.cat/Educaci-/Directori-de-centres-docents-anual-Base-2020/kvmv-ahh4,
Llar d'Infants Brusi,llar-dinfants-brusi-barcelona,guarderia,privado,"Carrer de Brusi, 39, Local 61-66",08006,Sant Gervasi,barcelona,Barcelona,932093145,brusillardinfants@gmail.com,https://brusillardinfants.com/wp/,4,36,,cocina-propia;horario-ampliado;patio-exterior,"Llar d'Infants Brusi es un centro privado y laico de educación infantil (4 meses a 3 años), con más de 30 años de trayectoria en el barrio de Sant Gervasi, distrito de Sarrià-Sant Gervasi, Barcelona. Está en la Carrer de Brusi, 39, local 61-66, y dispone de cocina propia y un patio exterior de 400 m², con horario de 7:00 a 18:00 h.",https://analisi.transparenciacatalunya.cat/Educaci-/Directori-de-centres-docents-anual-Base-2020/kvmv-ahh4,
Llar d'Infants El Cuquet,llar-dinfants-el-cuquet-barcelona,guarderia,privado,"Carrer Comte d'Urgell, 169",,la Nova Esquerra de l'Eixample,barcelona,Barcelona,934549572,a8052347@xtec.cat,http://www.elcuquet.com,4,36,,comedor;horario-ampliado;ingles;orientacion-pedagogica,"Llar d'Infants El Cuquet es una escuela catalana privada de educación infantil (4 meses a 3 años), con más de 35 años de trayectoria, situada en la Carrer Comte d'Urgell, 169, cerca del Hospital Clínic, en el distrito de l'Eixample, Barcelona. Ofrece servicio de comedor, horario ampliado, clases de inglés y asesoramiento psicopedagógico.",https://analisi.transparenciacatalunya.cat/Educaci-/Directori-de-centres-docents-anual-Base-2020/kvmv-ahh4,
Llar d'Infants Solcar,llar-dinfants-solcar-barcelona,guarderia,privado,"Carrer dels Agudells, 2",08032,la Font d'en Fargues,barcelona,Barcelona,645853401,solcar_llardinfants@hotmail.com,https://llarinfantsolcar.wixsite.com/llardinfantssolcar,4,36,,,"Llar d'Infants Solcar es un centro de educación infantil (4 meses a 3 años) autorizado por la Generalitat de Catalunya, ubicado en la Carrer dels Agudells, 2, en el barrio de la Font d'en Fargues, distrito de Horta-Guinardó, Barcelona. Presente en la zona del Carmel/Horta desde 1975.",https://analisi.transparenciacatalunya.cat/Educaci-/Directori-de-centres-docents-anual-Base-2020/kvmv-ahh4,
Llar d'Infants Blau,llar-dinfants-blau-barcelona,guarderia,privado,"Carrer d'Espronceda, 242-252",08018,,barcelona,Barcelona,933076804,llarblau@hotmail.com,https://llarblau.com/,0,36,,cocina-propia;horario-ampliado;ingles;patio-exterior;psicomotricidad;musica,"Llar d'Infants Blau es un centro privado de educación infantil (0-3 años) situado en la Carrer d'Espronceda, en el distrito de Sant Martí de Barcelona, con más de 40 años de trayectoria. Dispone de cocina propia, patio exterior de más de 600 m², horario ampliado de 7:15 a 19:00 e introducción al inglés en el programa diario. Es una entidad distinta de 'Llar d'Infants Molina Blau', otro centro en Nou Barris.",https://analisi.transparenciacatalunya.cat/Educaci-/Directori-de-centres-docents-anual-Base-2020/kvmv-ahh4,
Llar d'Infants Petits L'Heura,llar-dinfants-petits-lheura-barcelona,guarderia,privado,"Travessera de Gràcia, 314",08025,el Baix Guinardó,barcelona,Barcelona,932071601,petits@lheura.cat,https://www.petitslheura.es/,4,36,,cocina-propia;comedor;bilingue;horario-ampliado,"Petits L'Heura es una escuela infantil privada bilingüe situada en la Travessera de Gràcia, 314, en el barrio de Baix Guinardó, distrito de Horta-Guinardó, Barcelona. Atiende a niños de 4 meses a 3 años, cuenta con cocina propia para la elaboración de menús y horario de 7:30 a 19:30, de lunes a viernes.",https://analisi.transparenciacatalunya.cat/Educaci-/Directori-de-centres-docents-anual-Base-2020/kvmv-ahh4,
Llar d'Infants Olorien Pumby,llar-dinfants-olorien-pumby-barcelona,guarderia,privado,"Carrer de Valladolid, 20",08014,Sants,barcelona,Barcelona,936324657,a8048587@xtec.cat,https://olorien.es/,4,36,,,"Olorien Pumby es una de las sedes de la red Olorien, centro privado de educación infantil (0-3 años) situado en la Carrer de Valladolid, 20, en el barrio de Sants, distrito de Sants-Montjuïc, Barcelona. Autorizado por el Departament d'Educació de la Generalitat de Catalunya, atiende a niños de 4 meses a 3 años.",https://analisi.transparenciacatalunya.cat/Educaci-/Directori-de-centres-docents-anual-Base-2020/kvmv-ahh4,
Llar d'infants Flors de Maig,llar-dinfants-flors-de-maig-barcelona,guarderia,privado,"Rambla Volart, 79",,el Guinardó,barcelona,Barcelona,934368827,info@florsdemaig.com,http://www.florsdemaig.com/,0,36,,,"Flors de Maig es una escuela infantil privada situada en la Rambla Volart, 79, en el barrio de Guinardó, distrito de Horta-Guinardó de Barcelona. Atiende a niños de 0 a 3 años como centro de primer ciclo de educación infantil.",https://analisi.transparenciacatalunya.cat/Educaci-/Directori-de-centres-docents-anual-Base-2020/kvmv-ahh4,
Llar d'Infants Calimero d'Horta,llar-dinfants-calimero-dhorta-barcelona,guarderia,concertado,"Carrer del Marquès de Foronda, 35",08032,la Font d'en Fargues,barcelona,Barcelona,934207133,a.pedagogica.calimero@gmail.com,https://llarcalimero.blogspot.com/,0,36,,ingles,"Llar d'Infants Calimero d'Horta es un centro de educación infantil subvencionado por la Generalitat de Catalunya y la Diputació de Barcelona, situado en la Carrer del Marquès de Foronda, 35, en el barrio de la Font d'en Fargues, distrito de Horta-Guinardó. Atiende a niños de 0 a 3 años con más de 35 años de trayectoria en el barrio de Horta, e incluye actividades en inglés.",https://analisi.transparenciacatalunya.cat/Educaci-/Directori-de-centres-docents-anual-Base-2020/kvmv-ahh4,
Llar d'Infants L'Acis,llar-dinfants-lacis-barcelona,guarderia,concertado,"Carrer de Miquel dels Sants Oliver, 4",08024,Can Baró,barcelona,Barcelona,932844635,acisllar@gmail.com,https://www.acisarturmartorell.cat/,0,36,,,"Llar d'Infants L'Acis es el ciclo de educación infantil (0-3 años) de l'escola ACIS-Artur Martorell, gestionado por la Fundació Pia Autònoma Agrupació Cultural i Social, situado en la Carrer de Miquel dels Sants Oliver, 4, en el barrio de Can Baró, distrito de Horta-Guinardó, Barcelona. Forma parte de un proyecto educativo con continuidad desde la llar d'infants hasta 4º de ESO.",https://analisi.transparenciacatalunya.cat/Educaci-/Directori-de-centres-docents-anual-Base-2020/kvmv-ahh4,
Escola Infantil Begònia,escola-infantil-begonia-barcelona,guarderia,privado,"Carrer d'Entença, 188",08029,la Nova Esquerra de l'Eixample,barcelona,Barcelona,933229605,escola@escolabegonia.cat,http://www.escolabegonia.cat,4,36,,comedor;cocina-propia;horario-ampliado;orientacion-pedagogica;verano-campamentos,"Escola Infantil Begònia es un centro privado de educación infantil fundado en 1970, situado en la Carrer d'Entença, 188, en el barrio de la Nova Esquerra de l'Eixample, distrito de l'Eixample, Barcelona. Atiende a niños de 4 meses a 3 años, con cocina propia, horario de acogida desde las 7:30h hasta las 18:00h, servicio psicopedagógico y campamento de verano en julio.",https://analisi.transparenciacatalunya.cat/Educaci-/Directori-de-centres-docents-anual-Base-2020/kvmv-ahh4,
Escuela Infantil Nemomarlin Gràcia,escuela-infantil-nemomarlin-gracia-barcelona,guarderia,privado,"Carrer Gran de Gràcia, 221",08012,la Vila de Gràcia,barcelona,Barcelona,633831083,gracia@escuelanemomarlin.com,https://www.escuelanemomarlin.com/escuelas/escuela-infantil-gracia/,0,36,,cocina-propia;bilingue;ingles;patio-exterior;psicomotricidad;verano-campamentos;orientacion-pedagogica,"Escuela Infantil Nemomarlin Gràcia es una sede de la red Nemomarlin, situada en la Carrer Gran de Gràcia, 221, en el barrio de la Vila de Gràcia, distrito de Gràcia, Barcelona. Cuenta con 4 aulas, sala de psicomotricidad y patio exterior de más de 100 m². Ofrece proyecto trilingüe (castellano-catalán-inglés) y cocina propia con menús supervisados por nutricionistas. Es una sede física distinta de otras sedes de la red Nemomarlin en Barcelona.",https://analisi.transparenciacatalunya.cat/Educaci-/Directori-de-centres-docents-anual-Base-2020/kvmv-ahh4,
Llar d'Infants La Pau 3 Marina,llar-dinfants-la-pau-3-marina-barcelona,guarderia,privado,"Carrer de la Mare de Déu de Port, 353",08038,la Marina de Port,barcelona,Barcelona,933322678,llarlapau@hotmail.com,https://escolabressollapau.cat/,0,36,,,"Llar d'Infants La Pau 3 Marina es un centro privado ubicado en la Carrer de la Mare de Déu de Port, 353, en el barrio de la Marina de Port, distrito de Sants-Montjuïc, Barcelona. Forma parte de la red Escola Bressol La Pau, con varios centros en el área de Barcelona, y atiende a niños de 0 a 3 años desde 1989.",https://analisi.transparenciacatalunya.cat/Educaci-/Directori-de-centres-docents-anual-Base-2020/kvmv-ahh4,
Llar d'infants Pas a Pas del Guinardó,llar-dinfants-pas-a-pas-del-guinardo-barcelona,guarderia,privado,"Ronda del Guinardó, 65",08024,el Baix Guinardó,barcelona,Barcelona,934509848,escolainfantilpasapas@gmail.com,https://www.escolainfantilpasapas.cat/,0,36,,comedor;horario-ampliado;bilingue;ingles;musica;orientacion-pedagogica,"Escola infantil privada situada en la Ronda del Guinardó, 65, en el barrio del Baix Guinardó, distrito de Horta-Guinardó, Barcelona. Atiende a niños de 0 a 3 años desde hace casi 20 años. Ofrece servicio de comedor, horario ampliado y un programa multilingüe con inglés, con una pedagoga propia y apoyo de telemedicina pediátrica.",https://analisi.transparenciacatalunya.cat/Educaci-/Directori-de-centres-docents-anual-Base-2020/kvmv-ahh4,
Llar d'infants Petit Kinder,llar-dinfants-petit-kinder-barcelona,guarderia,privado,"Avinguda de la República Argentina, 1A",08023,el Putxet i el Farró,barcelona,Barcelona,696921632,info@petitkinder.eu,http://www.petitkinder.eu,0,36,,patio-exterior,"Llar d'infants privada situada en la Avinguda de la República Argentina, 1A, en el barrio del Putxet i el Farró, distrito de Sarrià-Sant Gervasi, Barcelona. Cuenta con patio exterior de más de 300 m² y aulas multifuncionales. Abierta de lunes a viernes, de 8:00 a 18:00 h.",https://analisi.transparenciacatalunya.cat/Educaci-/Directori-de-centres-docents-anual-Base-2020/kvmv-ahh4,
Llar d'Infants Petits,llar-dinfants-petits-barcelona,guarderia,privado,"Carrer de Bailèn, 108",08009,la Dreta de l'Eixample,barcelona,Barcelona,667626534,info@escolabressolpetits.com,https://escolabressolpetits.com/,0,36,,bilingue;ingles;verano-campamentos,"Llar d'infants privada situada en la Carrer de Bailèn, 108, en el barrio de la Dreta de l'Eixample, Barcelona. Es una de las dos sedes de la red Escola Bressol Petits (la otra es Petits Bruc), en funcionamiento desde 2013, con modelo bilingüe catalán-inglés y casals de verano.",https://analisi.transparenciacatalunya.cat/Educaci-/Directori-de-centres-docents-anual-Base-2020/kvmv-ahh4,
Llar d'infants Petit Món,llar-dinfants-petit-mon-nou-barris-barcelona,guarderia,privado,"Carrer de Cartellà, 50-56",08031,,barcelona,Barcelona,933580500,info@escolainfantilelpetitmon.es,http://www.escolainfantilelpetitmon.es/,0,36,,ingles;musica,"Escola bressol privada situada en la Carrer de Cartellà, 50-56, en el distrito de Nou Barris, Barcelona. Autorizada por el Departament d'Educació de la Generalitat de Catalunya, con más de 30 años de experiencia atendiendo a niños de 0 a 3 años y especialistas en teatro-música e inglés. Es una entidad distinta de 'Llar d'Infants Petit Món de Les Corts', otro centro en el distrito de Les Corts.",https://analisi.transparenciacatalunya.cat/Educaci-/Directori-de-centres-docents-anual-Base-2020/kvmv-ahh4,
Llar d'infants Petits Bruc,llar-dinfants-petits-bruc-barcelona,guarderia,privado,"Carrer del Bruc, 65",08009,la Dreta de l'Eixample,barcelona,Barcelona,930025513,info@escolabressolpetits.com,https://escolabressolpetits.com/,0,36,,bilingue;ingles;verano-campamentos,"Llar d'infants privada situada en la Carrer del Bruc, 65, en el barrio de la Dreta de l'Eixample, Barcelona. Segunda sede de la red Escola Bressol Petits, autorizada por el Departament d'Educació para el primer ciclo de educación infantil, con modelo bilingüe catalán-inglés.",https://analisi.transparenciacatalunya.cat/Educaci-/Directori-de-centres-docents-anual-Base-2020/kvmv-ahh4,
Escola Bressol El Ginjoler-Fundació Pere Tarrés,escola-bressol-el-ginjoler-pere-tarres-barcelona,guarderia,privado,"Carrer d'Arimon, 17",08022,Sant Gervasi,barcelona,Barcelona,932123998,,https://www.peretarres.org/escolabressolelginjoler,0,36,,cocina-propia;patio-exterior;orientacion-pedagogica,"Escola bressol situada en la Carrer d'Arimon, 17, en el barrio de Sant Gervasi, cerca del Parc de Monterols, Barcelona. Es la primera escola bressol propia de la Fundació Pere Tarrés, con cocina propia y menús elaborados por nutricionistas, y un jardín amplio para el juego al aire libre.",https://analisi.transparenciacatalunya.cat/Educaci-/Directori-de-centres-docents-anual-Base-2020/kvmv-ahh4,
Llar d'Infants Els Xumets de la Víbria,llar-dinfants-els-xumets-de-la-vibria-barcelona,guarderia,privado,"Carrer del Doctor Trueta, 222",08005,el Poblenou,barcelona,Barcelona,932527948,,https://elsxumetsdelavibria.com/,4,36,,cocina-propia;psicomotricidad;musica;bilingue;ingles,"Llar d'infants privada situada en la Carrer del Doctor Trueta, 222, en el barrio del Poblenou, Barcelona. Creada en septiembre de 2014, atiende a niños de 4 meses a 3 años con un modelo trilingüe (catalán, castellano e inglés), cocina propia con menús elaborados con productos de proximidad, y programa de psicomotricidad y música. Es una entidad distinta de 'Llar d'Infants Xumets', otro centro en el barrio de Marina de Port.",https://analisi.transparenciacatalunya.cat/Educaci-/Directori-de-centres-docents-anual-Base-2020/kvmv-ahh4,
Escola Bressol Olorien St. Martí,escola-bressol-olorien-st-marti-barcelona,guarderia,privado,"Carrer de Bilbao, 187",08018,,barcelona,Barcelona,936674617,,https://olorien.es/,0,36,,patio-exterior,"Escola Bressol Olorien St. Martí es una de las sedes de la red Olorien, situada en la Carrer de Bilbao, 187, en el distrito de Sant Martí, Barcelona. Atiende a niños en edad de educación infantil (0-3 años) y dispone de patio propio. Es una sede física distinta de Olorien Les Corts y Olorien Pumby, las otras sedes de la misma red en Barcelona.",https://analisi.transparenciacatalunya.cat/Educaci-/Directori-de-centres-docents-anual-Base-2020/kvmv-ahh4,
Llar d'Infants Serralada II,llar-dinfants-serralada-ii-barcelona,guarderia,privado,"Carrer de València, 706-708",08018,el Clot,barcelona,Barcelona,932660078,secretaria@serralada.net,http://serralada.net/,0,36,,comedor;cocina-propia;horario-ampliado;ingles;psicomotricidad;musica;verano-campamentos,"Llar d'Infants Serralada II es un centro privado autorizado por el Departament d'Educació, situado en la Carrer de València, 706-708, en el barrio de el Clot, distrito de Sant Martí, Barcelona. Ofrece educación infantil de 0 a 3 años, con cocina propia, horario ampliado de 7:00 a 19:00h, clases de inglés y psicomotricidad, y programación de actividades de verano.",https://analisi.transparenciacatalunya.cat/Educaci-/Directori-de-centres-docents-anual-Base-2020/kvmv-ahh4,
Llar d'Infants La Gavina II (Marc Aureli),llar-dinfants-la-gavina-ii-marc-aureli-barcelona,guarderia,privado,"Carrer de Marc Aureli, 22-32",08006,Sant Gervasi - Galvany,barcelona,Barcelona,931184333,la_gavina@hotmail.com,https://lagavinaescola.com/en/,4,36,,cocina-propia;horario-ampliado;ingles,"Llar d'Infants La Gavina II (Marc Aureli) es la segunda sede de la escuela infantil privada La Gavina, abierta en 2014 en la Carrer de Marc Aureli, 22-32, barrio de Sant Gervasi-Galvany, distrito de Sarrià-Sant Gervasi, Barcelona. Atiende a niños de 4 meses a 3 años, con cocina propia, curso de inglés y horario ampliado de mañana y tarde. Es una sede distinta tanto de 'La Gavina *Laforja' (misma marca, otra dirección) como de 'La Gavina' pública de Sants-Montjuïc.",https://analisi.transparenciacatalunya.cat/Educaci-/Directori-de-centres-docents-anual-Base-2020/kvmv-ahh4,
Llar d'infants Oikia,llar-dinfants-oikia-barcelona,guarderia,privado,"Passeig de Manuel Girona, 7",08034,Sarrià,barcelona,Barcelona,932037489,oikia4@gmail.com,https://llardinfants-oikia.cat/,4,36,,cocina-propia;patio-exterior;psicomotricidad,"Llar d'infants Oikia es un centro privado de educación infantil situado en el Passeig de Manuel Girona, 7, en el barrio de Sarrià, distrito de Sarrià-Sant Gervasi, Barcelona. Atiende a niños de 4 meses a 3 años en 200 m² distribuidos en cinco espacios, con patio soleado de 100 m², sala de psicomotricidad y cocina propia.",https://analisi.transparenciacatalunya.cat/Educaci-/Directori-de-centres-docents-anual-Base-2020/kvmv-ahh4,
Llar d'infants Sarrià (Parvulari Sarrià),llar-dinfants-sarria-barcelona,guarderia,privado,"Carrer d'Ifni, 8",08034,Sarrià,barcelona,Barcelona,932033899,info@parvularisarria.com,http://www.parvularisarria.com,7,36,,cocina-propia;horario-ampliado;ingles,"Llar d'Infants Sarrià, conocida comercialmente como Parvulari Sarrià, es un centro privado en funcionamiento desde 1980, situado en la Carrer d'Ifni, 8, barrio de Sarrià, distrito de Sarrià-Sant Gervasi, Barcelona. Atiende a niños de 7 meses a 3 años, en catalán y castellano, con introducción del inglés en el último curso, cocina propia y horario ampliado de 8:00 a 18:00h.",https://analisi.transparenciacatalunya.cat/Educaci-/Directori-de-centres-docents-anual-Base-2020/kvmv-ahh4,
Llar d'infants La Nau,llar-dinfants-la-nau-barcelona,guarderia,privado,"Carrer del Consell de Cent, 467-469",08013,el Fort Pienc,barcelona,Barcelona,938099370,info@lanaullardinfants.com,https://lanaullardinfants.com/,4,36,,comedor;horario-ampliado;patio-exterior,"Llar d'Infants La Nau es un centro de educación infantil situado en la Carrer del Consell de Cent, 467-469, en el barrio de el Fort Pienc, distrito de l'Eixample, Barcelona. Atiende a niños de 4 meses a 3 años, con horario lectivo de 9:00 a 17:00h (extendido de 8:00 a 18:00h), patio exterior de 188 m² con huerto urbano y servicio de comedor. Participa en el programa municipal Escoles+Sostenibles.",https://analisi.transparenciacatalunya.cat/Educaci-/Directori-de-centres-docents-anual-Base-2020/kvmv-ahh4,
Llar d'Infants Orfila-3,llar-dinfants-orfila-3-barcelona,guarderia,privado,"Passeig de Torras i Bages, 41-43",08030,,barcelona,Barcelona,933450205,llardinfantsorfila3@gmail.com,https://llardinfantsorfila3.com/,0,36,,,"Llar d'Infants Orfila-3 es un centro privado de educación infantil situado en el Passeig de Torras i Bages, 41-43, distrito de Sant Andreu, Barcelona. Abrió sus puertas en 2006 como continuación de las anteriores sedes Orfila y Orfila 2, con más de 40 años de trayectoria en el sector. Atiende a niños de 0 a 3 años, con equipo de maestros, educadores y auxiliares.",https://analisi.transparenciacatalunya.cat/Educaci-/Directori-de-centres-docents-anual-Base-2020/kvmv-ahh4,
Llar d'Infants Goi-Goi,llar-dinfants-goi-goi-barcelona,guarderia,privado,"Carrer del Consell de Cent, 405",08009,la Dreta de l'Eixample,barcelona,Barcelona,932652607,goi-goi@hotmail.es,https://www.llardinfantsgoigoi.com/,0,36,,comedor;cocina-propia;bilingue;ingles;horario-ampliado;patio-exterior;psicomotricidad;musica,"Llar d'Infants Goi-Goi es un centro privado de educación infantil creado en 1980, situado en la Carrer del Consell de Cent, 405, barrio de la Dreta de l'Eixample, distrito de l'Eixample, Barcelona. Atiende a niños de 0 a 3 años en tres grupos por edad, con cocina propia, enfoque bilingüe con inglés, patio exterior de más de 300 m², psicomotricidad, música y huerto escolar. Horario de 8:00 a 18:00h, cerrado en agosto.",https://analisi.transparenciacatalunya.cat/Educaci-/Directori-de-centres-docents-anual-Base-2020/kvmv-ahh4,
Llar d'infants Bon Camí,llar-dinfants-bon-cami-barcelona,guarderia,privado,"Carrer Doctor Santponç, 58",08030,Sant Andreu de Palomar,barcelona,Barcelona,671369482,,https://boncami.es,0,36,,horario-ampliado;cocina-propia,"Llar d'infants privada situada en el barrio de Sant Andreu de Palomar, Barcelona. Ofrece cocina propia con menús diarios, actividades acuáticas semanales con monitores especializados y horario ampliado de 8:00 a 17:00. Comunicación con las familias mediante agenda digital.",https://analisi.transparenciacatalunya.cat/Educaci-/Directori-de-centres-docents-anual-Base-2020/kvmv-ahh4,
Llar d'Infants El Camí Feliç Sant Gervasi,llar-dinfants-el-cami-felic-sant-gervasi-barcelona,guarderia,privado,"Carrer del Císter, 8",08022,,barcelona,Barcelona,932113800,,https://www.escuelashappyway.com,0,36,,cocina-propia;bilingue;ingles;verano-campamentos;psicomotricidad,"Escuela infantil de la red Happy Way / El Camí Feliç en el distrito de Sarrià-Sant Gervasi, Barcelona. Ofrece proyecto educativo plurilingüe, cocina propia y actividades de estimulación para niños de 0 a 3 años. Es una sede física propia y distinta de las demás sedes de la red en Barcelona.",https://analisi.transparenciacatalunya.cat/Educaci-/Directori-de-centres-docents-anual-Base-2020/kvmv-ahh4,
Llar d'infants La Granota,llar-dinfants-la-granota-barcelona,guarderia,privado,"Carrer de València, 500",08013,la Sagrada Família,barcelona,Barcelona,932451029,granota@granota.cat,https://www.granota.cat,0,36,,cocina-propia;patio-exterior,"Llar d'infants privada fundada en 1979 en el barrio de la Sagrada Família, Eixample, Barcelona. Cuenta con 400 m² de aulas y más de 600 m² de patios, cocina propia con menús diarios y pedagogía activa y globalizada para niños de 0 a 3 años.",https://analisi.transparenciacatalunya.cat/Educaci-/Directori-de-centres-docents-anual-Base-2020/kvmv-ahh4,
Llar d'Infants La Ciutat del Nadó,llar-dinfants-la-ciutat-del-nado-barcelona,guarderia,privado,"Passeig del Taulat, 223",,Diagonal Mar i el Front Marítim del Poblenou,barcelona,Barcelona,933006118,,http://www.babytown.info,4,36,,comedor;bilingue;ingles,"Llar d'Infants La Ciutat del Nadó, comercialmente conocida como Baby Town, es un centro privado autorizado situado en el barrio de Diagonal Mar i el Front Marítim del Poblenou, distrito de Sant Martí, Barcelona. Ofrece programa trilingüe (catalán, castellano, inglés) para niños de 4 meses a 3 años, con servicio de comedor y accesibilidad para personas con movilidad reducida.",https://analisi.transparenciacatalunya.cat/Educaci-/Directori-de-centres-docents-anual-Base-2020/kvmv-ahh4,
Llar d'Infants Petit Aloma,llar-dinfants-petit-aloma-barcelona,guarderia,privado,"Carrer Torrent de Can Piquer, 21",08016,Porta,barcelona,Barcelona,933524282,contacte@escola-aloma.com,http://www.escola-aloma.com,4,36,,comedor;cocina-propia;horario-ampliado;ingles;psicomotricidad,"Llar d'infants privada en el barrio de Porta, distrito de Nou Barris, Barcelona, gestionada por l'Associació Santapau per a l'Educació de la Infància desde 1973. Ofrece cocina propia con menús supervisados, atención pediátrica y de enfermería, sala de psicomotricidad y programa de inglés, para niños de 4 meses a 3 años, en horario de 7:00 a 19:00.",https://analisi.transparenciacatalunya.cat/Educaci-/Directori-de-centres-docents-anual-Base-2020/kvmv-ahh4,
Escola Bressol Nemomarlin Turó Park,escola-bressol-nemomarlin-turo-park-barcelona,guarderia,privado,"Carrer de Johann Sebastian Bach, 12",08021,Sant Gervasi - Galvany,barcelona,Barcelona,932009821,turopark@escuelanemomarlin.com,https://www.escuelanemomarlin.com,0,36,,cocina-propia;bilingue;ingles;psicomotricidad;verano-campamentos,"Escuela infantil de la red Nemomarlin situada en el barrio de Sant Gervasi - Galvany, distrito de Sarrià-Sant Gervasi, Barcelona. Ofrece enseñanza bilingüe, cocina propia con menús supervisados por dietistas y sistema de seguimiento para las familias, para niños de 0 a 3 años. Es una sede física propia y distinta de otras sedes Nemomarlin en Barcelona.",https://analisi.transparenciacatalunya.cat/Educaci-/Directori-de-centres-docents-anual-Base-2020/kvmv-ahh4,
Escola Bressol El Camí Feliç ZAL Port,escola-bressol-el-cami-felic-zal-port-barcelona,guarderia,privado,"Avinguda dels Ports d'Europa, 90",08040,la Marina del Prat Vermell,barcelona,Barcelona,655105565,zalport@escuelashappyway.com,https://www.escuelashappyway.com,0,36,,,"Escuela infantil de la red Happy Way / El Camí Feliç situada en el barrio de la Marina del Prat Vermell, dentro del recinto ZAL Port del Puerto de Barcelona, distrito de Sants-Montjuïc. Atiende a niños de 0 a 3 años, principalmente hijos de trabajadores del entorno logístico y portuario. Está confirmado que esta sede pertenece al municipio de Barcelona ciudad, distinta de otra sede homónima en El Prat de Llobregat.",https://analisi.transparenciacatalunya.cat/Educaci-/Directori-de-centres-docents-anual-Base-2020/kvmv-ahh4,
Escola Bressol Nemomarlin Passeig Maragall,escola-bressol-nemomarlin-passeig-maragall-barcelona,guarderia,privado,"Passeig de Maragall, 260-262",08031,,barcelona,Barcelona,934070969,maragall@escuelanemomarlin.com,https://www.escuelanemomarlin.com,4,36,,cocina-propia;bilingue;ingles;verano-campamentos,"Escuela infantil de la red Nemomarlin en el Passeig de Maragall, distrito de Nou Barris, Barcelona. Ofrece inmersión en inglés desde los 4 meses, cocina propia con menús supervisados por dietistas y sistema de seguimiento familiar, para niños de 0 a 3 años. Es una sede física propia y distinta de otras sedes Nemomarlin en Barcelona.",https://analisi.transparenciacatalunya.cat/Educaci-/Directori-de-centres-docents-anual-Base-2020/kvmv-ahh4,
Escola Bressol El Camí Feliç Arc de Triomf,escola-bressol-el-cami-felic-arc-de-triomf-barcelona,guarderia,privado,"Carrer Roger de Flor, 98",08013,,barcelona,Barcelona,695010894,arcdetriomf@escuelashappyway.com,https://www.escuelashappyway.com,0,36,,verano-campamentos,"Escuela infantil de la red Happy Way / El Camí Feliç situada cerca del Arc de Triomf, distrito de l'Eixample, Barcelona. Atiende a niños de 0 a 3 años dentro del proyecto educativo trilingüe de la red, con servicio de campamento de verano. Es una sede física propia y distinta de las demás sedes de la red en Barcelona.",https://analisi.transparenciacatalunya.cat/Educaci-/Directori-de-centres-docents-anual-Base-2020/kvmv-ahh4,
Llar d'Infants Petita de Gomis,llar-dinfants-petita-de-gomis-barcelona,guarderia,privado,"Carrer de Gomis, 24-28",08023,Vallcarca i els Penitents,barcelona,Barcelona,674005901,info@petitaescola.cat,https://petitaescola.cat,0,36,,bilingue;ingles;musica;psicomotricidad,"Llar d'infants privada gestionada por l'Associació Pedagògica Petita Escola, comercialmente conocida como Petita Escola, en el barrio de Vallcarca i els Penitents, distrito de Gràcia, Barcelona. Cuenta con especialistas en educación infantil, inglés, psicomotricidad y música para niños de 0 a 3 años, con enfoque en juego y aprendizaje activo.",https://analisi.transparenciacatalunya.cat/Educaci-/Directori-de-centres-docents-anual-Base-2020/kvmv-ahh4,
Llar d'infants Petit Lys,llar-dinfants-petit-lys-barcelona,guarderia,privado,"Carrer Puig-Reig, 9 i 13",08006,el Putxet i el Farró,barcelona,Barcelona,934175079,escolalys@escolalys.cat,https://www.escolalys.cat,0,36,,cocina-propia;musica;patio-exterior;orientacion-pedagogica,"Llar d'infants privada gestionada por Escola Lys SCCL, en el barrio de El Putxet i el Farró, distrito de Sarrià-Sant Gervasi, Barcelona. Creada en el curso 2015-16 como extensión de Escola Lys. Cuenta con patio de 500 m², cocina propia, profesor de música y apoyo psicopedagógico, para niños de 0 a 3 años, en horario de 7:30 a 19:00.",https://analisi.transparenciacatalunya.cat/Educaci-/Directori-de-centres-docents-anual-Base-2020/kvmv-ahh4,
Llar d'Infants Pam i Pipa de Gràcia,llar-dinfants-pam-i-pipa-gracia-barcelona,guarderia,privado,"Carrer Providència, 21",08024,la Vila de Gràcia,barcelona,Barcelona,932374836,gracia@escolapamipipa.cat,https://escolapamipipa.cat/gracia,4,36,,comedor;catering;horario-ampliado,"Llar d'infants privada de la red Pam i Pipa, situada en el barrio de la Vila de Gràcia, distrito de Gràcia, Barcelona. Sede propia y distinta de la sede de Rocafort (Eixample), aunque comparten la misma organización. Atiende a niños de 4 meses a 3 años en horario de 7:45 a 19:00, con servicio de comedor mediante catering.",https://analisi.transparenciacatalunya.cat/Educaci-/Directori-de-centres-docents-anual-Base-2020/kvmv-ahh4,