name,slug,type,ownership,street,postal_code,neighborhood,city_slug,city_name,phone,email,website,age_min_months,age_max_months,schedule,services,short_description,source_url,notes
Concilio,concilio-sevilla,guarderia,privado,"Plaza Juan XXIII, 1, Acc. A",41006,,sevilla,Sevilla,619524398,escuelainfantilconcilio@hotmail.com,,4,36,,,"Concilio atiende el primer ciclo de educación infantil (0-3 años) en Plaza Juan XXIII, 1, Acc. A, 41006, Sevilla. Es un centro adherido al Programa de Ayuda a las Familias de la Junta de Andalucía. Los servicios específicos del centro no están confirmados en fuente oficial; conviene solicitarlos directamente.",https://www.juntadeandalucia.es/datosabiertos/portal/dataset/centros-de-primer-ciclo-de-educacion-infantil-en-andalucia,
Gente Menuda,gente-menuda-sevilla,guarderia,privado,"Urb. Andalucía Residencial 2ª Fase, Bloque 1, Bajo A",41020,,sevilla,Sevilla,954404687,info@eigentemenuda.es,https://www.gentemenuda.es/,4,36,De 7:30 a 17:00 h.,comedor;bilingue;patio-exterior;uniformes,"Gente Menuda es un centro privado de educación infantil de primer ciclo en Urb. Andalucía Residencial 2ª Fase, Bloque 1, Bajo A, 41020 (Sevilla), dirigido a niños de 0 a 3 años. Según su propia web oficial, ofrece los siguientes servicios: comedor, proyecto bilingüe, patio exterior, uniforme.",https://www.juntadeandalucia.es/datosabiertos/portal/dataset/centros-de-primer-ciclo-de-educacion-infantil-en-andalucia,
Inmaculado Corazón de María,inmaculado-corazon-de-maria-sevilla,guarderia,privado,"Plaza Corazón de María, 1",41016,,sevilla,Sevilla,954441377,41004681.edu@juntadeandalucia.es,,4,36,,,"Inmaculado Corazón de María, con sede en Plaza Corazón de María, 1, 41016 (Sevilla), figura en el listado de centros de primer ciclo de educación infantil de la Junta de Andalucía, adherido al Programa de Ayuda a las Familias de la Junta de Andalucía. Recomendamos confirmar servicios y horario directamente con el centro.",https://www.juntadeandalucia.es/datosabiertos/portal/dataset/centros-de-primer-ciclo-de-educacion-infantil-en-andalucia,
Escuelas Francesas,escuelas-francesas-sevilla,guarderia,privado,"C/ Almendralejo, 18",41020,,sevilla,Sevilla,954671213,subdirector.eeff@gmail.com,,4,36,,,"Escuelas Francesas atiende el primer ciclo de educación infantil (0-3 años) en C/ Almendralejo, 18, 41020, Sevilla. Es un centro no adherido al Programa de Ayuda a las Familias de la Junta de Andalucía. Los servicios específicos del centro no están confirmados en fuente oficial; conviene solicitarlos directamente.",https://www.juntadeandalucia.es/datosabiertos/portal/dataset/centros-de-primer-ciclo-de-educacion-infantil-en-andalucia,
5ª Avenida,5-avenida-sevilla,guarderia,privado,"Avda. Charles Darwin, s/n. Local 3 A. Isla de la Cartuja",41092,,sevilla,Sevilla,954081166,rosariomendez@grupoquintavenida.com,https://www.grupoquintavenida.com/cartuja.html,4,36,,comedor;bilingue,"5ª Avenida es un centro privado de educación infantil de primer ciclo en Avda. Charles Darwin, s/n. Local 3 A. Isla de la Cartuja, 41092 (Sevilla), dirigido a niños de 0 a 3 años. Según su propia web oficial, ofrece los siguientes servicios: comedor, proyecto bilingüe.",https://www.juntadeandalucia.es/datosabiertos/portal/dataset/centros-de-primer-ciclo-de-educacion-infantil-en-andalucia,
Kirikou,kirikou-sevilla,guarderia,privado,"C/ Mercurio, 2, Bajo E",41003,,sevilla,Sevilla,607303351,guarderiakirikou@gmail.com,,4,36,,,"Localizado en C/ Mercurio, 2, Bajo E, 41003, Sevilla, Kirikou es un centro privado incluido en el registro de centros de primer ciclo de educación infantil de la Junta de Andalucía, adherido al Programa de Ayuda a las Familias de la Junta de Andalucía. No hay constancia oficial de servicios adicionales.",https://www.juntadeandalucia.es/datosabiertos/portal/dataset/centros-de-primer-ciclo-de-educacion-infantil-en-andalucia,
Los Lunares,los-lunares-sevilla,guarderia,privado,"Plaza Salesiano Don Ubaldo, 7, Es:7, Pt:17",41010,,sevilla,Sevilla,605472550,ceiloslunares@gmail.com,,4,36,,,"Centro de educación infantil de primer ciclo situado en Plaza Salesiano Don Ubaldo, 7, Es:7, Pt:17, 41010, Sevilla: Los Lunares, adherido al Programa de Ayuda a las Familias de la Junta de Andalucía. No consta información oficial adicional sobre servicios concretos en el momento de esta consulta.",https://www.juntadeandalucia.es/datosabiertos/portal/dataset/centros-de-primer-ciclo-de-educacion-infantil-en-andalucia,
Kindergarden Jardilín,kindergarden-jardilin-sevilla,guarderia,privado,"C/ Esperanza de Triana, 37",41010,,sevilla,Sevilla,603855585,ESCUELAINFANTIL@KINDERGARDENJARDILIN.ES,https://kindergardenjardilin.es/,4,36,,ingles;patio-exterior;psicomotricidad;escuela-de-padres;orientacion-pedagogica,"Kindergarden Jardilín, con sede en C/ Esperanza de Triana, 37, 41010 (Sevilla), es un centro privado de primer ciclo de educación infantil que confirma en su web oficial servicios como inglés, patio exterior, psicomotricidad, escuela de padres y madres, orientación pedagógica.",https://www.juntadeandalucia.es/datosabiertos/portal/dataset/centros-de-primer-ciclo-de-educacion-infantil-en-andalucia,
Oliver,oliver-sevilla,guarderia,privado,"Plaza Doctora Álvarez Silván, 1",41013,,sevilla,Sevilla,954614731,e.i.oliver@hotmail.com,,4,36,,,"Oliver, con sede en Plaza Doctora Álvarez Silván, 1, 41013 (Sevilla), figura en el listado de centros de primer ciclo de educación infantil de la Junta de Andalucía, adherido al Programa de Ayuda a las Familias de la Junta de Andalucía. Recomendamos confirmar servicios y horario directamente con el centro.",https://www.juntadeandalucia.es/datosabiertos/portal/dataset/centros-de-primer-ciclo-de-educacion-infantil-en-andalucia,
El Osito Azul,el-osito-azul-sevilla,guarderia,privado,"C/ San Juan de Aznalfarache, 2",41006,,sevilla,Sevilla,619468419,el_osito_azul@telefonica.net,,4,36,,,"El Osito Azul es un centro privado de educación infantil de primer ciclo en C/ San Juan de Aznalfarache, 2, 41006 (Sevilla), adherido al Programa de Ayuda a las Familias de la Junta de Andalucía según el registro oficial. No hay servicios adicionales confirmados en fuente oficial; se recomienda consultarlos directamente con el centro.",https://www.juntadeandalucia.es/datosabiertos/portal/dataset/centros-de-primer-ciclo-de-educacion-infantil-en-andalucia,
Chicle Macarena,chicle-macarena-sevilla,guarderia,privado,"C/ Acueducto, 2",41008,,sevilla,Sevilla,659490917,macarena@ceichicle.es,https://ceichicle.es/,4,36,,cocina-propia;comedor;horario-ampliado;bilingue;orientacion-pedagogica,"En C/ Acueducto, 2, 41008, Sevilla, Chicle Macarena atiende a niños de 0 a 3 años dentro del primer ciclo de educación infantil. Su web oficial confirma servicios de cocina propia, comedor, horario ampliado, proyecto bilingüe, orientación pedagógica.",https://www.juntadeandalucia.es/datosabiertos/portal/dataset/centros-de-primer-ciclo-de-educacion-infantil-en-andalucia,
Arco Iris,arco-iris-los-principes-sevilla,guarderia,privado,"C/ Bda. Los Príncipes, parcela 8, bloque 13, local 1",41008,Los Príncipes,sevilla,Sevilla,606108442,eiarcoiris.p2@gmail.com,,4,36,,,"Arco Iris atiende el primer ciclo de educación infantil (0-3 años) en C/ Bda. Los Príncipes, parcela 8, bloque 13, local 1, 41008, Sevilla. Es un centro adherido al Programa de Ayuda a las Familias de la Junta de Andalucía. Los servicios específicos del centro no están confirmados en fuente oficial; conviene solicitarlos directamente.",https://www.juntadeandalucia.es/datosabiertos/portal/dataset/centros-de-primer-ciclo-de-educacion-infantil-en-andalucia,
Un-Dos-Tres,un-dos-tres-sevilla,guarderia,privado,"C/ Sebastián Recasens, 16",41007,,sevilla,Sevilla,679491565,guarderia123nervion@hotmail.com,,4,36,,,"Un-Dos-Tres es un centro privado de educación infantil de primer ciclo en C/ Sebastián Recasens, 16, 41007 (Sevilla), adherido al Programa de Ayuda a las Familias de la Junta de Andalucía según el registro oficial. No hay servicios adicionales confirmados en fuente oficial; se recomienda consultarlos directamente con el centro.",https://www.juntadeandalucia.es/datosabiertos/portal/dataset/centros-de-primer-ciclo-de-educacion-infantil-en-andalucia,
La Sonrisa de un Niño,la-sonrisa-de-un-nino-sevilla,guarderia,privado,"C/ Japón, s/n",41020,,sevilla,Sevilla,652178442,centroinfantillasonrisa@gmail.com,,4,36,,,"Localizado en C/ Japón, s/n, 41020, Sevilla, La Sonrisa de un Niño es un centro privado incluido en el registro de centros de primer ciclo de educación infantil de la Junta de Andalucía, adherido al Programa de Ayuda a las Familias de la Junta de Andalucía. No hay constancia oficial de servicios adicionales.",https://www.juntadeandalucia.es/datosabiertos/portal/dataset/centros-de-primer-ciclo-de-educacion-infantil-en-andalucia,
El Triángulo,el-triangulo-sevilla,guarderia,privado,"C/ Francisco de Ariño, 18",41008,,sevilla,Sevilla,636412806,contacto@eltriangulo.org; guarderiaeltriangulo@gmail.com,,4,36,,,"El Triángulo atiende el primer ciclo de educación infantil (0-3 años) en C/ Francisco de Ariño, 18, 41008, Sevilla. Es un centro adherido al Programa de Ayuda a las Familias de la Junta de Andalucía. Los servicios específicos del centro no están confirmados en fuente oficial; conviene solicitarlos directamente.",https://www.juntadeandalucia.es/datosabiertos/portal/dataset/centros-de-primer-ciclo-de-educacion-infantil-en-andalucia,
Zaketines,zaketines-sevilla,guarderia,privado,"Avda. Emilio Lemos, 37-A/B",41020,,sevilla,Sevilla,954070101,e.i.zaketines@gmail.com,,4,36,,,"Zaketines atiende el primer ciclo de educación infantil (0-3 años) en Avda. Emilio Lemos, 37-A/B, 41020, Sevilla. Es un centro adherido al Programa de Ayuda a las Familias de la Junta de Andalucía. Los servicios específicos del centro no están confirmados en fuente oficial; conviene solicitarlos directamente.",https://www.juntadeandalucia.es/datosabiertos/portal/dataset/centros-de-primer-ciclo-de-educacion-infantil-en-andalucia,
Arco Iris de los Príncipes,arco-iris-de-los-principes-sevilla,guarderia,privado,"Bda. Los Príncipes, parcela 8- bloque 13- local 2",41008,Los Príncipes,sevilla,Sevilla,606108442,eiarcoiris.p2@gmail.com,,4,36,,,"Localizado en Bda. Los Príncipes, parcela 8- bloque 13- local 2, 41008, Sevilla, Arco Iris de los Príncipes es un centro privado incluido en el registro de centros de primer ciclo de educación infantil de la Junta de Andalucía, adherido al Programa de Ayuda a las Familias de la Junta de Andalucía. No hay constancia oficial de servicios adicionales.",https://www.juntadeandalucia.es/datosabiertos/portal/dataset/centros-de-primer-ciclo-de-educacion-infantil-en-andalucia,
Campanilla,campanilla-sevilla,guarderia,privado,"C/ Cardenal Illundaín, 12",41013,,sevilla,Sevilla,954233010,campanilla@centrospeterpan.com; elenapacheco@hotmail.com,,4,36,,,"Localizado en C/ Cardenal Illundaín, 12, 41013, Sevilla, Campanilla es un centro privado incluido en el registro de centros de primer ciclo de educación infantil de la Junta de Andalucía, adherido al Programa de Ayuda a las Familias de la Junta de Andalucía. No hay constancia oficial de servicios adicionales.",https://www.juntadeandalucia.es/datosabiertos/portal/dataset/centros-de-primer-ciclo-de-educacion-infantil-en-andalucia,
Los Angelitos,los-angelitos-sevilla,guarderia,privado,"C/ Pagés del Corro, 138",41010,,sevilla,Sevilla,637575960,eilosangelitos@telefonica.net,,4,36,,,"Los Angelitos es un centro privado de educación infantil de primer ciclo en C/ Pagés del Corro, 138, 41010 (Sevilla), adherido al Programa de Ayuda a las Familias de la Junta de Andalucía según el registro oficial. No hay servicios adicionales confirmados en fuente oficial; se recomienda consultarlos directamente con el centro.",https://www.juntadeandalucia.es/datosabiertos/portal/dataset/centros-de-primer-ciclo-de-educacion-infantil-en-andalucia,
Bambi y Flor,bambi-y-flor-sevilla,guarderia,privado,"C/ Bergantín, 23",41012,,sevilla,Sevilla,954620084,bambiyflor@gmail.com,,4,36,,,"Bambi y Flor atiende el primer ciclo de educación infantil (0-3 años) en C/ Bergantín, 23, 41012, Sevilla. Es un centro adherido al Programa de Ayuda a las Familias de la Junta de Andalucía. Los servicios específicos del centro no están confirmados en fuente oficial; conviene solicitarlos directamente.",https://www.juntadeandalucia.es/datosabiertos/portal/dataset/centros-de-primer-ciclo-de-educacion-infantil-en-andalucia,
Mary Poppins,mary-poppins-sevilla,guarderia,privado,"Plaza Vicente Aleixandre, s/n",41013,,sevilla,Sevilla,645994600,cei.mpoppins@gmail.com,,4,36,,,"Localizado en Plaza Vicente Aleixandre, s/n, 41013, Sevilla, Mary Poppins es un centro privado incluido en el registro de centros de primer ciclo de educación infantil de la Junta de Andalucía, adherido al Programa de Ayuda a las Familias de la Junta de Andalucía. No hay constancia oficial de servicios adicionales.",https://www.juntadeandalucia.es/datosabiertos/portal/dataset/centros-de-primer-ciclo-de-educacion-infantil-en-andalucia,
Las Águilas,las-aguilas-sevilla,guarderia,privado,"C/ Águila Imperial, 5",41006,,sevilla,Sevilla,954921646,cclasaguilas@gmail.com,,4,36,,,"Localizado en C/ Águila Imperial, 5, 41006, Sevilla, Las Águilas es un centro privado incluido en el registro de centros de primer ciclo de educación infantil de la Junta de Andalucía, adherido al Programa de Ayuda a las Familias de la Junta de Andalucía. No hay constancia oficial de servicios adicionales.",https://www.juntadeandalucia.es/datosabiertos/portal/dataset/centros-de-primer-ciclo-de-educacion-infantil-en-andalucia,
Arbolito,arbolito-sevilla,guarderia,privado,"Plaza La Fuensanta, 4-A",41020,,sevilla,Sevilla,954406564,guarderia_arbolito@yahoo.es,,4,36,,,"Arbolito es un centro privado de educación infantil de primer ciclo en Plaza La Fuensanta, 4-A, 41020 (Sevilla), adherido al Programa de Ayuda a las Familias de la Junta de Andalucía según el registro oficial. No hay servicios adicionales confirmados en fuente oficial; se recomienda consultarlos directamente con el centro.",https://www.juntadeandalucia.es/datosabiertos/portal/dataset/centros-de-primer-ciclo-de-educacion-infantil-en-andalucia,
San Vicente de Paúl,san-vicente-de-paul-sevilla,guarderia,privado,"C/ Helipuerto de La Paz, 11. Bda. Aeropuerto Viejo",41019,Aeropuerto Viejo,sevilla,Sevilla,954521302,alora@fundacionsafa.es;sevilla-vereda@safa.edu,,4,36,,,"San Vicente de Paúl atiende el primer ciclo de educación infantil (0-3 años) en C/ Helipuerto de La Paz, 11. Bda. Aeropuerto Viejo, 41019, Sevilla. Es un centro adherido al Programa de Ayuda a las Familias de la Junta de Andalucía. Los servicios específicos del centro no están confirmados en fuente oficial; conviene solicitarlos directamente.",https://www.juntadeandalucia.es/datosabiertos/portal/dataset/centros-de-primer-ciclo-de-educacion-infantil-en-andalucia,
Fábula,fabula-sevilla,guarderia,privado,"C/ Gema, 7",41020,,sevilla,Sevilla,954400549,fabulasle@gmail.com,,4,36,,,"Fábula, con sede en C/ Gema, 7, 41020 (Sevilla), figura en el listado de centros de primer ciclo de educación infantil de la Junta de Andalucía, adherido al Programa de Ayuda a las Familias de la Junta de Andalucía. Recomendamos confirmar servicios y horario directamente con el centro.",https://www.juntadeandalucia.es/datosabiertos/portal/dataset/centros-de-primer-ciclo-de-educacion-infantil-en-andalucia,
Pato Donald,pato-donald-sevilla,guarderia,privado,"C/ Paraíso, s/n",41011,,sevilla,Sevilla,606555555,centroeipatodonald@gmail.com,,4,36,,,"Localizado en C/ Paraíso, s/n, 41011, Sevilla, Pato Donald es un centro privado incluido en el registro de centros de primer ciclo de educación infantil de la Junta de Andalucía, no adherido al Programa de Ayuda a las Familias de la Junta de Andalucía. No hay constancia oficial de servicios adicionales.",https://www.juntadeandalucia.es/datosabiertos/portal/dataset/centros-de-primer-ciclo-de-educacion-infantil-en-andalucia,
Los Diminutos,los-diminutos-sevilla,guarderia,privado,"Plaza Playa Punta Umbría, 2-3",41009,,sevilla,Sevilla,609549144,losdiminutos1y2@gmail.com,,4,36,,,"Localizado en Plaza Playa Punta Umbría, 2-3, 41009, Sevilla, Los Diminutos es un centro privado incluido en el registro de centros de primer ciclo de educación infantil de la Junta de Andalucía, adherido al Programa de Ayuda a las Familias de la Junta de Andalucía. No hay constancia oficial de servicios adicionales.",https://www.juntadeandalucia.es/datosabiertos/portal/dataset/centros-de-primer-ciclo-de-educacion-infantil-en-andalucia,
Colorín Colorado,colorin-colorado-sevilla,guarderia,privado,"Ronda de Pío XII, 1-A",41008,,sevilla,Sevilla,650935136,carmen_jimenezgonzalez@yahoo.es,,4,36,,,"Localizado en Ronda de Pío XII, 1-A, 41008, Sevilla, Colorín Colorado es un centro privado incluido en el registro de centros de primer ciclo de educación infantil de la Junta de Andalucía, adherido al Programa de Ayuda a las Familias de la Junta de Andalucía. No hay constancia oficial de servicios adicionales.",https://www.juntadeandalucia.es/datosabiertos/portal/dataset/centros-de-primer-ciclo-de-educacion-infantil-en-andalucia,
Futuritos,futuritos-sevilla,guarderia,privado,"C/ Doctor Hermosilla Molina, 2, local 2",41020,,sevilla,Sevilla,955272972,ceifuturitos@gmail.com,,4,36,,,"En C/ Doctor Hermosilla Molina, 2, local 2, 41020, Sevilla, se encuentra Futuritos, centro de educación infantil de primer ciclo (0-3 años), adherido al Programa de Ayuda a las Familias de la Junta de Andalucía. La ficha no incluye todavía servicios verificados más allá del registro oficial de la Junta de Andalucía.",https://www.juntadeandalucia.es/datosabiertos/portal/dataset/centros-de-primer-ciclo-de-educacion-infantil-en-andalucia,
Bicho II,bicho-ii-sevilla,guarderia,privado,"C/ Astronomía, manzana 5, Torre 3, Locales del 43 al 47",41015,,sevilla,Sevilla,954959902,eibicho@hotmail.com,https://escuelainfantilbicho.com/,4,36,,ingles;musica;escuela-de-padres;catering,"En C/ Astronomía, manzana 5, Torre 3, Locales del 43 al 47, 41015, Sevilla, Bicho II atiende a niños de 0 a 3 años dentro del primer ciclo de educación infantil. Su web oficial confirma servicios de inglés, música, escuela de padres y madres, catering.",https://www.juntadeandalucia.es/datosabiertos/portal/dataset/centros-de-primer-ciclo-de-educacion-infantil-en-andalucia,
Los Pirujos,los-pirujos-sevilla,guarderia,privado,"C/ Jaime Balmes, 23",41007,,sevilla,Sevilla,627484202,info@guarderialospirujos.es,,4,36,,,"Localizado en C/ Jaime Balmes, 23, 41007, Sevilla, Los Pirujos es un centro privado incluido en el registro de centros de primer ciclo de educación infantil de la Junta de Andalucía, adherido al Programa de Ayuda a las Familias de la Junta de Andalucía. No hay constancia oficial de servicios adicionales.",https://www.juntadeandalucia.es/datosabiertos/portal/dataset/centros-de-primer-ciclo-de-educacion-infantil-en-andalucia,
Babyluna,babyluna-sevilla,guarderia,privado,"C/ Patricio Sáenz, 15, Bajo A",41003,,sevilla,Sevilla,954385527,cei.babyluna@yahoo.es,,4,36,,,"Localizado en C/ Patricio Sáenz, 15, Bajo A, 41003, Sevilla, Babyluna es un centro privado incluido en el registro de centros de primer ciclo de educación infantil de la Junta de Andalucía, adherido al Programa de Ayuda a las Familias de la Junta de Andalucía. No hay constancia oficial de servicios adicionales.",https://www.juntadeandalucia.es/datosabiertos/portal/dataset/centros-de-primer-ciclo-de-educacion-infantil-en-andalucia,
Mi pequeña casa,mi-pequena-casa-sevilla,guarderia,privado,"Plaza Pintor Amalio García del Moral, 4",41005,,sevilla,Sevilla,954233337,ceimipequenacasa1y2@gmail.com,,4,36,,,"Mi pequeña casa atiende el primer ciclo de educación infantil (0-3 años) en Plaza Pintor Amalio García del Moral, 4, 41005, Sevilla. Es un centro adherido al Programa de Ayuda a las Familias de la Junta de Andalucía. Los servicios específicos del centro no están confirmados en fuente oficial; conviene solicitarlos directamente.",https://www.juntadeandalucia.es/datosabiertos/portal/dataset/centros-de-primer-ciclo-de-educacion-infantil-en-andalucia,
La casa del niño,la-casa-del-nino-sevilla,guarderia,privado,"C/ Párroco Antonio González Abato, local 3-4",41013,,sevilla,Sevilla,673292369,41015445.edu@juntadeandalucia.es        y     seradom@gmail.com,,4,36,,,"Localizado en C/ Párroco Antonio González Abato, local 3-4, 41013, Sevilla, La casa del niño es un centro privado incluido en el registro de centros de primer ciclo de educación infantil de la Junta de Andalucía, adherido al Programa de Ayuda a las Familias de la Junta de Andalucía. No hay constancia oficial de servicios adicionales.",https://www.juntadeandalucia.es/datosabiertos/portal/dataset/centros-de-primer-ciclo-de-educacion-infantil-en-andalucia,
La casa de los niños,la-casa-de-los-ninos-sevilla,guarderia,privado,C/ Doctora Navarro Rodríguez- Edfi. Bulevar- local 1 y 2,41020,,sevilla,Sevilla,954401313,refeba@hotmail.es,,4,36,,,"La casa de los niños es un centro privado de educación infantil de primer ciclo en C/ Doctora Navarro Rodríguez- Edfi. Bulevar- local 1 y 2, 41020 (Sevilla), adherido al Programa de Ayuda a las Familias de la Junta de Andalucía según el registro oficial. No hay servicios adicionales confirmados en fuente oficial; se recomienda consultarlos directamente con el centro.",https://www.juntadeandalucia.es/datosabiertos/portal/dataset/centros-de-primer-ciclo-de-educacion-infantil-en-andalucia,
Bicho,bicho-sevilla,guarderia,privado,"C/ Alonso Cano, 3",41005,,sevilla,Sevilla,954925590,eibicho1@hotmail.com,https://escuelainfantilbicho.com/,4,36,,ingles;musica;escuela-de-padres;catering,"En C/ Alonso Cano, 3, 41005, Sevilla, Bicho atiende a niños de 0 a 3 años dentro del primer ciclo de educación infantil. Su web oficial confirma servicios de inglés, música, escuela de padres y madres, catering.",https://www.juntadeandalucia.es/datosabiertos/portal/dataset/centros-de-primer-ciclo-de-educacion-infantil-en-andalucia,
Creatividad,creatividad-sevilla,guarderia,privado,"C/ de la Salud, s/n",41014,,sevilla,Sevilla,954693552,secretaria@centroinfantilcreatividad.com,,4,36,,,"Localizado en C/ de la Salud, s/n, 41014, Sevilla, Creatividad es un centro privado incluido en el registro de centros de primer ciclo de educación infantil de la Junta de Andalucía, adherido al Programa de Ayuda a las Familias de la Junta de Andalucía. No hay constancia oficial de servicios adicionales.",https://www.juntadeandalucia.es/datosabiertos/portal/dataset/centros-de-primer-ciclo-de-educacion-infantil-en-andalucia,
Rubén Darío,ruben-dario-sevilla,guarderia,privado,"Parque Rubén Darío, Torre III, Bajo",41010,,sevilla,Sevilla,954453685,secretaria@centroinfantilrubendario.es,,4,36,,,"Localizado en Parque Rubén Darío, Torre III, Bajo, 41010, Sevilla, Rubén Darío es un centro privado incluido en el registro de centros de primer ciclo de educación infantil de la Junta de Andalucía, adherido al Programa de Ayuda a las Familias de la Junta de Andalucía. No hay constancia oficial de servicios adicionales.",https://www.juntadeandalucia.es/datosabiertos/portal/dataset/centros-de-primer-ciclo-de-educacion-infantil-en-andalucia,
Disney,disney-sevilla,guarderia,privado,"C/ Parque Sierra Nevada, Manzana B, Local H2",41015,,sevilla,Sevilla,954946060,finihermoso@gmail.com ; 41015512.edu@juntadeandalucia.es,,4,36,,,"Disney atiende el primer ciclo de educación infantil (0-3 años) en C/ Parque Sierra Nevada, Manzana B, Local H2, 41015, Sevilla. Es un centro adherido al Programa de Ayuda a las Familias de la Junta de Andalucía. Los servicios específicos del centro no están confirmados en fuente oficial; conviene solicitarlos directamente.",https://www.juntadeandalucia.es/datosabiertos/portal/dataset/centros-de-primer-ciclo-de-educacion-infantil-en-andalucia,
Gente Menuda 2,gente-menuda-2-sevilla,guarderia,privado,"C/ Campo de la Verdad, local 5",41020,,sevilla,Sevilla,954476284,info@eigentemenuda.es,https://www.gentemenuda.es/,4,36,De 7:30 a 17:00 h.,comedor;bilingue;patio-exterior;uniformes,"En C/ Campo de la Verdad, local 5, 41020, Sevilla, Gente Menuda 2 atiende a niños de 0 a 3 años dentro del primer ciclo de educación infantil. Su web oficial confirma servicios de comedor, proyecto bilingüe, patio exterior, uniforme.",https://www.juntadeandalucia.es/datosabiertos/portal/dataset/centros-de-primer-ciclo-de-educacion-infantil-en-andalucia,
Arteduca Santa Clara,arteduca-santa-clara-sevilla,guarderia,privado,"C/ Martín Alonso Pinzón, 2. Bda. Santa Clara",41007,Santa Clara,sevilla,Sevilla,954523320,sdoncel76@gmail.com,https://www.arteduca.com/,4,36,,comedor;musica;psicomotricidad;ingles,"En C/ Martín Alonso Pinzón, 2. Bda. Santa Clara, 41007, Sevilla, Arteduca Santa Clara atiende a niños de 0 a 3 años dentro del primer ciclo de educación infantil. Su web oficial confirma servicios de comedor, música, psicomotricidad, inglés.",https://www.juntadeandalucia.es/datosabiertos/portal/dataset/centros-de-primer-ciclo-de-educacion-infantil-en-andalucia,
Triana,triana-sevilla,guarderia,privado,"C/ Espartinas, 6-bajo",41010,,sevilla,Sevilla,635457706,ELCOLETRIANA@GMAIL.COM,,4,36,,,"Triana atiende el primer ciclo de educación infantil (0-3 años) en C/ Espartinas, 6-bajo, 41010, Sevilla. Es un centro adherido al Programa de Ayuda a las Familias de la Junta de Andalucía. Los servicios específicos del centro no están confirmados en fuente oficial; conviene solicitarlos directamente.",https://www.juntadeandalucia.es/datosabiertos/portal/dataset/centros-de-primer-ciclo-de-educacion-infantil-en-andalucia,
Las Margaritas,las-margaritas-sevilla,guarderia,privado,"C/ Albatros, 2 Bajo. Bda. Valdezorras",41019,Valdezorras,sevilla,Sevilla,954525740,ceilmargaritas@gmail.com              41015627.edu@juntadeandalucia.es,,4,36,,,"Localizado en C/ Albatros, 2 Bajo. Bda. Valdezorras, 41019, Sevilla, Las Margaritas es un centro privado incluido en el registro de centros de primer ciclo de educación infantil de la Junta de Andalucía, adherido al Programa de Ayuda a las Familias de la Junta de Andalucía. No hay constancia oficial de servicios adicionales.",https://www.juntadeandalucia.es/datosabiertos/portal/dataset/centros-de-primer-ciclo-de-educacion-infantil-en-andalucia,
Virgen de la Estrella,virgen-de-la-estrella-sevilla,guarderia,privado,"Plaza del Zurraque, 8-Local 4",41010,,sevilla,Sevilla,649462577,mapero18@hotmail.com,,4,36,,,"En Plaza del Zurraque, 8-Local 4, 41010, Sevilla, se encuentra Virgen de la Estrella, centro de educación infantil de primer ciclo (0-3 años), adherido al Programa de Ayuda a las Familias de la Junta de Andalucía. La ficha no incluye todavía servicios verificados más allá del registro oficial de la Junta de Andalucía.",https://www.juntadeandalucia.es/datosabiertos/portal/dataset/centros-de-primer-ciclo-de-educacion-infantil-en-andalucia,
Jardín Mágico,jardin-magico-sevilla,guarderia,privado,"C/ Marchena, 19",41013,,sevilla,Sevilla,679541818,info@eijardinmagico.es,,4,36,,,"En C/ Marchena, 19, 41013, Sevilla, se encuentra Jardín Mágico, centro de educación infantil de primer ciclo (0-3 años), adherido al Programa de Ayuda a las Familias de la Junta de Andalucía. La ficha no incluye todavía servicios verificados más allá del registro oficial de la Junta de Andalucía.",https://www.juntadeandalucia.es/datosabiertos/portal/dataset/centros-de-primer-ciclo-de-educacion-infantil-en-andalucia,
Érase una vez...,erase-una-vez-sevilla,guarderia,privado,"C/ Flor de Tomillo, 1, Bloque 1- Bajo B",41020,,sevilla,Sevilla,610721552,infantilpuertaeste@hotmail.com,,4,36,,,"Érase una vez... atiende el primer ciclo de educación infantil (0-3 años) en C/ Flor de Tomillo, 1, Bloque 1- Bajo B, 41020, Sevilla. Es un centro adherido al Programa de Ayuda a las Familias de la Junta de Andalucía. Los servicios específicos del centro no están confirmados en fuente oficial; conviene solicitarlos directamente.",https://www.juntadeandalucia.es/datosabiertos/portal/dataset/centros-de-primer-ciclo-de-educacion-infantil-en-andalucia,
Colorines,colorines-sevilla,guarderia,privado,"C/ Aguadulce, 1 y 3",41006,,sevilla,Sevilla,954640351,maria.loscolorines@hotmail.com,,4,36,,,"Colorines, con sede en C/ Aguadulce, 1 y 3, 41006 (Sevilla), figura en el listado de centros de primer ciclo de educación infantil de la Junta de Andalucía, adherido al Programa de Ayuda a las Familias de la Junta de Andalucía. Recomendamos confirmar servicios y horario directamente con el centro.",https://www.juntadeandalucia.es/datosabiertos/portal/dataset/centros-de-primer-ciclo-de-educacion-infantil-en-andalucia,
San José de la Montaña,san-jose-de-la-montana-sevilla,guarderia,privado,"C/ Guzmán el Bueno, 10",41004,,sevilla,Sevilla,954222381,cei-sanjose@hsjm.es; direccioncei-sanjose@hsjm.es,,4,36,,,"En C/ Guzmán el Bueno, 10, 41004, Sevilla, se encuentra San José de la Montaña, centro de educación infantil de primer ciclo (0-3 años), adherido al Programa de Ayuda a las Familias de la Junta de Andalucía. La ficha no incluye todavía servicios verificados más allá del registro oficial de la Junta de Andalucía.",https://www.juntadeandalucia.es/datosabiertos/portal/dataset/centros-de-primer-ciclo-de-educacion-infantil-en-andalucia,
La Lechera,la-lechera-sevilla,guarderia,privado,"Avda. de Kansas City, 30",41007,,sevilla,Sevilla,954581780,guarderialechera@hotmail.com,,4,36,,,"En Avda. de Kansas City, 30, 41007, Sevilla, se encuentra La Lechera, centro de educación infantil de primer ciclo (0-3 años), adherido al Programa de Ayuda a las Familias de la Junta de Andalucía. La ficha no incluye todavía servicios verificados más allá del registro oficial de la Junta de Andalucía.",https://www.juntadeandalucia.es/datosabiertos/portal/dataset/centros-de-primer-ciclo-de-educacion-infantil-en-andalucia,
María Auxiliadora,maria-auxiliadora-sevilla,guarderia,privado,"C/ Imaginero Fernández Andes, 13",41008,,sevilla,Sevilla,954358505,estherita2015@gmail.com,,4,36,,,"María Auxiliadora es un centro privado de educación infantil de primer ciclo en C/ Imaginero Fernández Andes, 13, 41008 (Sevilla), adherido al Programa de Ayuda a las Familias de la Junta de Andalucía según el registro oficial. No hay servicios adicionales confirmados en fuente oficial; se recomienda consultarlos directamente con el centro.",https://www.juntadeandalucia.es/datosabiertos/portal/dataset/centros-de-primer-ciclo-de-educacion-infantil-en-andalucia,
Arco Iris,arco-iris-azorin-sevilla,guarderia,privado,"C/ Azorín, 171-B",41006,,sevilla,Sevilla,954661699,arcoirisdeplata@hotmail.com,,4,36,,,"Localizado en C/ Azorín, 171-B, 41006, Sevilla, Arco Iris es un centro privado incluido en el registro de centros de primer ciclo de educación infantil de la Junta de Andalucía, adherido al Programa de Ayuda a las Familias de la Junta de Andalucía. No hay constancia oficial de servicios adicionales.",https://www.juntadeandalucia.es/datosabiertos/portal/dataset/centros-de-primer-ciclo-de-educacion-infantil-en-andalucia,
Mi planeta,mi-planeta-sevilla,guarderia,privado,"C/ Miguel Cid, 70",41002,,sevilla,Sevilla,603039195,educacioninfantilmiplaneta@gmail.com,,4,36,,,"Localizado en C/ Miguel Cid, 70, 41002, Sevilla, Mi planeta es un centro privado incluido en el registro de centros de primer ciclo de educación infantil de la Junta de Andalucía, adherido al Programa de Ayuda a las Familias de la Junta de Andalucía. No hay constancia oficial de servicios adicionales.",https://www.juntadeandalucia.es/datosabiertos/portal/dataset/centros-de-primer-ciclo-de-educacion-infantil-en-andalucia,
Los Príncipes,los-principes-sevilla,guarderia,privado,"Bda. Los Príncipes, Parcela 7, Bloque 12",41008,Los Príncipes,sevilla,Sevilla,655662612,eilosprincipes@gmail.com,,4,36,,,"En Bda. Los Príncipes, Parcela 7, Bloque 12, 41008, Sevilla, se encuentra Los Príncipes, centro de educación infantil de primer ciclo (0-3 años), adherido al Programa de Ayuda a las Familias de la Junta de Andalucía. La ficha no incluye todavía servicios verificados más allá del registro oficial de la Junta de Andalucía.",https://www.juntadeandalucia.es/datosabiertos/portal/dataset/centros-de-primer-ciclo-de-educacion-infantil-en-andalucia,
Mi Pequeña Casa II,mi-pequena-casa-ii-sevilla,guarderia,privado,"Plaza Pintor Amalio García del Moral, 4, Puerta 3",41005,,sevilla,Sevilla,663463950,ceimipequenacasa1y2@gmail.com,,4,36,,,"Mi Pequeña Casa II, con sede en Plaza Pintor Amalio García del Moral, 4, Puerta 3, 41005 (Sevilla), figura en el listado de centros de primer ciclo de educación infantil de la Junta de Andalucía, adherido al Programa de Ayuda a las Familias de la Junta de Andalucía. Recomendamos confirmar servicios y horario directamente con el centro.",https://www.juntadeandalucia.es/datosabiertos/portal/dataset/centros-de-primer-ciclo-de-educacion-infantil-en-andalucia,
Andaluna,andaluna-sevilla,escuela-infantil,publico,"C/ Bangladesh, 4",41020,,sevilla,Sevilla,618464020,41016218.edu@juntadeandalucia.es,,4,36,"De 7:30 a 17:00 h, ininterrumpidamente (aula matinal 7:30-9:00, atención socioeducativa 9:00-15:30 con comedor, aula de tarde 15:30-17:00).",comedor,"La Junta de Andalucía gestiona Escuela Infantil Andaluna, con sede en C/ Bangladesh, 4, 41020, Sevilla. Cubre el primer ciclo de infantil (4-36 meses) en horario de 7:30 a 17:00 h, con aula matinal, comedor y aula de tarde.",https://www.juntadeandalucia.es/datosabiertos/portal/dataset/centros-de-primer-ciclo-de-educacion-infantil-en-andalucia,
Arco e Iris,arco-e-iris-sevilla,escuela-infantil,publico,"Avda. de Italia, 67. Bda. Los Bermejales",41012,Los Bermejales,sevilla,Sevilla,955928770,41016221.edu@juntadeandalucia.es,,4,36,"De 7:30 a 17:00 h, ininterrumpidamente (aula matinal 7:30-9:00, atención socioeducativa 9:00-15:30 con comedor, aula de tarde 15:30-17:00).",comedor,"Escuela Infantil Arco e Iris, en Avda. de Italia, 67. Bda. Los Bermejales (41012, Sevilla), pertenece a la red pública de escuelas infantiles de la Junta de Andalucía. Ofrece plaza para niños de 4 meses a 3 años, con horario de 7:30 a 17:00 h y servicio de comedor.",https://www.juntadeandalucia.es/datosabiertos/portal/dataset/centros-de-primer-ciclo-de-educacion-infantil-en-andalucia,
Patín,patin-sevilla,guarderia,privado,"C/ Mallén, 5",41018,,sevilla,Sevilla,662181524,nervion@escuelainfantilpatin.com,,4,36,,,"Patín atiende el primer ciclo de educación infantil (0-3 años) en C/ Mallén, 5, 41018, Sevilla. Es un centro adherido al Programa de Ayuda a las Familias de la Junta de Andalucía. Los servicios específicos del centro no están confirmados en fuente oficial; conviene solicitarlos directamente.",https://www.juntadeandalucia.es/datosabiertos/portal/dataset/centros-de-primer-ciclo-de-educacion-infantil-en-andalucia,
Nuestra Señora de la Candelaria,nuestra-senora-de-la-candelaria-sevilla,escuela-infantil,publico,"C/ Candelón, 2-A",41006,,sevilla,Sevilla,954782081,41016553.edu@juntadeandalucia.es,,4,36,"De 7:30 a 17:00 h, ininterrumpidamente (aula matinal 7:30-9:00, atención socioeducativa 9:00-15:30 con comedor, aula de tarde 15:30-17:00).",comedor,"La Junta de Andalucía gestiona Escuela Infantil Nuestra Señora de la Candelaria, con sede en C/ Candelón, 2-A, 41006, Sevilla. Cubre el primer ciclo de infantil (4-36 meses) en horario de 7:30 a 17:00 h, con aula matinal, comedor y aula de tarde.",https://www.juntadeandalucia.es/datosabiertos/portal/dataset/centros-de-primer-ciclo-de-educacion-infantil-en-andalucia,
Santísima Trinidad,santisima-trinidad-sevilla,escuela-infantil,publico,"C/ María Auxiliadora, s/n",41003,,sevilla,Sevilla,954782087,41016565.edu@juntadeandalucia.es,,4,36,"De 7:30 a 17:00 h, ininterrumpidamente (aula matinal 7:30-9:00, atención socioeducativa 9:00-15:30 con comedor, aula de tarde 15:30-17:00).",comedor,"En C/ María Auxiliadora, s/n, 41003, se encuentra Escuela Infantil Santísima Trinidad, centro público de la red de escuelas infantiles de la Junta de Andalucía en Sevilla. El horario general va de 7:30 a 17:00 h, con aula matinal, tramo socioeducativo con comedor y aula de tarde.",https://www.juntadeandalucia.es/datosabiertos/portal/dataset/centros-de-primer-ciclo-de-educacion-infantil-en-andalucia,
María Inmaculada,maria-inmaculada-sevilla,escuela-infantil,publico,"C/ Antonio ""El Bailarín"", 2",41004,,sevilla,Sevilla,954782103,41016577.edu@juntadeandalucia.es,,4,36,"De 7:30 a 17:00 h, ininterrumpidamente (aula matinal 7:30-9:00, atención socioeducativa 9:00-15:30 con comedor, aula de tarde 15:30-17:00).",comedor,"Escuela Infantil María Inmaculada es un centro de titularidad de la Junta de Andalucía en C/ Antonio ""El Bailarín"", 2, 41004 (Sevilla), dedicado al primer ciclo de educación infantil. Atiende de 4 meses a 3 años en horario de 7:30 a 17:00 h, con comedor incluido en el tramo socioeducativo.",https://www.juntadeandalucia.es/datosabiertos/portal/dataset/centros-de-primer-ciclo-de-educacion-infantil-en-andalucia,
Santa María de los Ángeles,santa-maria-de-los-angeles-sevilla,escuela-infantil,publico,"C/ Lisboa, 91",41006,,sevilla,Sevilla,629586416,41016590.edu@juntadeandalucia.es,,4,36,"De 7:30 a 17:00 h, ininterrumpidamente (aula matinal 7:30-9:00, atención socioeducativa 9:00-15:30 con comedor, aula de tarde 15:30-17:00).",comedor,"En C/ Lisboa, 91, 41006, se encuentra Escuela Infantil Santa María de los Ángeles, centro público de la red de escuelas infantiles de la Junta de Andalucía en Sevilla. El horario general va de 7:30 a 17:00 h, con aula matinal, tramo socioeducativo con comedor y aula de tarde.",https://www.juntadeandalucia.es/datosabiertos/portal/dataset/centros-de-primer-ciclo-de-educacion-infantil-en-andalucia,
San Jerónimo,san-jeronimo-sevilla,escuela-infantil,publico,"C/ Cataluña, 7",41015,,sevilla,Sevilla,954782085,41016607.edu@juntadeandalucia.es,,4,36,"De 7:30 a 17:00 h, ininterrumpidamente (aula matinal 7:30-9:00, atención socioeducativa 9:00-15:30 con comedor, aula de tarde 15:30-17:00).",comedor,"Escuela Infantil San Jerónimo es un centro de titularidad de la Junta de Andalucía en C/ Cataluña, 7, 41015 (Sevilla), dedicado al primer ciclo de educación infantil. Atiende de 4 meses a 3 años en horario de 7:30 a 17:00 h, con comedor incluido en el tramo socioeducativo.",https://www.juntadeandalucia.es/datosabiertos/portal/dataset/centros-de-primer-ciclo-de-educacion-infantil-en-andalucia,
Torreblanca,torreblanca-sevilla,escuela-infantil,publico,"C/ Higueras, s/n",41017,,sevilla,Sevilla,954782107,41016619.edu@juntadeandalucia.es,,4,36,"De 7:30 a 17:00 h, ininterrumpidamente (aula matinal 7:30-9:00, atención socioeducativa 9:00-15:30 con comedor, aula de tarde 15:30-17:00).",comedor,"La Junta de Andalucía gestiona Escuela Infantil Torreblanca, con sede en C/ Higueras, s/n, 41017, Sevilla. Cubre el primer ciclo de infantil (4-36 meses) en horario de 7:30 a 17:00 h, con aula matinal, comedor y aula de tarde.",https://www.juntadeandalucia.es/datosabiertos/portal/dataset/centros-de-primer-ciclo-de-educacion-infantil-en-andalucia,
Santa Luisa de Marillac,santa-luisa-de-marillac-sevilla,escuela-infantil,publico,"Bda. San Diego, s/n",41015,San Diego,sevilla,Sevilla,954782089,41016620.edu@juntadeandalucia.es,,4,36,"De 7:30 a 17:00 h, ininterrumpidamente (aula matinal 7:30-9:00, atención socioeducativa 9:00-15:30 con comedor, aula de tarde 15:30-17:00).",comedor,"Escuela Infantil Santa Luisa de Marillac es un centro de titularidad de la Junta de Andalucía en Bda. San Diego, s/n, 41015 (Sevilla), dedicado al primer ciclo de educación infantil. Atiende de 4 meses a 3 años en horario de 7:30 a 17:00 h, con comedor incluido en el tramo socioeducativo.",https://www.juntadeandalucia.es/datosabiertos/portal/dataset/centros-de-primer-ciclo-de-educacion-infantil-en-andalucia,
Ángel de la Guarda,angel-de-la-guarda-sevilla,escuela-infantil,publico,"Avda. de la Soleá, s/n",41007,,sevilla,Sevilla,954782122,41016632.edu@juntadeandalucia.es,,4,36,"De 7:30 a 17:00 h, ininterrumpidamente (aula matinal 7:30-9:00, atención socioeducativa 9:00-15:30 con comedor, aula de tarde 15:30-17:00).",comedor,"En Avda. de la Soleá, s/n, 41007, se encuentra Escuela Infantil Ángel de la Guarda, centro público de la red de escuelas infantiles de la Junta de Andalucía en Sevilla. El horario general va de 7:30 a 17:00 h, con aula matinal, tramo socioeducativo con comedor y aula de tarde.",https://www.juntadeandalucia.es/datosabiertos/portal/dataset/centros-de-primer-ciclo-de-educacion-infantil-en-andalucia,
Sagrada Familia,sagrada-familia-sevilla,escuela-infantil,publico,"C/ Guerrita, s/n",41007,,sevilla,Sevilla,954782083,41016644.edu@juntadeandalucia.es,,4,36,"De 7:30 a 17:00 h, ininterrumpidamente (aula matinal 7:30-9:00, atención socioeducativa 9:00-15:30 con comedor, aula de tarde 15:30-17:00).",comedor,"En C/ Guerrita, s/n, 41007, se encuentra Escuela Infantil Sagrada Familia, centro público de la red de escuelas infantiles de la Junta de Andalucía en Sevilla. El horario general va de 7:30 a 17:00 h, con aula matinal, tramo socioeducativo con comedor y aula de tarde.",https://www.juntadeandalucia.es/datosabiertos/portal/dataset/centros-de-primer-ciclo-de-educacion-infantil-en-andalucia,
Niño Jesús,nino-jesus-sevilla,escuela-infantil,publico,"Bda. Juan XXIII, s/n",41006,Juan XXIII,sevilla,Sevilla,954782079,41016656.edu@juntadeandalucia.es,,4,36,"De 7:30 a 17:00 h, ininterrumpidamente (aula matinal 7:30-9:00, atención socioeducativa 9:00-15:30 con comedor, aula de tarde 15:30-17:00).",comedor,"Escuela Infantil Niño Jesús, en Bda. Juan XXIII, s/n (41006, Sevilla), pertenece a la red pública de escuelas infantiles de la Junta de Andalucía. Ofrece plaza para niños de 4 meses a 3 años, con horario de 7:30 a 17:00 h y servicio de comedor.",https://www.juntadeandalucia.es/datosabiertos/portal/dataset/centros-de-primer-ciclo-de-educacion-infantil-en-andalucia,
Virgen de los Reyes,virgen-de-los-reyes-sevilla,escuela-infantil,publico,"C/ Fandango, 2",41007,,sevilla,Sevilla,954782175,41016668.edu@juntadeandalucia.es,,4,36,"De 7:30 a 17:00 h, ininterrumpidamente (aula matinal 7:30-9:00, atención socioeducativa 9:00-15:30 con comedor, aula de tarde 15:30-17:00).",comedor,"Escuela Infantil Virgen de los Reyes es un centro de titularidad de la Junta de Andalucía en C/ Fandango, 2, 41007 (Sevilla), dedicado al primer ciclo de educación infantil. Atiende de 4 meses a 3 años en horario de 7:30 a 17:00 h, con comedor incluido en el tramo socioeducativo.",https://www.juntadeandalucia.es/datosabiertos/portal/dataset/centros-de-primer-ciclo-de-educacion-infantil-en-andalucia,
Adelfa,adelfa-sevilla,escuela-infantil,publico,"Plaza María Pita, s/n. Bda. Parque Alcosa",41019,Parque Alcosa,sevilla,Sevilla,954782099,41016671.edu@juntadeandalucia.es,,4,36,"De 7:30 a 17:00 h, ininterrumpidamente (aula matinal 7:30-9:00, atención socioeducativa 9:00-15:30 con comedor, aula de tarde 15:30-17:00).",comedor,"La Junta de Andalucía gestiona Escuela Infantil Adelfa, con sede en Plaza María Pita, s/n. Bda. Parque Alcosa, 41019, Sevilla. Cubre el primer ciclo de infantil (4-36 meses) en horario de 7:30 a 17:00 h, con aula matinal, comedor y aula de tarde.",https://www.juntadeandalucia.es/datosabiertos/portal/dataset/centros-de-primer-ciclo-de-educacion-infantil-en-andalucia,
Gloria Fuertes,gloria-fuertes-sevilla,escuela-infantil,publico,"Avda. Las Letanías, 6-B",41013,,sevilla,Sevilla,954782101,41016693.edu@juntadeandalucia.es,,4,36,"De 7:30 a 17:00 h, ininterrumpidamente (aula matinal 7:30-9:00, atención socioeducativa 9:00-15:30 con comedor, aula de tarde 15:30-17:00).",comedor,"Escuela Infantil Gloria Fuertes es un centro de titularidad de la Junta de Andalucía en Avda. Las Letanías, 6-B, 41013 (Sevilla), dedicado al primer ciclo de educación infantil. Atiende de 4 meses a 3 años en horario de 7:30 a 17:00 h, con comedor incluido en el tramo socioeducativo.",https://www.juntadeandalucia.es/datosabiertos/portal/dataset/centros-de-primer-ciclo-de-educacion-infantil-en-andalucia,
Villa Mariana,villa-mariana-sevilla,guarderia,privado,"C/ Valeriano Bécquer, 57",41005,,sevilla,Sevilla,665230294,ceivillamariana@gmail.com,,4,36,,,"En C/ Valeriano Bécquer, 57, 41005, Sevilla, se encuentra Villa Mariana, centro de educación infantil de primer ciclo (0-3 años), adherido al Programa de Ayuda a las Familias de la Junta de Andalucía. La ficha no incluye todavía servicios verificados más allá del registro oficial de la Junta de Andalucía.",https://www.juntadeandalucia.es/datosabiertos/portal/dataset/centros-de-primer-ciclo-de-educacion-infantil-en-andalucia,
El castillo mágico San Diego,el-castillo-magico-san-diego-sevilla,guarderia,privado,"Bda. San Diego, 58-A",41015,San Diego,sevilla,Sevilla,640643553,ceielcastillomagicosandiego@gmail.com,,4,36,,,"El castillo mágico San Diego, con sede en Bda. San Diego, 58-A, 41015 (Sevilla), figura en el listado de centros de primer ciclo de educación infantil de la Junta de Andalucía, adherido al Programa de Ayuda a las Familias de la Junta de Andalucía. Recomendamos confirmar servicios y horario directamente con el centro.",https://www.juntadeandalucia.es/datosabiertos/portal/dataset/centros-de-primer-ciclo-de-educacion-infantil-en-andalucia,
Snoopy II,snoopy-ii-sevilla,guarderia,privado,"C/ Mar Menor, 17-18",41015,,sevilla,Sevilla,648513556,cei.snoopy2@gmail.com,,4,36,,,"En C/ Mar Menor, 17-18, 41015, Sevilla, se encuentra Snoopy II, centro de educación infantil de primer ciclo (0-3 años), adherido al Programa de Ayuda a las Familias de la Junta de Andalucía. La ficha no incluye todavía servicios verificados más allá del registro oficial de la Junta de Andalucía.",https://www.juntadeandalucia.es/datosabiertos/portal/dataset/centros-de-primer-ciclo-de-educacion-infantil-en-andalucia,
Tambor,tambor-sevilla,guarderia,privado,"C/ Castilla, 77-79 Acc",41010,,sevilla,Sevilla,954342574,tambor79@hotmail.com,,4,36,,,"Tambor atiende el primer ciclo de educación infantil (0-3 años) en C/ Castilla, 77-79 Acc, 41010, Sevilla. Es un centro adherido al Programa de Ayuda a las Familias de la Junta de Andalucía. Los servicios específicos del centro no están confirmados en fuente oficial; conviene solicitarlos directamente.",https://www.juntadeandalucia.es/datosabiertos/portal/dataset/centros-de-primer-ciclo-de-educacion-infantil-en-andalucia,
Bicho III,bicho-iii-sevilla,guarderia,privado,"Parque Empresarial Torneo, c/ Arquitectura, torre 9, locales del 4 al 7",41015,,sevilla,Sevilla,954940049,eibicho@hotmail.com,https://escuelainfantilbicho.com/,4,36,,ingles;musica;escuela-de-padres;catering,"Situado en Parque Empresarial Torneo, c/ Arquitectura, torre 9, locales del 4 al 7, 41015, Sevilla, Bicho III es un centro de educación infantil privado de primer ciclo (0-3 años) que, según fuente propia, cuenta con inglés, música, escuela de padres y madres, catering.",https://www.juntadeandalucia.es/datosabiertos/portal/dataset/centros-de-primer-ciclo-de-educacion-infantil-en-andalucia,
Cuentacuentos,cuentacuentos-sevilla,guarderia,privado,"C/ Carmen Conde, 8, Locales 37 y 38",41019,,sevilla,Sevilla,670866411,cuentacuentos.sevilla@hotmail.com,,4,36,,,"Localizado en C/ Carmen Conde, 8, Locales 37 y 38, 41019, Sevilla, Cuentacuentos es un centro privado incluido en el registro de centros de primer ciclo de educación infantil de la Junta de Andalucía, adherido al Programa de Ayuda a las Familias de la Junta de Andalucía. No hay constancia oficial de servicios adicionales.",https://www.juntadeandalucia.es/datosabiertos/portal/dataset/centros-de-primer-ciclo-de-educacion-infantil-en-andalucia,
El Osito Azul I,el-osito-azul-i-sevilla,guarderia,privado,"Plaza de Forja XXI, s/n",41006,,sevilla,Sevilla,954922088,el_osito_azul@telefonica.net,,4,36,,,"El Osito Azul I atiende el primer ciclo de educación infantil (0-3 años) en Plaza de Forja XXI, s/n, 41006, Sevilla. Es un centro adherido al Programa de Ayuda a las Familias de la Junta de Andalucía. Los servicios específicos del centro no están confirmados en fuente oficial; conviene solicitarlos directamente.",https://www.juntadeandalucia.es/datosabiertos/portal/dataset/centros-de-primer-ciclo-de-educacion-infantil-en-andalucia,
El Osito Azul II,el-osito-azul-ii-sevilla,guarderia,privado,"Plaza de la Carlota, s/n",41006,,sevilla,Sevilla,954922088,el_osito_azul@telefonica.net,,4,36,,,"En Plaza de la Carlota, s/n, 41006, Sevilla, se encuentra El Osito Azul II, centro de educación infantil de primer ciclo (0-3 años), adherido al Programa de Ayuda a las Familias de la Junta de Andalucía. La ficha no incluye todavía servicios verificados más allá del registro oficial de la Junta de Andalucía.",https://www.juntadeandalucia.es/datosabiertos/portal/dataset/centros-de-primer-ciclo-de-educacion-infantil-en-andalucia,
Las 4 Estaciones II,las-4-estaciones-ii-sevilla,guarderia,privado,"C/ San Vicente de Paúl, 8 E",41010,,sevilla,Sevilla,655840147,triana@las4estaciones.net,,4,36,,,"En C/ San Vicente de Paúl, 8 E, 41010, Sevilla, se encuentra Las 4 Estaciones II, centro de educación infantil de primer ciclo (0-3 años), adherido al Programa de Ayuda a las Familias de la Junta de Andalucía. La ficha no incluye todavía servicios verificados más allá del registro oficial de la Junta de Andalucía.",https://www.juntadeandalucia.es/datosabiertos/portal/dataset/centros-de-primer-ciclo-de-educacion-infantil-en-andalucia,
Las Góndolas,las-gondolas-sevilla,guarderia,privado,"C/ Cueva de Menga, 1, Local 4",41020,,sevilla,Sevilla,637061480,lasgondolasescuelainfantil@gmail.com,,4,36,,,"Las Góndolas, con sede en C/ Cueva de Menga, 1, Local 4, 41020 (Sevilla), figura en el listado de centros de primer ciclo de educación infantil de la Junta de Andalucía, adherido al Programa de Ayuda a las Familias de la Junta de Andalucía. Recomendamos confirmar servicios y horario directamente con el centro.",https://www.juntadeandalucia.es/datosabiertos/portal/dataset/centros-de-primer-ciclo-de-educacion-infantil-en-andalucia,
Ratón Pérez 2,raton-perez-2-sevilla,guarderia,privado,"Avda. Manuel Siurot, 3- Bloque 8",41013,,sevilla,Sevilla,607742498,e.ratonperez@gmail.com,,4,36,,,"Ratón Pérez 2 atiende el primer ciclo de educación infantil (0-3 años) en Avda. Manuel Siurot, 3- Bloque 8, 41013, Sevilla. Es un centro adherido al Programa de Ayuda a las Familias de la Junta de Andalucía. Los servicios específicos del centro no están confirmados en fuente oficial; conviene solicitarlos directamente.",https://www.juntadeandalucia.es/datosabiertos/portal/dataset/centros-de-primer-ciclo-de-educacion-infantil-en-andalucia,
Virgen del Refugio,virgen-del-refugio-sevilla,guarderia,privado,"C/ Campamento, 19",41018,,sevilla,Sevilla,954531557,41017843.edu@juntadeandalucia.es,,4,36,,,"Virgen del Refugio es un centro privado de educación infantil de primer ciclo en C/ Campamento, 19, 41018 (Sevilla), adherido al Programa de Ayuda a las Familias de la Junta de Andalucía según el registro oficial. No hay servicios adicionales confirmados en fuente oficial; se recomienda consultarlos directamente con el centro.",https://www.juntadeandalucia.es/datosabiertos/portal/dataset/centros-de-primer-ciclo-de-educacion-infantil-en-andalucia,
Piolín,piolin-sevilla,guarderia,privado,"C/ Salobreña, 9, bajo. Bda. Doctora Este",41006,Doctora Este,sevilla,Sevilla,954256350,piolinasma@hotmail.com,,4,36,,,"Piolín, con sede en C/ Salobreña, 9, bajo. Bda. Doctora Este, 41006 (Sevilla), figura en el listado de centros de primer ciclo de educación infantil de la Junta de Andalucía, adherido al Programa de Ayuda a las Familias de la Junta de Andalucía. Recomendamos confirmar servicios y horario directamente con el centro.",https://www.juntadeandalucia.es/datosabiertos/portal/dataset/centros-de-primer-ciclo-de-educacion-infantil-en-andalucia,
Gente Menuda 3,gente-menuda-3-sevilla,guarderia,privado,"Avda. Parsi, 5",41016,,sevilla,Sevilla,954070652,chelorabade@msn.com,https://www.gentemenuda.es/,4,36,De 7:30 a 17:00 h.,comedor;bilingue;patio-exterior;uniformes,"Gente Menuda 3 es un centro privado de educación infantil de primer ciclo en Avda. Parsi, 5, 41016 (Sevilla), dirigido a niños de 0 a 3 años. Según su propia web oficial, ofrece los siguientes servicios: comedor, proyecto bilingüe, patio exterior, uniforme.",https://www.juntadeandalucia.es/datosabiertos/portal/dataset/centros-de-primer-ciclo-de-educacion-infantil-en-andalucia,
Nuestra Señora de Nazaret,nuestra-senora-de-nazaret-sevilla,guarderia,privado,"C/ Salobreña, 2",41006,,sevilla,Sevilla,618462362,cei.nsnazaret@hotmail.com,,4,36,,,"Localizado en C/ Salobreña, 2, 41006, Sevilla, Nuestra Señora de Nazaret es un centro privado incluido en el registro de centros de primer ciclo de educación infantil de la Junta de Andalucía, adherido al Programa de Ayuda a las Familias de la Junta de Andalucía. No hay constancia oficial de servicios adicionales.",https://www.juntadeandalucia.es/datosabiertos/portal/dataset/centros-de-primer-ciclo-de-educacion-infantil-en-andalucia,
Los Peques,los-peques-sevilla,guarderia,privado,"Avda. Parque Amate, 2-4",41006,,sevilla,Sevilla,633320118,guardepeques@yahoo.es;41017958.edu@juntadeandalucia.es,,4,36,,,"Los Peques atiende el primer ciclo de educación infantil (0-3 años) en Avda. Parque Amate, 2-4, 41006, Sevilla. Es un centro adherido al Programa de Ayuda a las Familias de la Junta de Andalucía. Los servicios específicos del centro no están confirmados en fuente oficial; conviene solicitarlos directamente.",https://www.juntadeandalucia.es/datosabiertos/portal/dataset/centros-de-primer-ciclo-de-educacion-infantil-en-andalucia,
Fresa,fresa-sevilla,guarderia,privado,"C/ Afán de Ribera, 145",41006,,sevilla,Sevilla,655379711,fresaei@gmail.com,,4,36,,,"En C/ Afán de Ribera, 145, 41006, Sevilla, se encuentra Fresa, centro de educación infantil de primer ciclo (0-3 años), adherido al Programa de Ayuda a las Familias de la Junta de Andalucía. La ficha no incluye todavía servicios verificados más allá del registro oficial de la Junta de Andalucía.",https://www.juntadeandalucia.es/datosabiertos/portal/dataset/centros-de-primer-ciclo-de-educacion-infantil-en-andalucia,
Los Colorines,los-colorines-sevilla,guarderia,privado,"Avda. Parque Amate, 12 Bajo",41006,,sevilla,Sevilla,658698345,ana.eicsevilla@gmail.com,,4,36,,,"Localizado en Avda. Parque Amate, 12 Bajo, 41006, Sevilla, Los Colorines es un centro privado incluido en el registro de centros de primer ciclo de educación infantil de la Junta de Andalucía, adherido al Programa de Ayuda a las Familias de la Junta de Andalucía. No hay constancia oficial de servicios adicionales.",https://www.juntadeandalucia.es/datosabiertos/portal/dataset/centros-de-primer-ciclo-de-educacion-infantil-en-andalucia,
Piruleta,piruleta-sevilla,guarderia,privado,"Plaza Doctor González Gramaje, 7- Local",41005,,sevilla,Sevilla,954705076,piruletaguga@gmail.com,,4,36,,,"Localizado en Plaza Doctor González Gramaje, 7- Local, 41005, Sevilla, Piruleta es un centro privado incluido en el registro de centros de primer ciclo de educación infantil de la Junta de Andalucía, adherido al Programa de Ayuda a las Familias de la Junta de Andalucía. No hay constancia oficial de servicios adicionales.",https://www.juntadeandalucia.es/datosabiertos/portal/dataset/centros-de-primer-ciclo-de-educacion-infantil-en-andalucia,
El Anclita,el-anclita-sevilla,guarderia,privado,"C/ Arqueología, 2",41015,,sevilla,Sevilla,611391730,cei.elanclita@gmail.com,,4,36,,,"El Anclita atiende el primer ciclo de educación infantil (0-3 años) en C/ Arqueología, 2, 41015, Sevilla. Es un centro adherido al Programa de Ayuda a las Familias de la Junta de Andalucía. Los servicios específicos del centro no están confirmados en fuente oficial; conviene solicitarlos directamente.",https://www.juntadeandalucia.es/datosabiertos/portal/dataset/centros-de-primer-ciclo-de-educacion-infantil-en-andalucia,
Los Increíbles,los-increibles-sevilla,guarderia,privado,"C/ Traviesa, 25, locales 11D-12D",41015,,sevilla,Sevilla,640753142,eilosincreibles@hotmail.com,,4,36,,,"Localizado en C/ Traviesa, 25, locales 11D-12D, 41015, Sevilla, Los Increíbles es un centro privado incluido en el registro de centros de primer ciclo de educación infantil de la Junta de Andalucía, adherido al Programa de Ayuda a las Familias de la Junta de Andalucía. No hay constancia oficial de servicios adicionales.",https://www.juntadeandalucia.es/datosabiertos/portal/dataset/centros-de-primer-ciclo-de-educacion-infantil-en-andalucia,
El Pisotón,el-pisoton-sevilla,guarderia,privado,"C/ Alcolea del Río, 12. Bda. Torreblanca",41016,Torreblanca,sevilla,Sevilla,658327525,ladelbabyamarillo@hotmail.com,,4,36,,,"El Pisotón es un centro privado de educación infantil de primer ciclo en C/ Alcolea del Río, 12. Bda. Torreblanca, 41016 (Sevilla), adherido al Programa de Ayuda a las Familias de la Junta de Andalucía según el registro oficial. No hay servicios adicionales confirmados en fuente oficial; se recomienda consultarlos directamente con el centro.",https://www.juntadeandalucia.es/datosabiertos/portal/dataset/centros-de-primer-ciclo-de-educacion-infantil-en-andalucia,
Las Margaritas de la Salle,las-margaritas-de-la-salle-sevilla,guarderia,privado,"C/ San Juan de la Salle, 24",41008,,sevilla,Sevilla,659769198,info@eilasmargaritas.com,,4,36,,,"Localizado en C/ San Juan de la Salle, 24, 41008, Sevilla, Las Margaritas de la Salle es un centro privado incluido en el registro de centros de primer ciclo de educación infantil de la Junta de Andalucía, adherido al Programa de Ayuda a las Familias de la Junta de Andalucía. No hay constancia oficial de servicios adicionales.",https://www.juntadeandalucia.es/datosabiertos/portal/dataset/centros-de-primer-ciclo-de-educacion-infantil-en-andalucia,
Snoopy 6,snoopy-6-sevilla,guarderia,privado,"C/ Sábalo, 5",41015,,sevilla,Sevilla,954905010,41018331.edu@juntadeandalucia.es,,4,36,,,"Centro de educación infantil de primer ciclo situado en C/ Sábalo, 5, 41015, Sevilla: Snoopy 6, adherido al Programa de Ayuda a las Familias de la Junta de Andalucía. No consta información oficial adicional sobre servicios concretos en el momento de esta consulta.",https://www.juntadeandalucia.es/datosabiertos/portal/dataset/centros-de-primer-ciclo-de-educacion-infantil-en-andalucia,
El Bosque de Cardol,el-bosque-de-cardol-sevilla,guarderia,privado,"C/ Agricultores, 4, Locales 1-2",41015,,sevilla,Sevilla,954953320,Pj.eugenia@gmail.com  ; 41018343.edu@juntadeandalucia.es,,4,36,,,"Centro de educación infantil de primer ciclo situado en C/ Agricultores, 4, Locales 1-2, 41015, Sevilla: El Bosque de Cardol, adherido al Programa de Ayuda a las Familias de la Junta de Andalucía. No consta información oficial adicional sobre servicios concretos en el momento de esta consulta.",https://www.juntadeandalucia.es/datosabiertos/portal/dataset/centros-de-primer-ciclo-de-educacion-infantil-en-andalucia,
Patín Royal - San Antonio,patin-royal-san-antonio-sevilla,guarderia,privado,"C/ Via Flavia, 14 - A, Polígono Industrial El Pino",41016,,sevilla,Sevilla,610858440,royal@escuelainfantilpatin.com,,4,36,,,"Localizado en C/ Via Flavia, 14 - A, Polígono Industrial El Pino, 41016, Sevilla, Patín Royal - San Antonio es un centro privado incluido en el registro de centros de primer ciclo de educación infantil de la Junta de Andalucía, adherido al Programa de Ayuda a las Familias de la Junta de Andalucía. No hay constancia oficial de servicios adicionales.",https://www.juntadeandalucia.es/datosabiertos/portal/dataset/centros-de-primer-ciclo-de-educacion-infantil-en-andalucia,
Sunny School,sunny-school-sevilla,guarderia,privado,"C/ Tren Changay, local 5-A",41015,,sevilla,Sevilla,692530190,ceisunnyschool@gmail.com,,4,36,,,"En C/ Tren Changay, local 5-A, 41015, Sevilla, se encuentra Sunny School, centro de educación infantil de primer ciclo (0-3 años), adherido al Programa de Ayuda a las Familias de la Junta de Andalucía. La ficha no incluye todavía servicios verificados más allá del registro oficial de la Junta de Andalucía.",https://www.juntadeandalucia.es/datosabiertos/portal/dataset/centros-de-primer-ciclo-de-educacion-infantil-en-andalucia,
"LA, LA, LA",la-la-la-sevilla,guarderia,privado,"C/ Ildefonso Marañón Lavín, 12 local 4",41019,,sevilla,Sevilla,677792340,41018574.edu@juntadeandalucia.es/nrodriguezcaero@yahoo.es,,4,36,,,"En C/ Ildefonso Marañón Lavín, 12 local 4, 41019, Sevilla, se encuentra LA, LA, LA, centro de educación infantil de primer ciclo (0-3 años), adherido al Programa de Ayuda a las Familias de la Junta de Andalucía. La ficha no incluye todavía servicios verificados más allá del registro oficial de la Junta de Andalucía.",https://www.juntadeandalucia.es/datosabiertos/portal/dataset/centros-de-primer-ciclo-de-educacion-infantil-en-andalucia,
Mi Bombón,mi-bombon-sevilla,guarderia,privado,"C/ Mallorca, 34",41014,,sevilla,Sevilla,609356236,stefi_reyes@hotmail.com,,4,36,,,"Centro de educación infantil de primer ciclo situado en C/ Mallorca, 34, 41014, Sevilla: Mi Bombón, adherido al Programa de Ayuda a las Familias de la Junta de Andalucía. No consta información oficial adicional sobre servicios concretos en el momento de esta consulta.",https://www.juntadeandalucia.es/datosabiertos/portal/dataset/centros-de-primer-ciclo-de-educacion-infantil-en-andalucia,
Ratón Pérez,raton-perez-sevilla,guarderia,privado,"C/ Arcos, 31 A",41011,,sevilla,Sevilla,954005550,antoenca@gmail.com,,4,36,,,"Localizado en C/ Arcos, 31 A, 41011, Sevilla, Ratón Pérez es un centro privado incluido en el registro de centros de primer ciclo de educación infantil de la Junta de Andalucía, no adherido al Programa de Ayuda a las Familias de la Junta de Andalucía. No hay constancia oficial de servicios adicionales.",https://www.juntadeandalucia.es/datosabiertos/portal/dataset/centros-de-primer-ciclo-de-educacion-infantil-en-andalucia,
Fresa 2,fresa-2-sevilla,guarderia,privado,"C/ Ntra. Sra. de los Dolores, 27, Local",41006,,sevilla,Sevilla,655379711,fresaei@gmail.com,,4,36,,,"Centro de educación infantil de primer ciclo situado en C/ Ntra. Sra. de los Dolores, 27, Local, 41006, Sevilla: Fresa 2, adherido al Programa de Ayuda a las Familias de la Junta de Andalucía. No consta información oficial adicional sobre servicios concretos en el momento de esta consulta.",https://www.juntadeandalucia.es/datosabiertos/portal/dataset/centros-de-primer-ciclo-de-educacion-infantil-en-andalucia,
El Gusanito,el-gusanito-sevilla,guarderia,privado,"Avda. Flota de Indias, 20 Bajo",41011,,sevilla,Sevilla,661827657,eielgusanito@gmail.com,,4,36,,,"El Gusanito, con sede en Avda. Flota de Indias, 20 Bajo, 41011 (Sevilla), figura en el listado de centros de primer ciclo de educación infantil de la Junta de Andalucía, adherido al Programa de Ayuda a las Familias de la Junta de Andalucía. Recomendamos confirmar servicios y horario directamente con el centro.",https://www.juntadeandalucia.es/datosabiertos/portal/dataset/centros-de-primer-ciclo-de-educacion-infantil-en-andalucia,
Soletes,soletes-sevilla,guarderia,privado,"C/ Dr. Nieto Barrera, Portal B-Bajo, pta. 1",41020,,sevilla,Sevilla,954409701,guarderiasoletes@gmail.com,,4,36,,,"Soletes es un centro privado de educación infantil de primer ciclo en C/ Dr. Nieto Barrera, Portal B-Bajo, pta. 1, 41020 (Sevilla), adherido al Programa de Ayuda a las Familias de la Junta de Andalucía según el registro oficial. No hay servicios adicionales confirmados en fuente oficial; se recomienda consultarlos directamente con el centro.",https://www.juntadeandalucia.es/datosabiertos/portal/dataset/centros-de-primer-ciclo-de-educacion-infantil-en-andalucia,
Patín Macarena,patin-macarena-sevilla,guarderia,privado,"C/ Juan Manuel Rodríguez Correa, 5-7",41009,,sevilla,Sevilla,954367913,macarena@escuelainfantilpatin.com,,4,36,,,"Patín Macarena es un centro privado de educación infantil de primer ciclo en C/ Juan Manuel Rodríguez Correa, 5-7, 41009 (Sevilla), adherido al Programa de Ayuda a las Familias de la Junta de Andalucía según el registro oficial. No hay servicios adicionales confirmados en fuente oficial; se recomienda consultarlos directamente con el centro.",https://www.juntadeandalucia.es/datosabiertos/portal/dataset/centros-de-primer-ciclo-de-educacion-infantil-en-andalucia,
La Estrella,la-estrella-sevilla,guarderia,privado,"C/ Virgen de la Estrella, 5-Bajo",41011,,sevilla,Sevilla,648987667,info@laestrellacei.com,,4,36,,,"La Estrella atiende el primer ciclo de educación infantil (0-3 años) en C/ Virgen de la Estrella, 5-Bajo, 41011, Sevilla. Es un centro adherido al Programa de Ayuda a las Familias de la Junta de Andalucía. Los servicios específicos del centro no están confirmados en fuente oficial; conviene solicitarlos directamente.",https://www.juntadeandalucia.es/datosabiertos/portal/dataset/centros-de-primer-ciclo-de-educacion-infantil-en-andalucia,
Delfín,delfin-sevilla,guarderia,privado,"C/ Nueva Delhi. Edif. El Marquesado, local 6",41020,,sevilla,Sevilla,954077788,nuibre@hotmail.com,,4,36,,,"Localizado en C/ Nueva Delhi. Edif. El Marquesado, local 6, 41020, Sevilla, Delfín es un centro privado incluido en el registro de centros de primer ciclo de educación infantil de la Junta de Andalucía, adherido al Programa de Ayuda a las Familias de la Junta de Andalucía. No hay constancia oficial de servicios adicionales.",https://www.juntadeandalucia.es/datosabiertos/portal/dataset/centros-de-primer-ciclo-de-educacion-infantil-en-andalucia,
Pajaroto,pajaroto-sevilla,guarderia,privado,"C/ Urbión, 15, Local",41005,,sevilla,Sevilla,954094050,c.e.i.pajaroto@gmail.com,,4,36,,,"Pajaroto atiende el primer ciclo de educación infantil (0-3 años) en C/ Urbión, 15, Local, 41005, Sevilla. Es un centro adherido al Programa de Ayuda a las Familias de la Junta de Andalucía. Los servicios específicos del centro no están confirmados en fuente oficial; conviene solicitarlos directamente.",https://www.juntadeandalucia.es/datosabiertos/portal/dataset/centros-de-primer-ciclo-de-educacion-infantil-en-andalucia,
La Casita,la-casita-sevilla,guarderia,privado,"C/ Lazurita, 16",41020,,sevilla,Sevilla,655856202,margaduque1@gmail.com,,4,36,,,"En C/ Lazurita, 16, 41020, Sevilla, se encuentra La Casita, centro de educación infantil de primer ciclo (0-3 años), adherido al Programa de Ayuda a las Familias de la Junta de Andalucía. La ficha no incluye todavía servicios verificados más allá del registro oficial de la Junta de Andalucía.",https://www.juntadeandalucia.es/datosabiertos/portal/dataset/centros-de-primer-ciclo-de-educacion-infantil-en-andalucia,
My nursery,my-nursery-sevilla,guarderia,privado,"C/ Pérez Hervás, 9, bajo izquierda",41003,,sevilla,Sevilla,622137896,micentrodeeducacioninfantil@gmail.com,,4,36,,,"My nursery es un centro privado de educación infantil de primer ciclo en C/ Pérez Hervás, 9, bajo izquierda, 41003 (Sevilla), no adherido al Programa de Ayuda a las Familias de la Junta de Andalucía según el registro oficial. No hay servicios adicionales confirmados en fuente oficial; se recomienda consultarlos directamente con el centro.",https://www.juntadeandalucia.es/datosabiertos/portal/dataset/centros-de-primer-ciclo-de-educacion-infantil-en-andalucia,
Yurumi,yurumi-sevilla,guarderia,privado,"C/ Gaspar de Alvear, 2 y 4, local",41009,,sevilla,Sevilla,646344416,jardindeinfanciayurumi@gmail.com,,4,36,,,"En C/ Gaspar de Alvear, 2 y 4, local, 41009, Sevilla, se encuentra Yurumi, centro de educación infantil de primer ciclo (0-3 años), adherido al Programa de Ayuda a las Familias de la Junta de Andalucía. La ficha no incluye todavía servicios verificados más allá del registro oficial de la Junta de Andalucía.",https://www.juntadeandalucia.es/datosabiertos/portal/dataset/centros-de-primer-ciclo-de-educacion-infantil-en-andalucia,
La Casita de Chocolate,la-casita-de-chocolate-sevilla,guarderia,privado,"Avda. La Calesera, 33, puertas 24 y 25",41006,,sevilla,Sevilla,677132725,ceilacasitadechocolate@gmail.com,,4,36,,,"La Casita de Chocolate, con sede en Avda. La Calesera, 33, puertas 24 y 25, 41006 (Sevilla), figura en el listado de centros de primer ciclo de educación infantil de la Junta de Andalucía, adherido al Programa de Ayuda a las Familias de la Junta de Andalucía. Recomendamos confirmar servicios y horario directamente con el centro.",https://www.juntadeandalucia.es/datosabiertos/portal/dataset/centros-de-primer-ciclo-de-educacion-infantil-en-andalucia,
La Mía,la-mia-sevilla,guarderia,privado,"C/ Luís Ortiz Muñoz. Bda. Martínez Montañés, conjunto 1. Bq. 2",41013,Martínez Montañés,sevilla,Sevilla,954621515,lamia@cruzroja.es ; 41019414.edu@juntadeandalucia.es,,4,36,,,"La Mía es un centro privado de educación infantil de primer ciclo en C/ Luís Ortiz Muñoz. Bda. Martínez Montañés, conjunto 1. Bq. 2, 41013 (Sevilla), adherido al Programa de Ayuda a las Familias de la Junta de Andalucía según el registro oficial. No hay servicios adicionales confirmados en fuente oficial; se recomienda consultarlos directamente con el centro.",https://www.juntadeandalucia.es/datosabiertos/portal/dataset/centros-de-primer-ciclo-de-educacion-infantil-en-andalucia,
La Locomotora,la-locomotora-sevilla,guarderia,privado,"C/ Urbano Orad, 9",41020,,sevilla,Sevilla,607192253,cei.la.locomotora@gmail.com,,4,36,,,"La Locomotora es un centro privado de educación infantil de primer ciclo en C/ Urbano Orad, 9, 41020 (Sevilla), adherido al Programa de Ayuda a las Familias de la Junta de Andalucía según el registro oficial. No hay servicios adicionales confirmados en fuente oficial; se recomienda consultarlos directamente con el centro.",https://www.juntadeandalucia.es/datosabiertos/portal/dataset/centros-de-primer-ciclo-de-educacion-infantil-en-andalucia,
Los Diminutos 2,los-diminutos-2-sevilla,guarderia,privado,"Avda. Sánchez Pizjuán, 21, local 1",41009,,sevilla,Sevilla,609549144,losdiminutos1y2@gmail.com,,4,36,,,"Los Diminutos 2 atiende el primer ciclo de educación infantil (0-3 años) en Avda. Sánchez Pizjuán, 21, local 1, 41009, Sevilla. Es un centro adherido al Programa de Ayuda a las Familias de la Junta de Andalucía. Los servicios específicos del centro no están confirmados en fuente oficial; conviene solicitarlos directamente.",https://www.juntadeandalucia.es/datosabiertos/portal/dataset/centros-de-primer-ciclo-de-educacion-infantil-en-andalucia,
Mamá Canguro II,mama-canguro-ii-sevilla,guarderia,privado,"C/ Aragón, 120, Local",41006,,sevilla,Sevilla,626463916,mamacangurodos@hotmail.com,,4,36,,,"En C/ Aragón, 120, Local, 41006, Sevilla, se encuentra Mamá Canguro II, centro de educación infantil de primer ciclo (0-3 años), adherido al Programa de Ayuda a las Familias de la Junta de Andalucía. La ficha no incluye todavía servicios verificados más allá del registro oficial de la Junta de Andalucía.",https://www.juntadeandalucia.es/datosabiertos/portal/dataset/centros-de-primer-ciclo-de-educacion-infantil-en-andalucia,
Tico Tico,tico-tico-sevilla,guarderia,privado,"C/ Estrella Altair, 2, local 6",41015,,sevilla,Sevilla,628207463,mticotico@yahoo.es,,4,36,,,"Tico Tico, con sede en C/ Estrella Altair, 2, local 6, 41015 (Sevilla), figura en el listado de centros de primer ciclo de educación infantil de la Junta de Andalucía, adherido al Programa de Ayuda a las Familias de la Junta de Andalucía. Recomendamos confirmar servicios y horario directamente con el centro.",https://www.juntadeandalucia.es/datosabiertos/portal/dataset/centros-de-primer-ciclo-de-educacion-infantil-en-andalucia,
Snoopy 8,snoopy-8-sevilla,guarderia,privado,"C/ San Roque, 6 y 8",41001,,sevilla,Sevilla,954210595,snoopyocho@hotmail.com,,4,36,,,"En C/ San Roque, 6 y 8, 41001, Sevilla, se encuentra Snoopy 8, centro de educación infantil de primer ciclo (0-3 años), adherido al Programa de Ayuda a las Familias de la Junta de Andalucía. La ficha no incluye todavía servicios verificados más allá del registro oficial de la Junta de Andalucía.",https://www.juntadeandalucia.es/datosabiertos/portal/dataset/centros-de-primer-ciclo-de-educacion-infantil-en-andalucia,
Smile Recaredo,smile-recaredo-sevilla,guarderia,privado,"C/ Recaredo, 2",41003,,sevilla,Sevilla,636338657,direccion@educasmile.es,,4,36,,,"Smile Recaredo es un centro privado de educación infantil de primer ciclo en C/ Recaredo, 2, 41003 (Sevilla), no adherido al Programa de Ayuda a las Familias de la Junta de Andalucía según el registro oficial. No hay servicios adicionales confirmados en fuente oficial; se recomienda consultarlos directamente con el centro.",https://www.juntadeandalucia.es/datosabiertos/portal/dataset/centros-de-primer-ciclo-de-educacion-infantil-en-andalucia,
El Sabio 2,el-sabio-2-sevilla,guarderia,privado,"Avda. de Bellavista, 43",41014,,sevilla,Sevilla,607303351,guarderiakirikou@gmail.com,,4,36,,,"El Sabio 2 atiende el primer ciclo de educación infantil (0-3 años) en Avda. de Bellavista, 43, 41014, Sevilla. Es un centro adherido al Programa de Ayuda a las Familias de la Junta de Andalucía. Los servicios específicos del centro no están confirmados en fuente oficial; conviene solicitarlos directamente.",https://www.juntadeandalucia.es/datosabiertos/portal/dataset/centros-de-primer-ciclo-de-educacion-infantil-en-andalucia,
Full Moon,full-moon-sevilla,guarderia,privado,"C/ Valladares, 4 y 6",41010,,sevilla,Sevilla,954331231,escuelafullmoon@hotmail.es; alvarezmalia@hotmail.com,,4,36,,,"Full Moon es un centro privado de educación infantil de primer ciclo en C/ Valladares, 4 y 6, 41010 (Sevilla), adherido al Programa de Ayuda a las Familias de la Junta de Andalucía según el registro oficial. No hay servicios adicionales confirmados en fuente oficial; se recomienda consultarlos directamente con el centro.",https://www.juntadeandalucia.es/datosabiertos/portal/dataset/centros-de-primer-ciclo-de-educacion-infantil-en-andalucia,
Petits 2,petits-2-sevilla,guarderia,privado,"C/ Juan Rabadán, s/n. Plaza del Bajondillo, locales 1, 2, 3 y 4",41002,,sevilla,Sevilla,647802795,administracion@ceipetits2.es,,4,36,,,"Localizado en C/ Juan Rabadán, s/n. Plaza del Bajondillo, locales 1, 2, 3 y 4, 41002, Sevilla, Petits 2 es un centro privado incluido en el registro de centros de primer ciclo de educación infantil de la Junta de Andalucía, adherido al Programa de Ayuda a las Familias de la Junta de Andalucía. No hay constancia oficial de servicios adicionales.",https://www.juntadeandalucia.es/datosabiertos/portal/dataset/centros-de-primer-ciclo-de-educacion-infantil-en-andalucia,
Ciempiés,ciempies-sevilla,guarderia,privado,"C/ Alcalde Isacio Contreras, 9, local",41003,,sevilla,Sevilla,644559412,Ciempies@escuelainfantilciempies.es,,4,36,,,"Ciempiés es un centro privado de educación infantil de primer ciclo en C/ Alcalde Isacio Contreras, 9, local, 41003 (Sevilla), adherido al Programa de Ayuda a las Familias de la Junta de Andalucía según el registro oficial. No hay servicios adicionales confirmados en fuente oficial; se recomienda consultarlos directamente con el centro.",https://www.juntadeandalucia.es/datosabiertos/portal/dataset/centros-de-primer-ciclo-de-educacion-infantil-en-andalucia,
Solyluna,solyluna-sevilla,guarderia,privado,"C/ Manuel Ramón Alarcón, 16",41007,,sevilla,Sevilla,633146501,solyluna.murube@gmail.com,,4,36,,,"En C/ Manuel Ramón Alarcón, 16, 41007, Sevilla, se encuentra Solyluna, centro de educación infantil de primer ciclo (0-3 años), adherido al Programa de Ayuda a las Familias de la Junta de Andalucía. La ficha no incluye todavía servicios verificados más allá del registro oficial de la Junta de Andalucía.",https://www.juntadeandalucia.es/datosabiertos/portal/dataset/centros-de-primer-ciclo-de-educacion-infantil-en-andalucia,
Peter Pan,peter-pan-sevilla,guarderia,privado,"Avda. de Grecia, s/n",41012,,sevilla,Sevilla,954619246,peterpan@centrospeterpan.com,,4,36,,,"Centro de educación infantil de primer ciclo situado en Avda. de Grecia, s/n, 41012, Sevilla: Peter Pan, no adherido al Programa de Ayuda a las Familias de la Junta de Andalucía. No consta información oficial adicional sobre servicios concretos en el momento de esta consulta.",https://www.juntadeandalucia.es/datosabiertos/portal/dataset/centros-de-primer-ciclo-de-educacion-infantil-en-andalucia,
Mari Carmen,mari-carmen-sevilla,guarderia,privado,"C/ Elda, 1, local 16. Parque Alcosa",41019,,sevilla,Sevilla,954513048,guarderiamaricarmen@hotmail.com,,4,36,,,"Centro de educación infantil de primer ciclo situado en C/ Elda, 1, local 16. Parque Alcosa, 41019, Sevilla: Mari Carmen, adherido al Programa de Ayuda a las Familias de la Junta de Andalucía. No consta información oficial adicional sobre servicios concretos en el momento de esta consulta.",https://www.juntadeandalucia.es/datosabiertos/portal/dataset/centros-de-primer-ciclo-de-educacion-infantil-en-andalucia,
Gente Menuda 4,gente-menuda-4-sevilla,guarderia,privado,"C/ Francisco Carrera Iglesias, 26",41006,,sevilla,Sevilla,651542428,chelorabade@msn.com,https://www.gentemenuda.es/,4,36,De 7:30 a 17:00 h.,comedor;bilingue;patio-exterior;uniformes,"Gente Menuda 4, con sede en C/ Francisco Carrera Iglesias, 26, 41006 (Sevilla), es un centro privado de primer ciclo de educación infantil que confirma en su web oficial servicios como comedor, proyecto bilingüe, patio exterior, uniforme.",https://www.juntadeandalucia.es/datosabiertos/portal/dataset/centros-de-primer-ciclo-de-educacion-infantil-en-andalucia,
Caramelo,caramelo-sevilla,guarderia,privado,"C/ Profesor Manuel Clavero Arévalo, MC 2.2, locales K y L",41019,,sevilla,Sevilla,954523598,"documentacion.caramelo@gmail,com",,4,36,,,"Localizado en C/ Profesor Manuel Clavero Arévalo, MC 2.2, locales K y L, 41019, Sevilla, Caramelo es un centro privado incluido en el registro de centros de primer ciclo de educación infantil de la Junta de Andalucía, adherido al Programa de Ayuda a las Familias de la Junta de Andalucía. No hay constancia oficial de servicios adicionales.",https://www.juntadeandalucia.es/datosabiertos/portal/dataset/centros-de-primer-ciclo-de-educacion-infantil-en-andalucia,
El Nido de la Palmera,el-nido-de-la-palmera-sevilla,guarderia,privado,"Ctra. Su Eminencia, 2-B",41013,,sevilla,Sevilla,954749320,nidodelapalmera@centrospeterpan.com,,4,36,,,"En Ctra. Su Eminencia, 2-B, 41013, Sevilla, se encuentra El Nido de la Palmera, centro de educación infantil de primer ciclo (0-3 años), no adherido al Programa de Ayuda a las Familias de la Junta de Andalucía. La ficha no incluye todavía servicios verificados más allá del registro oficial de la Junta de Andalucía.",https://www.juntadeandalucia.es/datosabiertos/portal/dataset/centros-de-primer-ciclo-de-educacion-infantil-en-andalucia,
Schola Snoopy,schola-snoopy-sevilla,guarderia,privado,"C/ Antonio. Maura Montaner, s/n pta. baja. Hospitales Univ.Virg.del Rocío",41013,,sevilla,Sevilla,691096770,snoopyocho@hotmail.com,,4,36,,,"Schola Snoopy atiende el primer ciclo de educación infantil (0-3 años) en C/ Antonio. Maura Montaner, s/n pta. baja. Hospitales Univ.Virg.del Rocío, 41013, Sevilla. Es un centro adherido al Programa de Ayuda a las Familias de la Junta de Andalucía. Los servicios específicos del centro no están confirmados en fuente oficial; conviene solicitarlos directamente.",https://www.juntadeandalucia.es/datosabiertos/portal/dataset/centros-de-primer-ciclo-de-educacion-infantil-en-andalucia,
Mundo Mágico,mundo-magico-sevilla,guarderia,privado,"Avda. Ildefonso Marañón Lavín, 21, Acc. A",41019,,sevilla,Sevilla,675400217,mundomagicosc@gmail.com,,4,36,,,"Mundo Mágico, con sede en Avda. Ildefonso Marañón Lavín, 21, Acc. A, 41019 (Sevilla), figura en el listado de centros de primer ciclo de educación infantil de la Junta de Andalucía, adherido al Programa de Ayuda a las Familias de la Junta de Andalucía. Recomendamos confirmar servicios y horario directamente con el centro.",https://www.juntadeandalucia.es/datosabiertos/portal/dataset/centros-de-primer-ciclo-de-educacion-infantil-en-andalucia,
Edumundi School,edumundi-school-sevilla,guarderia,privado,"C/ Pakistán, s/n, esq. c/ Bombay, sector 15 - Plgo. Aeropuerto",41020,,sevilla,Sevilla,652413907,edumundischool@gmail.com,,4,36,,,"Edumundi School atiende el primer ciclo de educación infantil (0-3 años) en C/ Pakistán, s/n, esq. c/ Bombay, sector 15 - Plgo. Aeropuerto, 41020, Sevilla. Es un centro adherido al Programa de Ayuda a las Familias de la Junta de Andalucía. Los servicios específicos del centro no están confirmados en fuente oficial; conviene solicitarlos directamente.",https://www.juntadeandalucia.es/datosabiertos/portal/dataset/centros-de-primer-ciclo-de-educacion-infantil-en-andalucia,
Nulú,nulu-sevilla,guarderia,privado,"C/ Voltio, 2, local 2",41006,,sevilla,Sevilla,626358979,ei.nulu@gmail.com,,4,36,,,"En C/ Voltio, 2, local 2, 41006, Sevilla, se encuentra Nulú, centro de educación infantil de primer ciclo (0-3 años), adherido al Programa de Ayuda a las Familias de la Junta de Andalucía. La ficha no incluye todavía servicios verificados más allá del registro oficial de la Junta de Andalucía.",https://www.juntadeandalucia.es/datosabiertos/portal/dataset/centros-de-primer-ciclo-de-educacion-infantil-en-andalucia,
Smile Ronda Histórica,smile-ronda-historica-sevilla,guarderia,privado,"C/ San Alonso de Orozco, 3",41003,,sevilla,Sevilla,636338657,direccion@educasmile.es,,4,36,,,"Smile Ronda Histórica, con sede en C/ San Alonso de Orozco, 3, 41003 (Sevilla), figura en el listado de centros de primer ciclo de educación infantil de la Junta de Andalucía, no adherido al Programa de Ayuda a las Familias de la Junta de Andalucía. Recomendamos confirmar servicios y horario directamente con el centro.",https://www.juntadeandalucia.es/datosabiertos/portal/dataset/centros-de-primer-ciclo-de-educacion-infantil-en-andalucia,
La Ludopeque,la-ludopeque-sevilla,guarderia,privado,"Ctra. de la Esclusa, Edificio Galia Puerto. Local 9 (Puerto de Sevilla)",41011,,sevilla,Sevilla,649863934,laludoteca@laludopeque.com,,4,36,,,"Centro de educación infantil de primer ciclo situado en Ctra. de la Esclusa, Edificio Galia Puerto. Local 9 (Puerto de Sevilla), 41011, Sevilla: La Ludopeque, adherido al Programa de Ayuda a las Familias de la Junta de Andalucía. No consta información oficial adicional sobre servicios concretos en el momento de esta consulta.",https://www.juntadeandalucia.es/datosabiertos/portal/dataset/centros-de-primer-ciclo-de-educacion-infantil-en-andalucia,
La Casita II,la-casita-ii-sevilla,guarderia,privado,"Avda. del Deporte, s/n. Nuevo Mercado Sevilla-Este",41020,,sevilla,Sevilla,954402387,margaduque1@gmail.com,,4,36,,,"La Casita II atiende el primer ciclo de educación infantil (0-3 años) en Avda. del Deporte, s/n. Nuevo Mercado Sevilla-Este, 41020, Sevilla. Es un centro adherido al Programa de Ayuda a las Familias de la Junta de Andalucía. Los servicios específicos del centro no están confirmados en fuente oficial; conviene solicitarlos directamente.",https://www.juntadeandalucia.es/datosabiertos/portal/dataset/centros-de-primer-ciclo-de-educacion-infantil-en-andalucia,
Los Girasoles,los-girasoles-sevilla,guarderia,privado,"Bda. Núcleo Residencial Virgen de Gracia, 11, bajo, locales A, C y D",41008,Núcleo Residencial Virgen de Gracia,sevilla,Sevilla,672797796,cei.losgirasoles@gmail.com,,4,36,,,"En Bda. Núcleo Residencial Virgen de Gracia, 11, bajo, locales A, C y D, 41008, Sevilla, se encuentra Los Girasoles, centro de educación infantil de primer ciclo (0-3 años), adherido al Programa de Ayuda a las Familias de la Junta de Andalucía. La ficha no incluye todavía servicios verificados más allá del registro oficial de la Junta de Andalucía.",https://www.juntadeandalucia.es/datosabiertos/portal/dataset/centros-de-primer-ciclo-de-educacion-infantil-en-andalucia,
Creciendo Felices,creciendo-felices-sevilla,guarderia,privado,"C/ Camino de los Descubrimientos, s/n, Pabellón de España",41092,,sevilla,Sevilla,647271730,lauralm222@hotmail.es,,4,36,,,"Creciendo Felices es un centro privado de educación infantil de primer ciclo en C/ Camino de los Descubrimientos, s/n, Pabellón de España, 41092 (Sevilla), adherido al Programa de Ayuda a las Familias de la Junta de Andalucía según el registro oficial. No hay servicios adicionales confirmados en fuente oficial; se recomienda consultarlos directamente con el centro.",https://www.juntadeandalucia.es/datosabiertos/portal/dataset/centros-de-primer-ciclo-de-educacion-infantil-en-andalucia,
Mary Poppins 2,mary-poppins-2-sevilla,guarderia,privado,"Avda. Cardenal Bueno Monreal, 32. Acc. B",41013,,sevilla,Sevilla,645994600,cei.mpoppins@gmail.com,,4,36,,,"Localizado en Avda. Cardenal Bueno Monreal, 32. Acc. B, 41013, Sevilla, Mary Poppins 2 es un centro privado incluido en el registro de centros de primer ciclo de educación infantil de la Junta de Andalucía, adherido al Programa de Ayuda a las Familias de la Junta de Andalucía. No hay constancia oficial de servicios adicionales.",https://www.juntadeandalucia.es/datosabiertos/portal/dataset/centros-de-primer-ciclo-de-educacion-infantil-en-andalucia,
Pompitas,pompitas-sevilla,guarderia,privado,"Plaza Pedro Santos Gómez, 9, local 15",41010,,sevilla,Sevilla,651460092,pompitas.educacioninfantil@gmail.com,,4,36,,,"En Plaza Pedro Santos Gómez, 9, local 15, 41010, Sevilla, se encuentra Pompitas, centro de educación infantil de primer ciclo (0-3 años), adherido al Programa de Ayuda a las Familias de la Junta de Andalucía. La ficha no incluye todavía servicios verificados más allá del registro oficial de la Junta de Andalucía.",https://www.juntadeandalucia.es/datosabiertos/portal/dataset/centros-de-primer-ciclo-de-educacion-infantil-en-andalucia,
La Jirafa,la-jirafa-sevilla,guarderia,privado,"C/ Cortegana, 18",41006,,sevilla,Sevilla,954671366,ei_lajirafa@hotmail.com,,4,36,,,"En C/ Cortegana, 18, 41006, Sevilla, se encuentra La Jirafa, centro de educación infantil de primer ciclo (0-3 años), adherido al Programa de Ayuda a las Familias de la Junta de Andalucía. La ficha no incluye todavía servicios verificados más allá del registro oficial de la Junta de Andalucía.",https://www.juntadeandalucia.es/datosabiertos/portal/dataset/centros-de-primer-ciclo-de-educacion-infantil-en-andalucia,
El Nido de los Perdigones,el-nido-de-los-perdigones-sevilla,guarderia,privado,"C/ Perafán de Ribera, s/n",41009,,sevilla,Sevilla,628410744,direccion@elnidodelosperdigones.com,,4,36,,,"Centro de educación infantil de primer ciclo situado en C/ Perafán de Ribera, s/n, 41009, Sevilla: El Nido de los Perdigones, no adherido al Programa de Ayuda a las Familias de la Junta de Andalucía. No consta información oficial adicional sobre servicios concretos en el momento de esta consulta.",https://www.juntadeandalucia.es/datosabiertos/portal/dataset/centros-de-primer-ciclo-de-educacion-infantil-en-andalucia,
Estrella Polar,estrella-polar-sevilla,guarderia,privado,"Avda. García Morato, s/n. Factoría de Tablada",41011,,sevilla,Sevilla,602257419,eiestrellapolar@workandlife.com,,4,36,,,"Estrella Polar, con sede en Avda. García Morato, s/n. Factoría de Tablada, 41011 (Sevilla), figura en el listado de centros de primer ciclo de educación infantil de la Junta de Andalucía, no adherido al Programa de Ayuda a las Familias de la Junta de Andalucía. Recomendamos confirmar servicios y horario directamente con el centro.",https://www.juntadeandalucia.es/datosabiertos/portal/dataset/centros-de-primer-ciclo-de-educacion-infantil-en-andalucia,
Princesa del Olimpo,princesa-del-olimpo-sevilla,guarderia,privado,"C/ Parque de la Toconera, 4. Urb. Jardines de Atenea",41014,,sevilla,Sevilla,685676482,escuelainfantilprincesas@gmail.com,,4,36,,,"Localizado en C/ Parque de la Toconera, 4. Urb. Jardines de Atenea, 41014, Sevilla, Princesa del Olimpo es un centro privado incluido en el registro de centros de primer ciclo de educación infantil de la Junta de Andalucía, adherido al Programa de Ayuda a las Familias de la Junta de Andalucía. No hay constancia oficial de servicios adicionales.",https://www.juntadeandalucia.es/datosabiertos/portal/dataset/centros-de-primer-ciclo-de-educacion-infantil-en-andalucia,
Pinocho y su Amigo,pinocho-y-su-amigo-sevilla,guarderia,privado,"Plaza del Giraldillo, locales 15, 16A y 16B",41003,,sevilla,Sevilla,677470009,eipinochosevilla@gmail.com,,4,36,,,"Centro de educación infantil de primer ciclo situado en Plaza del Giraldillo, locales 15, 16A y 16B, 41003, Sevilla: Pinocho y su Amigo, adherido al Programa de Ayuda a las Familias de la Junta de Andalucía. No consta información oficial adicional sobre servicios concretos en el momento de esta consulta.",https://www.juntadeandalucia.es/datosabiertos/portal/dataset/centros-de-primer-ciclo-de-educacion-infantil-en-andalucia,
Puppy's,puppy-s-sevilla,guarderia,privado,"C/ Luxemburgo, locales 8C y 9C",41012,,sevilla,Sevilla,699219838,adiazgavino@gmail.com,,4,36,,,"Localizado en C/ Luxemburgo, locales 8C y 9C, 41012, Sevilla, Puppy's es un centro privado incluido en el registro de centros de primer ciclo de educación infantil de la Junta de Andalucía, adherido al Programa de Ayuda a las Familias de la Junta de Andalucía. No hay constancia oficial de servicios adicionales.",https://www.juntadeandalucia.es/datosabiertos/portal/dataset/centros-de-primer-ciclo-de-educacion-infantil-en-andalucia,
Pequeños artistas,pequenos-artistas-sevilla,guarderia,privado,"C/ Diego de Merlo, 8",41003,,sevilla,Sevilla,692020555,eip.artistas@gmail.com,,4,36,,,"Pequeños artistas, con sede en C/ Diego de Merlo, 8, 41003 (Sevilla), figura en el listado de centros de primer ciclo de educación infantil de la Junta de Andalucía, adherido al Programa de Ayuda a las Familias de la Junta de Andalucía. Recomendamos confirmar servicios y horario directamente con el centro.",https://www.juntadeandalucia.es/datosabiertos/portal/dataset/centros-de-primer-ciclo-de-educacion-infantil-en-andalucia,
Valle de la ternura,valle-de-la-ternura-sevilla,guarderia,privado,"C/ Donantes de sangre, 14, acc. D",41020,,sevilla,Sevilla,955156196,valledelaternura@yahoo.com,,4,36,,,"Valle de la ternura, con sede en C/ Donantes de sangre, 14, acc. D, 41020 (Sevilla), figura en el listado de centros de primer ciclo de educación infantil de la Junta de Andalucía, adherido al Programa de Ayuda a las Familias de la Junta de Andalucía. Recomendamos confirmar servicios y horario directamente con el centro.",https://www.juntadeandalucia.es/datosabiertos/portal/dataset/centros-de-primer-ciclo-de-educacion-infantil-en-andalucia,
El nido del paraguas,el-nido-del-paraguas-sevilla,guarderia,privado,"C/ Presidente Cárdenas, s/n.",41013,,sevilla,Sevilla,954600066,direccion@elnidodelparaguas.com,,4,36,,,"El nido del paraguas, con sede en C/ Presidente Cárdenas, s/n., 41013 (Sevilla), figura en el listado de centros de primer ciclo de educación infantil de la Junta de Andalucía, no adherido al Programa de Ayuda a las Familias de la Junta de Andalucía. Recomendamos confirmar servicios y horario directamente con el centro.",https://www.juntadeandalucia.es/datosabiertos/portal/dataset/centros-de-primer-ciclo-de-educacion-infantil-en-andalucia,
Nulú 2,nulu-2-sevilla,guarderia,privado,"Urb. Los Príncipes, parcela 5, bloque 3, locales 1 y 2",41008,,sevilla,Sevilla,653446590,ei.nulu2@gmail.com,,4,36,,,"Nulú 2 atiende el primer ciclo de educación infantil (0-3 años) en Urb. Los Príncipes, parcela 5, bloque 3, locales 1 y 2, 41008, Sevilla. Es un centro adherido al Programa de Ayuda a las Familias de la Junta de Andalucía. Los servicios específicos del centro no están confirmados en fuente oficial; conviene solicitarlos directamente.",https://www.juntadeandalucia.es/datosabiertos/portal/dataset/centros-de-primer-ciclo-de-educacion-infantil-en-andalucia,
Lucero,lucero-sevilla,guarderia,privado,"Ctra. A-8010, km. 4. Factoría de San Pablo Sur",41020,,sevilla,Sevilla,955408821,eilucero@workandlife.com,,4,36,,,"En Ctra. A-8010, km. 4. Factoría de San Pablo Sur, 41020, Sevilla, se encuentra Lucero, centro de educación infantil de primer ciclo (0-3 años), no adherido al Programa de Ayuda a las Familias de la Junta de Andalucía. La ficha no incluye todavía servicios verificados más allá del registro oficial de la Junta de Andalucía.",https://www.juntadeandalucia.es/datosabiertos/portal/dataset/centros-de-primer-ciclo-de-educacion-infantil-en-andalucia,
Con-Sentidos,con-sentidos-sevilla,guarderia,privado,"C/ Virgen de las Montañas, 18",41011,,sevilla,Sevilla,665711908,mgatac@gmail.com,,4,36,,,"Centro de educación infantil de primer ciclo situado en C/ Virgen de las Montañas, 18, 41011, Sevilla: Con-Sentidos, no adherido al Programa de Ayuda a las Familias de la Junta de Andalucía. No consta información oficial adicional sobre servicios concretos en el momento de esta consulta.",https://www.juntadeandalucia.es/datosabiertos/portal/dataset/centros-de-primer-ciclo-de-educacion-infantil-en-andalucia,
Petit,petit-sevilla,guarderia,privado,"C/ Nufro Sánchez, 4",41008,,sevilla,Sevilla,647417048,vanessa.rflores@hotmail.com,,4,36,,,"Petit es un centro privado de educación infantil de primer ciclo en C/ Nufro Sánchez, 4, 41008 (Sevilla), adherido al Programa de Ayuda a las Familias de la Junta de Andalucía según el registro oficial. No hay servicios adicionales confirmados en fuente oficial; se recomienda consultarlos directamente con el centro.",https://www.juntadeandalucia.es/datosabiertos/portal/dataset/centros-de-primer-ciclo-de-educacion-infantil-en-andalucia,
Mil Sonrisas,mil-sonrisas-sevilla,guarderia,privado,"C/ Dinastía Músicos Palatín, 7, local 5",41008,,sevilla,Sevilla,653412354,escuelainfantilmilsonrisas@gmail.com,,4,36,,,"En C/ Dinastía Músicos Palatín, 7, local 5, 41008, Sevilla, se encuentra Mil Sonrisas, centro de educación infantil de primer ciclo (0-3 años), adherido al Programa de Ayuda a las Familias de la Junta de Andalucía. La ficha no incluye todavía servicios verificados más allá del registro oficial de la Junta de Andalucía.",https://www.juntadeandalucia.es/datosabiertos/portal/dataset/centros-de-primer-ciclo-de-educacion-infantil-en-andalucia,
Potitos Pío XII,potitos-pio-xii-sevilla,guarderia,privado,"Avda. Ronda de Pío XII, 2, Local 1E",41008,,sevilla,Sevilla,664443173,escuelainfantilpotitos@gmail.com,,4,36,,,"Potitos Pío XII es un centro privado de educación infantil de primer ciclo en Avda. Ronda de Pío XII, 2, Local 1E, 41008 (Sevilla), adherido al Programa de Ayuda a las Familias de la Junta de Andalucía según el registro oficial. No hay servicios adicionales confirmados en fuente oficial; se recomienda consultarlos directamente con el centro.",https://www.juntadeandalucia.es/datosabiertos/portal/dataset/centros-de-primer-ciclo-de-educacion-infantil-en-andalucia,
Edumundi School II,edumundi-school-ii-sevilla,guarderia,privado,"C/ Bombay, 1",41020,,sevilla,Sevilla,652413907,edumundischool@gmail.com,,4,36,,,"Edumundi School II atiende el primer ciclo de educación infantil (0-3 años) en C/ Bombay, 1, 41020, Sevilla. Es un centro adherido al Programa de Ayuda a las Familias de la Junta de Andalucía. Los servicios específicos del centro no están confirmados en fuente oficial; conviene solicitarlos directamente.",https://www.juntadeandalucia.es/datosabiertos/portal/dataset/centros-de-primer-ciclo-de-educacion-infantil-en-andalucia,
La Providencia,la-providencia-sevilla,guarderia,privado,"C/ José Sebastián Bandarán, s/n",41013,,sevilla,Sevilla,954237158,sevillaprovidencia@jesus-maria.net,,4,36,,,"En C/ José Sebastián Bandarán, s/n, 41013, Sevilla, se encuentra La Providencia, centro de educación infantil de primer ciclo (0-3 años), adherido al Programa de Ayuda a las Familias de la Junta de Andalucía. La ficha no incluye todavía servicios verificados más allá del registro oficial de la Junta de Andalucía.",https://www.juntadeandalucia.es/datosabiertos/portal/dataset/centros-de-primer-ciclo-de-educacion-infantil-en-andalucia,
San Cayetano,san-cayetano-sevilla,guarderia,privado,"C/ Duque Cornejo, s/n.",41003,,sevilla,Sevilla,954382311,direccion.sancayetano@vedruna.es,,4,36,,,"San Cayetano atiende el primer ciclo de educación infantil (0-3 años) en C/ Duque Cornejo, s/n., 41003, Sevilla. Es un centro adherido al Programa de Ayuda a las Familias de la Junta de Andalucía. Los servicios específicos del centro no están confirmados en fuente oficial; conviene solicitarlos directamente.",https://www.juntadeandalucia.es/datosabiertos/portal/dataset/centros-de-primer-ciclo-de-educacion-infantil-en-andalucia,
Kindergarden Jardilín 2,kindergarden-jardilin-2-sevilla,guarderia,privado,"C/ Esperanza de Triana, 37-B",41010,,sevilla,Sevilla,954270421,kjardilin@gmail.com,https://kindergardenjardilin.es/,4,36,,ingles;patio-exterior;psicomotricidad;escuela-de-padres;orientacion-pedagogica,"Situado en C/ Esperanza de Triana, 37-B, 41010, Sevilla, Kindergarden Jardilín 2 es un centro de educación infantil privado de primer ciclo (0-3 años) que, según fuente propia, cuenta con inglés, patio exterior, psicomotricidad, escuela de padres y madres, orientación pedagógica.",https://www.juntadeandalucia.es/datosabiertos/portal/dataset/centros-de-primer-ciclo-de-educacion-infantil-en-andalucia,
Pececitos,pececitos-sevilla,guarderia,privado,"C/ Chipre, 7, local 4. Edificio Prasa",41012,,sevilla,Sevilla,699907442,centroinfantilpececitos@gmail.com,,4,36,,,"Localizado en C/ Chipre, 7, local 4. Edificio Prasa, 41012, Sevilla, Pececitos es un centro privado incluido en el registro de centros de primer ciclo de educación infantil de la Junta de Andalucía, adherido al Programa de Ayuda a las Familias de la Junta de Andalucía. No hay constancia oficial de servicios adicionales.",https://www.juntadeandalucia.es/datosabiertos/portal/dataset/centros-de-primer-ciclo-de-educacion-infantil-en-andalucia,
Pasitos,pasitos-sevilla,guarderia,privado,"C/ Gonzalo Bilbao, 10-12, local 2",41003,,sevilla,Sevilla,955312601,cano_m92@hotmail.com,,4,36,,,"Pasitos es un centro privado de educación infantil de primer ciclo en C/ Gonzalo Bilbao, 10-12, local 2, 41003 (Sevilla), adherido al Programa de Ayuda a las Familias de la Junta de Andalucía según el registro oficial. No hay servicios adicionales confirmados en fuente oficial; se recomienda consultarlos directamente con el centro.",https://www.juntadeandalucia.es/datosabiertos/portal/dataset/centros-de-primer-ciclo-de-educacion-infantil-en-andalucia,
Pequeño Reino,pequeno-reino-sevilla,guarderia,privado,"C/ Irlanda, 4, ACC. E",41012,,sevilla,Sevilla,661112831,conchitacm76@yahoo.es,,4,36,,,"Pequeño Reino es un centro privado de educación infantil de primer ciclo en C/ Irlanda, 4, ACC. E, 41012 (Sevilla), adherido al Programa de Ayuda a las Familias de la Junta de Andalucía según el registro oficial. No hay servicios adicionales confirmados en fuente oficial; se recomienda consultarlos directamente con el centro.",https://www.juntadeandalucia.es/datosabiertos/portal/dataset/centros-de-primer-ciclo-de-educacion-infantil-en-andalucia,
Mi Tata,mi-tata-sevilla,guarderia,privado,"C/ Profesor Manuel Clavero Arévalo, 3, local Acc. K y L",41020,,sevilla,Sevilla,676071040,consolacion.miguez@gmail.com,,4,36,,,"Localizado en C/ Profesor Manuel Clavero Arévalo, 3, local Acc. K y L, 41020, Sevilla, Mi Tata es un centro privado incluido en el registro de centros de primer ciclo de educación infantil de la Junta de Andalucía, adherido al Programa de Ayuda a las Familias de la Junta de Andalucía. No hay constancia oficial de servicios adicionales.",https://www.juntadeandalucia.es/datosabiertos/portal/dataset/centros-de-primer-ciclo-de-educacion-infantil-en-andalucia,
Luna Lunera,luna-lunera-sevilla,guarderia,privado,"C/ Hornachuelos, 41-43",41006,,sevilla,Sevilla,655946955,lunaluneraceinfantil@gmail.com,,4,36,,,"Centro de educación infantil de primer ciclo situado en C/ Hornachuelos, 41-43, 41006, Sevilla: Luna Lunera, adherido al Programa de Ayuda a las Familias de la Junta de Andalucía. No consta información oficial adicional sobre servicios concretos en el momento de esta consulta.",https://www.juntadeandalucia.es/datosabiertos/portal/dataset/centros-de-primer-ciclo-de-educacion-infantil-en-andalucia,
La Guarde del Árbol,la-guarde-del-arbol-sevilla,guarderia,privado,"C/ Presidente Cárdenas, 6, local 7 C",41013,,sevilla,Sevilla,854537757,info@laguardedelarbol.com,,4,36,,,"En C/ Presidente Cárdenas, 6, local 7 C, 41013, Sevilla, se encuentra La Guarde del Árbol, centro de educación infantil de primer ciclo (0-3 años), adherido al Programa de Ayuda a las Familias de la Junta de Andalucía. La ficha no incluye todavía servicios verificados más allá del registro oficial de la Junta de Andalucía.",https://www.juntadeandalucia.es/datosabiertos/portal/dataset/centros-de-primer-ciclo-de-educacion-infantil-en-andalucia,
Mis Sueños,mis-suenos-sevilla,guarderia,privado,"C/ Alonso Cano, 10",41005,,sevilla,Sevilla,954105589,eimissuenos@hotmail.com,,4,36,,,"En C/ Alonso Cano, 10, 41005, Sevilla, se encuentra Mis Sueños, centro de educación infantil de primer ciclo (0-3 años), adherido al Programa de Ayuda a las Familias de la Junta de Andalucía. La ficha no incluye todavía servicios verificados más allá del registro oficial de la Junta de Andalucía.",https://www.juntadeandalucia.es/datosabiertos/portal/dataset/centros-de-primer-ciclo-de-educacion-infantil-en-andalucia,
Caracol,caracol-sevilla,guarderia,privado,"Parque Genovés, 1",41014,,sevilla,Sevilla,954689218,eicaracolromo@gmail.com,,4,36,,,"Centro de educación infantil de primer ciclo situado en Parque Genovés, 1, 41014, Sevilla: Caracol, adherido al Programa de Ayuda a las Familias de la Junta de Andalucía. No consta información oficial adicional sobre servicios concretos en el momento de esta consulta.",https://www.juntadeandalucia.es/datosabiertos/portal/dataset/centros-de-primer-ciclo-de-educacion-infantil-en-andalucia,
My Nursery Nervión,my-nursery-nervion-sevilla,guarderia,privado,"C/ Muñoz Seca, 22",41007,,sevilla,Sevilla,622137896,mynurserynervion@gmail.com,,4,36,,,"Centro de educación infantil de primer ciclo situado en C/ Muñoz Seca, 22, 41007, Sevilla: My Nursery Nervión, adherido al Programa de Ayuda a las Familias de la Junta de Andalucía. No consta información oficial adicional sobre servicios concretos en el momento de esta consulta.",https://www.juntadeandalucia.es/datosabiertos/portal/dataset/centros-de-primer-ciclo-de-educacion-infantil-en-andalucia,
El Tren de Chocolate,el-tren-de-chocolate-sevilla,guarderia,privado,"C/ Estrella Betelgeuse, 14",41015,,sevilla,Sevilla,661616158,silvia.eltrendechocolate@gmail.com,,4,36,,,"En C/ Estrella Betelgeuse, 14, 41015, Sevilla, se encuentra El Tren de Chocolate, centro de educación infantil de primer ciclo (0-3 años), adherido al Programa de Ayuda a las Familias de la Junta de Andalucía. La ficha no incluye todavía servicios verificados más allá del registro oficial de la Junta de Andalucía.",https://www.juntadeandalucia.es/datosabiertos/portal/dataset/centros-de-primer-ciclo-de-educacion-infantil-en-andalucia,
Las Dueñas,las-duenas-sevilla,guarderia,privado,"C/ Doña María Coronel, 25-27",41003,,sevilla,Sevilla,954219407,lasdue-as@hotmail.es,,4,36,,,"En C/ Doña María Coronel, 25-27, 41003, Sevilla, se encuentra Las Dueñas, centro de educación infantil de primer ciclo (0-3 años), no adherido al Programa de Ayuda a las Familias de la Junta de Andalucía. La ficha no incluye todavía servicios verificados más allá del registro oficial de la Junta de Andalucía.",https://www.juntadeandalucia.es/datosabiertos/portal/dataset/centros-de-primer-ciclo-de-educacion-infantil-en-andalucia,
El Patio,el-patio-sevilla,guarderia,privado,"C/ González Cuadrado, 60",41003,,sevilla,Sevilla,660075556,escuelainfantilelpatio@hotmail.es,,4,36,,,"En C/ González Cuadrado, 60, 41003, Sevilla, se encuentra El Patio, centro de educación infantil de primer ciclo (0-3 años), no adherido al Programa de Ayuda a las Familias de la Junta de Andalucía. La ficha no incluye todavía servicios verificados más allá del registro oficial de la Junta de Andalucía.",https://www.juntadeandalucia.es/datosabiertos/portal/dataset/centros-de-primer-ciclo-de-educacion-infantil-en-andalucia,
Pino Montano,pino-montano-sevilla,guarderia,privado,"C/ Alfareros, s/n",41015,,sevilla,Sevilla,954948832,escuelainfantil_pinomontano@msn.com,,4,36,,,"En C/ Alfareros, s/n, 41015, Sevilla, se encuentra Pino Montano, centro de educación infantil de primer ciclo (0-3 años), adherido al Programa de Ayuda a las Familias de la Junta de Andalucía. La ficha no incluye todavía servicios verificados más allá del registro oficial de la Junta de Andalucía.",https://www.juntadeandalucia.es/datosabiertos/portal/dataset/centros-de-primer-ciclo-de-educacion-infantil-en-andalucia,
Pequeñecos,pequenecos-sevilla,guarderia,privado,"C/ Camilo José Cela, 1, local 14",41018,,sevilla,Sevilla,637439023,pequenecos@hotmail.com ; reyesggoni@gmail.com,,4,36,,,"Localizado en C/ Camilo José Cela, 1, local 14, 41018, Sevilla, Pequeñecos es un centro privado incluido en el registro de centros de primer ciclo de educación infantil de la Junta de Andalucía, adherido al Programa de Ayuda a las Familias de la Junta de Andalucía. No hay constancia oficial de servicios adicionales.",https://www.juntadeandalucia.es/datosabiertos/portal/dataset/centros-de-primer-ciclo-de-educacion-infantil-en-andalucia,
Snoopysol,snoopysol-sevilla,guarderia,privado,"C/ Camilo José Cela, 1, local 13A y 13B",41018,,sevilla,Sevilla,954644466,pequenecos@hotmail.com,,4,36,,,"Centro de educación infantil de primer ciclo situado en C/ Camilo José Cela, 1, local 13A y 13B, 41018, Sevilla: Snoopysol, adherido al Programa de Ayuda a las Familias de la Junta de Andalucía. No consta información oficial adicional sobre servicios concretos en el momento de esta consulta.",https://www.juntadeandalucia.es/datosabiertos/portal/dataset/centros-de-primer-ciclo-de-educacion-infantil-en-andalucia,
Educa,educa-sevilla,guarderia,privado,"C/ Médicos Sin Fronteras, 31, local 2",41020,,sevilla,Sevilla,657163502,lydia_mc86@hotmail.com,,4,36,,,"Localizado en C/ Médicos Sin Fronteras, 31, local 2, 41020, Sevilla, Educa es un centro privado incluido en el registro de centros de primer ciclo de educación infantil de la Junta de Andalucía, adherido al Programa de Ayuda a las Familias de la Junta de Andalucía. No hay constancia oficial de servicios adicionales.",https://www.juntadeandalucia.es/datosabiertos/portal/dataset/centros-de-primer-ciclo-de-educacion-infantil-en-andalucia,
Cocoliso,cocoliso-sevilla,guarderia,privado,"C/ Doctor Antonio Cortés Lladó, 11",41004,,sevilla,Sevilla,954538362,ceicocolisosevilla@gmail.com,,4,36,,,"Cocoliso, con sede en C/ Doctor Antonio Cortés Lladó, 11, 41004 (Sevilla), figura en el listado de centros de primer ciclo de educación infantil de la Junta de Andalucía, adherido al Programa de Ayuda a las Familias de la Junta de Andalucía. Recomendamos confirmar servicios y horario directamente con el centro.",https://www.juntadeandalucia.es/datosabiertos/portal/dataset/centros-de-primer-ciclo-de-educacion-infantil-en-andalucia,
Sueños,suenos-sevilla,guarderia,privado,"C/ Penélope, 1",41020,,sevilla,Sevilla,685566207,marina__baena@hotmail.com,,4,36,,,"Centro de educación infantil de primer ciclo situado en C/ Penélope, 1, 41020, Sevilla: Sueños, no adherido al Programa de Ayuda a las Familias de la Junta de Andalucía. No consta información oficial adicional sobre servicios concretos en el momento de esta consulta.",https://www.juntadeandalucia.es/datosabiertos/portal/dataset/centros-de-primer-ciclo-de-educacion-infantil-en-andalucia,
Miniclub Pumuky,miniclub-pumuky-sevilla,guarderia,privado,"C/ Esperanza de Triana, 29-31",41010,,sevilla,Sevilla,679253965,e-infantilpumuky@hotmail.com,,4,36,,,"En C/ Esperanza de Triana, 29-31, 41010, Sevilla, se encuentra Miniclub Pumuky, centro de educación infantil de primer ciclo (0-3 años), adherido al Programa de Ayuda a las Familias de la Junta de Andalucía. La ficha no incluye todavía servicios verificados más allá del registro oficial de la Junta de Andalucía.",https://www.juntadeandalucia.es/datosabiertos/portal/dataset/centros-de-primer-ciclo-de-educacion-infantil-en-andalucia,
El Castillo Mágico Torneo,el-castillo-magico-torneo-sevilla,guarderia,privado,"C/ Torneo, 21 Ac",41002,,sevilla,Sevilla,611620403,info@ceielcastillomagico.es,,4,36,,,"Localizado en C/ Torneo, 21 Ac, 41002, Sevilla, El Castillo Mágico Torneo es un centro privado incluido en el registro de centros de primer ciclo de educación infantil de la Junta de Andalucía, no adherido al Programa de Ayuda a las Familias de la Junta de Andalucía. No hay constancia oficial de servicios adicionales.",https://www.juntadeandalucia.es/datosabiertos/portal/dataset/centros-de-primer-ciclo-de-educacion-infantil-en-andalucia,
Fresa Triana,fresa-triana-sevilla,guarderia,privado,"Avda. de Coria, 27, Local",41010,,sevilla,Sevilla,655379711,fresaei@gmail.com,,4,36,,,"En Avda. de Coria, 27, Local, 41010, Sevilla, se encuentra Fresa Triana, centro de educación infantil de primer ciclo (0-3 años), adherido al Programa de Ayuda a las Familias de la Junta de Andalucía. La ficha no incluye todavía servicios verificados más allá del registro oficial de la Junta de Andalucía.",https://www.juntadeandalucia.es/datosabiertos/portal/dataset/centros-de-primer-ciclo-de-educacion-infantil-en-andalucia,
Wonderland,wonderland-sevilla,guarderia,privado,"C/ Juan de Mata Carriazo, 3, local",41018,,sevilla,Sevilla,690600369,hr@ceiwonderland.es,,4,36,,,"En C/ Juan de Mata Carriazo, 3, local, 41018, Sevilla, se encuentra Wonderland, centro de educación infantil de primer ciclo (0-3 años), no adherido al Programa de Ayuda a las Familias de la Junta de Andalucía. La ficha no incluye todavía servicios verificados más allá del registro oficial de la Junta de Andalucía.",https://www.juntadeandalucia.es/datosabiertos/portal/dataset/centros-de-primer-ciclo-de-educacion-infantil-en-andalucia,
Allkids,allkids-sevilla,guarderia,privado,"C/ Doctor Pedro de Castro, 2 local",41004,,sevilla,Sevilla,626234580,sevilla@attendispreschool.com,,4,36,,,"En C/ Doctor Pedro de Castro, 2 local, 41004, Sevilla, se encuentra Allkids, centro de educación infantil de primer ciclo (0-3 años), no adherido al Programa de Ayuda a las Familias de la Junta de Andalucía. La ficha no incluye todavía servicios verificados más allá del registro oficial de la Junta de Andalucía.",https://www.juntadeandalucia.es/datosabiertos/portal/dataset/centros-de-primer-ciclo-de-educacion-infantil-en-andalucia,
La Gallina Caponata,la-gallina-caponata-sevilla,guarderia,privado,"C/ Vasco de Gama, 133",41006,,sevilla,Sevilla,675020889,ceilagallinacaponata@gmail.com,,4,36,,,"La Gallina Caponata atiende el primer ciclo de educación infantil (0-3 años) en C/ Vasco de Gama, 133, 41006, Sevilla. Es un centro adherido al Programa de Ayuda a las Familias de la Junta de Andalucía. Los servicios específicos del centro no están confirmados en fuente oficial; conviene solicitarlos directamente.",https://www.juntadeandalucia.es/datosabiertos/portal/dataset/centros-de-primer-ciclo-de-educacion-infantil-en-andalucia,
Chicle León XIII,chicle-leon-xiii-sevilla,guarderia,privado,"C/ León XIII, 10, local 2 y 12, local 1",41009,,sevilla,Sevilla,627690747,chicleleon13@gmail.com,https://ceichicle.es/leon13/,4,36,,cocina-propia;comedor;horario-ampliado;bilingue;orientacion-pedagogica,"Chicle León XIII es un centro privado de educación infantil de primer ciclo en C/ León XIII, 10, local 2 y 12, local 1, 41009 (Sevilla), dirigido a niños de 0 a 3 años. Según su propia web oficial, ofrece los siguientes servicios: cocina propia, comedor, horario ampliado, proyecto bilingüe, orientación pedagógica.",https://www.juntadeandalucia.es/datosabiertos/portal/dataset/centros-de-primer-ciclo-de-educacion-infantil-en-andalucia,
Élite College,elite-college-sevilla,guarderia,privado,"C/ Cardenal Spínola, 18",41002,,sevilla,Sevilla,618811901,direccion@elitecollege.es,,4,36,,,"Localizado en C/ Cardenal Spínola, 18, 41002, Sevilla, Élite College es un centro privado incluido en el registro de centros de primer ciclo de educación infantil de la Junta de Andalucía, no adherido al Programa de Ayuda a las Familias de la Junta de Andalucía. No hay constancia oficial de servicios adicionales.",https://www.juntadeandalucia.es/datosabiertos/portal/dataset/centros-de-primer-ciclo-de-educacion-infantil-en-andalucia,
Limoncho,limoncho-sevilla,guarderia,privado,"Avda. Villas de Cuba, 9",41007,,sevilla,Sevilla,656588546,eilimoncho@gmail.com,,4,36,,,"Localizado en Avda. Villas de Cuba, 9, 41007, Sevilla, Limoncho es un centro privado incluido en el registro de centros de primer ciclo de educación infantil de la Junta de Andalucía, adherido al Programa de Ayuda a las Familias de la Junta de Andalucía. No hay constancia oficial de servicios adicionales.",https://www.juntadeandalucia.es/datosabiertos/portal/dataset/centros-de-primer-ciclo-de-educacion-infantil-en-andalucia,
Educa Smile,educa-smile-sevilla,guarderia,privado,"C/ Recaredo, 4",41003,,sevilla,Sevilla,636338657,direccion@educasmile.es,,4,36,,,"Localizado en C/ Recaredo, 4, 41003, Sevilla, Educa Smile es un centro privado incluido en el registro de centros de primer ciclo de educación infantil de la Junta de Andalucía, no adherido al Programa de Ayuda a las Familias de la Junta de Andalucía. No hay constancia oficial de servicios adicionales.",https://www.juntadeandalucia.es/datosabiertos/portal/dataset/centros-de-primer-ciclo-de-educacion-infantil-en-andalucia,
Menudo Mundo,menudo-mundo-sevilla,guarderia,privado,"C/ Gustavo Gallardo, 10-12",41013,,sevilla,Sevilla,625840051,martamorenoguillen@hotmail.com,,4,36,,,"Centro de educación infantil de primer ciclo situado en C/ Gustavo Gallardo, 10-12, 41013, Sevilla: Menudo Mundo, adherido al Programa de Ayuda a las Familias de la Junta de Andalucía. No consta información oficial adicional sobre servicios concretos en el momento de esta consulta.",https://www.juntadeandalucia.es/datosabiertos/portal/dataset/centros-de-primer-ciclo-de-educacion-infantil-en-andalucia,
Las Flores,las-flores-sevilla,guarderia,privado,"Avda. Ronda de Pío XII, 1B Acc. A",41008,,sevilla,Sevilla,626856067,cei.lasflores@gmail.com,,4,36,,,"Centro de educación infantil de primer ciclo situado en Avda. Ronda de Pío XII, 1B Acc. A, 41008, Sevilla: Las Flores, adherido al Programa de Ayuda a las Familias de la Junta de Andalucía. No consta información oficial adicional sobre servicios concretos en el momento de esta consulta.",https://www.juntadeandalucia.es/datosabiertos/portal/dataset/centros-de-primer-ciclo-de-educacion-infantil-en-andalucia,
Pino Montano Norte,pino-montano-norte-sevilla,guarderia,privado,"C/ Agricultores, Esquina C/ Estrella Proción",41015,,sevilla,Sevilla,955958780,CEIPINOMONTANONORTE@GMAIL.COM,,4,36,,,"Pino Montano Norte, con sede en C/ Agricultores, Esquina C/ Estrella Proción, 41015 (Sevilla), figura en el listado de centros de primer ciclo de educación infantil de la Junta de Andalucía, adherido al Programa de Ayuda a las Familias de la Junta de Andalucía. Recomendamos confirmar servicios y horario directamente con el centro.",https://www.juntadeandalucia.es/datosabiertos/portal/dataset/centros-de-primer-ciclo-de-educacion-infantil-en-andalucia,
Camilín,camilin-sevilla,guarderia,privado,"Avda. San Francisco Javier, 20 Local 9 y 10",41018,,sevilla,Sevilla,666018990,camilincei@gmail.com,,4,36,,,"Camilín atiende el primer ciclo de educación infantil (0-3 años) en Avda. San Francisco Javier, 20 Local 9 y 10, 41018, Sevilla. Es un centro adherido al Programa de Ayuda a las Familias de la Junta de Andalucía. Los servicios específicos del centro no están confirmados en fuente oficial; conviene solicitarlos directamente.",https://www.juntadeandalucia.es/datosabiertos/portal/dataset/centros-de-primer-ciclo-de-educacion-infantil-en-andalucia,
Kid's Garden,kid-s-garden-sevilla,guarderia,privado,"Avda. Reino Unido, 7, Local 3,4,5",41012,,sevilla,Sevilla,683162944,kidsgardensevilla@kidsgarden.net,,4,36,,,"En Avda. Reino Unido, 7, Local 3,4,5, 41012, Sevilla, se encuentra Kid's Garden, centro de educación infantil de primer ciclo (0-3 años), no adherido al Programa de Ayuda a las Familias de la Junta de Andalucía. La ficha no incluye todavía servicios verificados más allá del registro oficial de la Junta de Andalucía.",https://www.juntadeandalucia.es/datosabiertos/portal/dataset/centros-de-primer-ciclo-de-educacion-infantil-en-andalucia,
Mis Sueños 2,mis-suenos-2-sevilla,guarderia,privado,"C/ Doña María de Molina, 43",41005,,sevilla,Sevilla,955265517,eimissuenos@hotmail.com,,4,36,,,"Mis Sueños 2 es un centro privado de educación infantil de primer ciclo en C/ Doña María de Molina, 43, 41005 (Sevilla), adherido al Programa de Ayuda a las Familias de la Junta de Andalucía según el registro oficial. No hay servicios adicionales confirmados en fuente oficial; se recomienda consultarlos directamente con el centro.",https://www.juntadeandalucia.es/datosabiertos/portal/dataset/centros-de-primer-ciclo-de-educacion-infantil-en-andalucia,
Sensory Skills Santa Clara,sensory-skills-santa-clara-sevilla,guarderia,privado,"Avda. Santa Clara de Cuba, 4, Nave 1 (Políg. Industrial Santa Clara de Cuba)",41007,,sevilla,Sevilla,639380763,cei@sensoryskills.es,,4,36,,,"En Avda. Santa Clara de Cuba, 4, Nave 1 (Políg. Industrial Santa Clara de Cuba), 41007, Sevilla, se encuentra Sensory Skills Santa Clara, centro de educación infantil de primer ciclo (0-3 años), adherido al Programa de Ayuda a las Familias de la Junta de Andalucía. La ficha no incluye todavía servicios verificados más allá del registro oficial de la Junta de Andalucía.",https://www.juntadeandalucia.es/datosabiertos/portal/dataset/centros-de-primer-ciclo-de-educacion-infantil-en-andalucia,
Marta Mateu,marta-mateu-sevilla,guarderia,privado,"C/ Amador de los Ríos, 20, Planta Baja, Puerta B2",41003,,sevilla,Sevilla,635188955,martamateu_7@yahoo.es,,4,36,,,"Marta Mateu es un centro privado de educación infantil de primer ciclo en C/ Amador de los Ríos, 20, Planta Baja, Puerta B2, 41003 (Sevilla), adherido al Programa de Ayuda a las Familias de la Junta de Andalucía según el registro oficial. No hay servicios adicionales confirmados en fuente oficial; se recomienda consultarlos directamente con el centro.",https://www.juntadeandalucia.es/datosabiertos/portal/dataset/centros-de-primer-ciclo-de-educacion-infantil-en-andalucia,
El Pequeño Príncipe,el-pequeno-principe-sevilla,guarderia,privado,"C/ Juan de Oñate, 17",41005,,sevilla,Sevilla,622784002,betharran@yahoo.es,,4,36,,,"El Pequeño Príncipe atiende el primer ciclo de educación infantil (0-3 años) en C/ Juan de Oñate, 17, 41005, Sevilla. Es un centro adherido al Programa de Ayuda a las Familias de la Junta de Andalucía. Los servicios específicos del centro no están confirmados en fuente oficial; conviene solicitarlos directamente.",https://www.juntadeandalucia.es/datosabiertos/portal/dataset/centros-de-primer-ciclo-de-educacion-infantil-en-andalucia,
Cuatro Pecas,cuatro-pecas-sevilla,guarderia,privado,"C/ Urquiza, 16-18 Bajo",41003,,sevilla,Sevilla,675982654,paolitagrimon@gmail.com,,4,36,,,"Cuatro Pecas es un centro privado de educación infantil de primer ciclo en C/ Urquiza, 16-18 Bajo, 41003 (Sevilla), adherido al Programa de Ayuda a las Familias de la Junta de Andalucía según el registro oficial. No hay servicios adicionales confirmados en fuente oficial; se recomienda consultarlos directamente con el centro.",https://www.juntadeandalucia.es/datosabiertos/portal/dataset/centros-de-primer-ciclo-de-educacion-infantil-en-andalucia,
El castillo mágico,el-castillo-magico-sevilla,guarderia,privado,"C/ Virgen de Aguas Santas, 9, Planta Baja, Puerta AC",41011,,sevilla,Sevilla,611620403,info@ceielcastillomagico.es,,4,36,,,"Localizado en C/ Virgen de Aguas Santas, 9, Planta Baja, Puerta AC, 41011, Sevilla, El castillo mágico es un centro privado incluido en el registro de centros de primer ciclo de educación infantil de la Junta de Andalucía, no adherido al Programa de Ayuda a las Familias de la Junta de Andalucía. No hay constancia oficial de servicios adicionales.",https://www.juntadeandalucia.es/datosabiertos/portal/dataset/centros-de-primer-ciclo-de-educacion-infantil-en-andalucia,
Snoopy,snoopy-sevilla,guarderia,privado,"C/ Marqués de Paradas, 29",41001,,sevilla,Sevilla,656946601,marquesdeparadas@gruposnoopy.es,https://www.gruposnoopy.es/,4,36,,comedor;ingles;musica;escuela-de-padres;orientacion-pedagogica;verano-campamentos,"Snoopy, con sede en C/ Marqués de Paradas, 29, 41001 (Sevilla), es un centro privado de primer ciclo de educación infantil que confirma en su web oficial servicios como comedor, inglés, música, escuela de padres y madres, orientación pedagógica, campamentos de verano.",https://www.juntadeandalucia.es/datosabiertos/portal/dataset/centros-de-primer-ciclo-de-educacion-infantil-en-andalucia,Coordenadas de la fuente oficial no fiables (error de longitud); pendiente de geocodificacion verificable manual.
El tren de chocolate 2,el-tren-de-chocolate-2-sevilla,guarderia,privado,"Bda. Ntra.Sra.delAmparo, C/ Ntra.Sra.del Amparo, 2, locales A2 izq, A2 derc",41009,Ntra.Sra.delAmparo,sevilla,Sevilla,661616158,silvia.eltrendechocolate@gmail.com,,4,36,,,"En Bda. Ntra.Sra.delAmparo, C/ Ntra.Sra.del Amparo, 2, locales A2 izq, A2 derc, 41009, Sevilla, se encuentra El tren de chocolate 2, centro de educación infantil de primer ciclo (0-3 años), adherido al Programa de Ayuda a las Familias de la Junta de Andalucía. La ficha no incluye todavía servicios verificados más allá del registro oficial de la Junta de Andalucía.",https://www.juntadeandalucia.es/datosabiertos/portal/dataset/centros-de-primer-ciclo-de-educacion-infantil-en-andalucia,
Don Chupete,don-chupete-sevilla,guarderia,privado,"Paseo Miguel de Unamuno, 12, Local D",41020,,sevilla,Sevilla,954671370,donchupete@gmail.com,,4,36,,,"Don Chupete, con sede en Paseo Miguel de Unamuno, 12, Local D, 41020 (Sevilla), figura en el listado de centros de primer ciclo de educación infantil de la Junta de Andalucía, adherido al Programa de Ayuda a las Familias de la Junta de Andalucía. Recomendamos confirmar servicios y horario directamente con el centro.",https://www.juntadeandalucia.es/datosabiertos/portal/dataset/centros-de-primer-ciclo-de-educacion-infantil-en-andalucia,
San Carlos,san-carlos-sevilla,guarderia,privado,"C/ Ligustino, 3",41008,,sevilla,Sevilla,633219607,seneca.sancarlos@gmail.com,,4,36,,,"En C/ Ligustino, 3, 41008, Sevilla, se encuentra San Carlos, centro de educación infantil de primer ciclo (0-3 años), adherido al Programa de Ayuda a las Familias de la Junta de Andalucía. La ficha no incluye todavía servicios verificados más allá del registro oficial de la Junta de Andalucía.",https://www.juntadeandalucia.es/datosabiertos/portal/dataset/centros-de-primer-ciclo-de-educacion-infantil-en-andalucia,
La Colmena,la-colmena-sevilla,guarderia,privado,"Avda. Vía Apia, 7, edificio Ágora, Local 21",41016,,sevilla,Sevilla,616322224,sara@escuelainfantillacolmena.es,,4,36,,,"La Colmena, con sede en Avda. Vía Apia, 7, edificio Ágora, Local 21, 41016 (Sevilla), figura en el listado de centros de primer ciclo de educación infantil de la Junta de Andalucía, no adherido al Programa de Ayuda a las Familias de la Junta de Andalucía. Recomendamos confirmar servicios y horario directamente con el centro.",https://www.juntadeandalucia.es/datosabiertos/portal/dataset/centros-de-primer-ciclo-de-educacion-infantil-en-andalucia,
"La casa del niño ""La Oliva""",la-casa-del-nino-la-oliva-sevilla,guarderia,privado,"Bda. La Oliva, Parcela 5/N, 3/e",41013,La Oliva,sevilla,Sevilla,616742476,seradom@gmail.com,,4,36,,,"Localizado en Bda. La Oliva, Parcela 5/N, 3/e, 41013, Sevilla, La casa del niño ""La Oliva"" es un centro privado incluido en el registro de centros de primer ciclo de educación infantil de la Junta de Andalucía, adherido al Programa de Ayuda a las Familias de la Junta de Andalucía. No hay constancia oficial de servicios adicionales.",https://www.juntadeandalucia.es/datosabiertos/portal/dataset/centros-de-primer-ciclo-de-educacion-infantil-en-andalucia,
Mi Cole Buhaira,mi-cole-buhaira-sevilla,guarderia,privado,"C/ Blanco White, 7, Planta Baja, Local A (A1)",41018,,sevilla,Sevilla,680324763,micolesevilla@gmail.com,,4,36,,,"Localizado en C/ Blanco White, 7, Planta Baja, Local A (A1), 41018, Sevilla, Mi Cole Buhaira es un centro privado incluido en el registro de centros de primer ciclo de educación infantil de la Junta de Andalucía, adherido al Programa de Ayuda a las Familias de la Junta de Andalucía. No hay constancia oficial de servicios adicionales.",https://www.juntadeandalucia.es/datosabiertos/portal/dataset/centros-de-primer-ciclo-de-educacion-infantil-en-andalucia,
Mi Cole Buhaira 2,mi-cole-buhaira-2-sevilla,guarderia,privado,"C/ Blanco White, 7, planta baja, local A (A2)",41018,,sevilla,Sevilla,680324763,Chirab83@gmail.com,,4,36,,,"Mi Cole Buhaira 2 es un centro privado de educación infantil de primer ciclo en C/ Blanco White, 7, planta baja, local A (A2), 41018 (Sevilla), adherido al Programa de Ayuda a las Familias de la Junta de Andalucía según el registro oficial. No hay servicios adicionales confirmados en fuente oficial; se recomienda consultarlos directamente con el centro.",https://www.juntadeandalucia.es/datosabiertos/portal/dataset/centros-de-primer-ciclo-de-educacion-infantil-en-andalucia,
Chiqui,chiqui-sevilla,guarderia,privado,"C/ Cueva del Gato, 4, Local C",41020,,sevilla,Sevilla,671100448,escuelainfantiltugui@hotmail.com,,4,36,,,"En C/ Cueva del Gato, 4, Local C, 41020, Sevilla, se encuentra Chiqui, centro de educación infantil de primer ciclo (0-3 años), adherido al Programa de Ayuda a las Familias de la Junta de Andalucía. La ficha no incluye todavía servicios verificados más allá del registro oficial de la Junta de Andalucía.",https://www.juntadeandalucia.es/datosabiertos/portal/dataset/centros-de-primer-ciclo-de-educacion-infantil-en-andalucia,
Pikabú,pikabu-sevilla,guarderia,privado,"C/ Virgen del Dulce Nombre, 61, Planta Baja, Local",41016,,sevilla,Sevilla,679766582,ceipikabu@gmail.com,,4,36,,,"Centro de educación infantil de primer ciclo situado en C/ Virgen del Dulce Nombre, 61, Planta Baja, Local, 41016, Sevilla: Pikabú, adherido al Programa de Ayuda a las Familias de la Junta de Andalucía. No consta información oficial adicional sobre servicios concretos en el momento de esta consulta.",https://www.juntadeandalucia.es/datosabiertos/portal/dataset/centros-de-primer-ciclo-de-educacion-infantil-en-andalucia,
Ratón Pérez 1,raton-perez-1-sevilla,guarderia,privado,"Avda. Manuel Siurot, 3, Bloque 8, Local 5",41013,,sevilla,Sevilla,607742498,e.ratonperez@gmail.com,,4,36,,,"Ratón Pérez 1, con sede en Avda. Manuel Siurot, 3, Bloque 8, Local 5, 41013 (Sevilla), figura en el listado de centros de primer ciclo de educación infantil de la Junta de Andalucía, adherido al Programa de Ayuda a las Familias de la Junta de Andalucía. Recomendamos confirmar servicios y horario directamente con el centro.",https://www.juntadeandalucia.es/datosabiertos/portal/dataset/centros-de-primer-ciclo-de-educacion-infantil-en-andalucia,
Pepito,pepito-sevilla,guarderia,privado,"Avda. Ramón y Cajal, 124, Planta Baja, Local",41005,,sevilla,Sevilla,656684074,ceipepitojuncal@gmail.com,,4,36,,,"Pepito es un centro privado de educación infantil de primer ciclo en Avda. Ramón y Cajal, 124, Planta Baja, Local, 41005 (Sevilla), adherido al Programa de Ayuda a las Familias de la Junta de Andalucía según el registro oficial. No hay servicios adicionales confirmados en fuente oficial; se recomienda consultarlos directamente con el centro.",https://www.juntadeandalucia.es/datosabiertos/portal/dataset/centros-de-primer-ciclo-de-educacion-infantil-en-andalucia,
Mis Mochuelos,mis-mochuelos-sevilla,guarderia,privado,"C/ El Gordito, 1",41007,,sevilla,Sevilla,,martamateu_7@yahoo.es,,4,36,,,"Mis Mochuelos es un centro privado de educación infantil de primer ciclo en C/ El Gordito, 1, 41007 (Sevilla), adherido al Programa de Ayuda a las Familias de la Junta de Andalucía según el registro oficial. No hay servicios adicionales confirmados en fuente oficial; se recomienda consultarlos directamente con el centro.",https://www.juntadeandalucia.es/datosabiertos/portal/dataset/centros-de-primer-ciclo-de-educacion-infantil-en-andalucia,
Huellitas de Colores,huellitas-de-colores-sevilla,guarderia,privado,"C/ Concepción Reina Peláez, 34",41016,,sevilla,Sevilla,633396909,ceihuellitasdecolores@gmail.com,,4,36,,,"Localizado en C/ Concepción Reina Peláez, 34, 41016, Sevilla, Huellitas de Colores es un centro privado incluido en el registro de centros de primer ciclo de educación infantil de la Junta de Andalucía, adherido al Programa de Ayuda a las Familias de la Junta de Andalucía. No hay constancia oficial de servicios adicionales.",https://www.juntadeandalucia.es/datosabiertos/portal/dataset/centros-de-primer-ciclo-de-educacion-infantil-en-andalucia,
El Duende Mágico,el-duende-magico-sevilla,guarderia,privado,"C/ Donantes de Sangre, 20",41020,,sevilla,Sevilla,676927049,ceielduendemagico2022@gmail.com,,4,36,,,"En C/ Donantes de Sangre, 20, 41020, Sevilla, se encuentra El Duende Mágico, centro de educación infantil de primer ciclo (0-3 años), adherido al Programa de Ayuda a las Familias de la Junta de Andalucía. La ficha no incluye todavía servicios verificados más allá del registro oficial de la Junta de Andalucía.",https://www.juntadeandalucia.es/datosabiertos/portal/dataset/centros-de-primer-ciclo-de-educacion-infantil-en-andalucia,
Baby Moon,baby-moon-sevilla,guarderia,privado,"Avda. Poeta Manuel Benítez Carrasco, 2-4",41013,,sevilla,Sevilla,644243732,ceibabymoon@gmail.com,,4,36,,,"Baby Moon atiende el primer ciclo de educación infantil (0-3 años) en Avda. Poeta Manuel Benítez Carrasco, 2-4, 41013, Sevilla. Es un centro adherido al Programa de Ayuda a las Familias de la Junta de Andalucía. Los servicios específicos del centro no están confirmados en fuente oficial; conviene solicitarlos directamente.",https://www.juntadeandalucia.es/datosabiertos/portal/dataset/centros-de-primer-ciclo-de-educacion-infantil-en-andalucia,
Más de Mil Sonrisas,mas-de-mil-sonrisas-sevilla,guarderia,privado,"C/ Carretera de Carmona, 30",41008,,sevilla,Sevilla,,escuelainfantilmilsonrisas@gmail.com,,4,36,,,"Más de Mil Sonrisas atiende el primer ciclo de educación infantil (0-3 años) en C/ Carretera de Carmona, 30, 41008, Sevilla. Es un centro no adherido al Programa de Ayuda a las Familias de la Junta de Andalucía. Los servicios específicos del centro no están confirmados en fuente oficial; conviene solicitarlos directamente.",https://www.juntadeandalucia.es/datosabiertos/portal/dataset/centros-de-primer-ciclo-de-educacion-infantil-en-andalucia,
Toyland,toyland-sevilla,guarderia,privado,"C/ Hispano Aviación, 4, Local 2",41011,,sevilla,Sevilla,677263163,ceitoyland@hotmail.com,,4,36,,,"Toyland atiende el primer ciclo de educación infantil (0-3 años) en C/ Hispano Aviación, 4, Local 2, 41011, Sevilla. Es un centro adherido al Programa de Ayuda a las Familias de la Junta de Andalucía. Los servicios específicos del centro no están confirmados en fuente oficial; conviene solicitarlos directamente.",https://www.juntadeandalucia.es/datosabiertos/portal/dataset/centros-de-primer-ciclo-de-educacion-infantil-en-andalucia,
Lunares,lunares-sevilla,guarderia,privado,"C/ Sinai, 18",41007,,sevilla,Sevilla,,mmarinzur7@gmail.com,,4,36,,,"En C/ Sinai, 18, 41007, Sevilla, se encuentra Lunares, centro de educación infantil de primer ciclo (0-3 años), no adherido al Programa de Ayuda a las Familias de la Junta de Andalucía. La ficha no incluye todavía servicios verificados más allá del registro oficial de la Junta de Andalucía.",https://www.juntadeandalucia.es/datosabiertos/portal/dataset/centros-de-primer-ciclo-de-educacion-infantil-en-andalucia,
Escuela con Corazón,escuela-con-corazon-sevilla,guarderia,privado,"C/ Juan de Pineda, 118, local",41010,,sevilla,Sevilla,,centroinfantilconcorazon@gmail.com,,4,36,,,"En C/ Juan de Pineda, 118, local, 41010, Sevilla, se encuentra Escuela con Corazón, centro de educación infantil de primer ciclo (0-3 años), no adherido al Programa de Ayuda a las Familias de la Junta de Andalucía. La ficha no incluye todavía servicios verificados más allá del registro oficial de la Junta de Andalucía.",https://www.juntadeandalucia.es/datosabiertos/portal/dataset/centros-de-primer-ciclo-de-educacion-infantil-en-andalucia,
El Patio Pío,el-patio-pio-sevilla,guarderia,privado,"C/ Escuelas Pías, 3",41003,,sevilla,Sevilla,954561480,direccion@elpatiopio.es,,4,36,,,"Localizado en C/ Escuelas Pías, 3, 41003, Sevilla, El Patio Pío es un centro privado incluido en el registro de centros de primer ciclo de educación infantil de la Junta de Andalucía, adherido al Programa de Ayuda a las Familias de la Junta de Andalucía. No hay constancia oficial de servicios adicionales.",https://www.juntadeandalucia.es/datosabiertos/portal/dataset/centros-de-primer-ciclo-de-educacion-infantil-en-andalucia,
