name,slug,type,ownership,street,postal_code,neighborhood,city_slug,city_name,phone,email,website,age_min_months,age_max_months,schedule,services,short_description,source_url,notes
Los Ángeles,los-angeles-valencia,escuela-infantil,concertado,Carrer Joaquin Costa 10,46005,,valencia,Valencia,963325044,,https://www.ceice.gva.es/web/centros-docentes/ficha-centro?codi=46009666,0,36,,,"Los Ángeles es un centro privado de educación infantil situado en el carrer Joaquín Costa 10, en Valencia. Figura en el Registre de Centres Docents de la Generalitat Valenciana en régimen privado concertado, atendiendo a niños del primer ciclo de 0 a 3 años. Recomendamos contactar directamente con el centro para conocer plazas, horarios y servicios disponibles.",https://dadesobertes.gva.es/va/dataset/edu-centros,
Concha Espina i,concha-espina-i-valencia,escuela-infantil,concertado,Carrer Carters 22-24,46017,,valencia,Valencia,963571411,,https://www.ceice.gva.es/web/centros-docentes/ficha-centro?codi=46010061,0,36,,comedor;catering,"Situado en el carrer Carters 22-24 de Valencia, Concha Espina I es un centro de educación infantil de titularidad privada en régimen concertado. Según el Registre de Centres Docents de la Generalitat Valenciana, atiende el primer ciclo de la etapa infantil (0-3 años). Se recomienda contactar con el centro para conocer horarios, servicios y disponibilidad de plazas.",https://dadesobertes.gva.es/va/dataset/edu-centros,
Ciudad Jardín,ciudad-jardin-valencia,guarderia,privado,Carrer José de Orga 4,46022,,valencia,Valencia,963725768,,https://www.ceice.gva.es/web/centros-docentes/ficha-centro?codi=46013013,0,36,,bilingue;ingles;cocina-propia;actividades-extraescolares;musica;verano-campamentos,"Ciudad Jardín es una guardería privada ubicada en el carrer José de Orga 4, en Valencia (46022). Consta en el Registre de Centres Docents de la Generalitat Valenciana como centro de educación infantil de titularidad privada. Antes de solicitar información sobre plazas, horarios o servicios, recomendamos ponerse en contacto directamente con el centro.",https://dadesobertes.gva.es/va/dataset/edu-centros,
Bamby-abade,bamby-abade-valencia,guarderia,privado,Carrer General Gil Dolz 12,46010,,valencia,Valencia,963629466,,https://www.ceice.gva.es/web/centros-docentes/ficha-centro?codi=46013621,0,36,,comedor;catering;horario-ampliado;musica;actividades-extraescolares;verano-campamentos,"Bamby-Abade es una guardería privada situada en el carrer General Gil Dolz 12, Valencia (46010), dedicada al primer ciclo de educación infantil. Su titular es una persona física, según consta en el Registre de Centres Docents de la Generalitat Valenciana. Recomendamos confirmar directamente con el centro los servicios, horarios y plazas disponibles antes de decidir.",https://dadesobertes.gva.es/va/dataset/edu-centros,
Santa Klaus,santa-klaus-valencia,guarderia,privado,Carrer Jaime Roig 6,46010,,valencia,Valencia,963692358,,https://www.ceice.gva.es/web/centros-docentes/ficha-centro?codi=46013633,0,36,,,"En el carrer Jaime Roig 6 de Valencia (46010) se encuentra Santa Klaus, una guardería privada de primer ciclo de educación infantil. El centro figura en el Registre de Centres Docents de la Generalitat Valenciana con titularidad de una persona física. Para conocer horarios, servicios y disponibilidad de plazas, recomendamos contactar directamente con el centro.",https://dadesobertes.gva.es/va/dataset/edu-centros,
Apóstol Santiago,apostol-santiago-valencia,escuela-infantil,publico,Plaça Periodista Vicente Ros Belda 1,46021,,valencia,Valencia,961205470,,https://www.ceice.gva.es/web/centros-docentes/ficha-centro?codi=46015174,0,36,,comedor;bilingue;ingles;musica;patio-exterior,"Apóstol Santiago es una escuela infantil de titularidad pública, dependiente de la Generalitat Valenciana, situada en la plaça Periodista Vicente Ros Belda, 1, en Valencia (46021). Según el Registre de Centres Docents, atiende la etapa de educación infantil. Recomendamos contactar directamente con el centro para conocer edades atendidas, horarios y proceso de admisión.",https://dadesobertes.gva.es/va/dataset/edu-centros,
Niño Jesús,nino-jesus-valencia,escuela-infantil,publico,Carrer San Clemente 13,46015,,valencia,Valencia,961205855,,https://www.ceice.gva.es/web/centros-docentes/ficha-centro?codi=46015231,0,36,,,"Niño Jesús es una escuela infantil de titularidad pública, dependiente del Departament d'Educació de la Generalitat Valenciana, situada en el carrer San Clemente, 13, en Valencia (46015). Recomendamos contactar directamente con el centro para conocer la etapa educativa, horarios y proceso de acceso, ya que el registro oficial no los especifica.",https://dadesobertes.gva.es/va/dataset/edu-centros,
el Tren,el-tren-valencia,guarderia,privado,Carrer Sagunto 105,46009,,valencia,Valencia,963473375,,https://www.ceice.gva.es/web/centros-docentes/ficha-centro?codi=46015344,0,36,,horario-ampliado,"El Tren es una guardería privada de primer ciclo de educación infantil ubicada en el carrer Sagunto 105, Valencia (46009). Su titular es EI El Tren Joam, SL, según el Registre de Centres Docents de la Generalitat Valenciana. Antes de solicitar plaza, recomendamos confirmar directamente con el centro los servicios y horarios disponibles.",https://dadesobertes.gva.es/va/dataset/edu-centros,
Centro Social el Grao,centro-social-el-grao-valencia,escuela-infantil,publico,Carrer Victor Moya S/n,46022,,valencia,Valencia,961205860,,https://www.ceice.gva.es/web/centros-docentes/ficha-centro?codi=46020236,0,36,,comedor,"Escuela infantil de primer ciclo de titularidad pública, Centro Social el Grao depende de la Generalitat Valenciana y está situada en el carrer Víctor Moya, s/n, en el barrio del Grau, Valencia (46022). Atiende a niños de 0 a 3 años. Recomendamos contactar directamente con el centro para conocer horarios y proceso de admisión.",https://dadesobertes.gva.es/va/dataset/edu-centros,
L'ànec Boig,lanec-boig-valencia,guarderia,privado,Avinguda Primero de Mayo 43,46017,,valencia,Valencia,963773788,,https://www.ceice.gva.es/web/centros-docentes/ficha-centro?codi=46021401,0,36,,comedor,"L'Ànec Boig, guardería privada de primer ciclo de educación infantil, está situada en la avinguda Primero de Mayo 43, Valencia (46017). El centro consta en el Registre de Centres Docents de la Generalitat Valenciana bajo la titularidad de L'Ànec Boig, SL. Se recomienda contactar directamente para conocer horarios, servicios y plazas disponibles.",https://dadesobertes.gva.es/va/dataset/edu-centros,
el Castillo,el-castillo-valencia,guarderia,privado,Carrer Palleter 28,46008,,valencia,Valencia,963821785,,https://www.ceice.gva.es/web/centros-docentes/ficha-centro?codi=46021642,0,36,,,"Guardería privada de primer ciclo de educación infantil, El Castillo se encuentra en el carrer Palleter 28, Valencia (46008). Según el Registre de Centres Docents de la Generalitat Valenciana, su titularidad corresponde a una persona física. Recomendamos contactar directamente con el centro para conocer servicios, horarios y disponibilidad de plazas.",https://dadesobertes.gva.es/va/dataset/edu-centros,
Campanar,campanar-valencia,escuela-infantil,concertado,Carrer Barón de Barcheta 3,46015,,valencia,Valencia,963404213,,https://www.ceice.gva.es/web/centros-docentes/ficha-centro?codi=46021769,0,36,,comedor;cocina-propia;horario-ampliado;bilingue;ingles;psicomotricidad;musica;verano-campamentos,"Campanar es un centro de educación infantil de titularidad privada en régimen concertado, ubicado en el carrer Barón de Barcheta 3, Valencia (46015). Consta en el Registre de Centres Docents de la Generalitat Valenciana bajo la entidad Educare Campanar, SL. Recomendamos confirmar directamente con el centro los servicios y horarios disponibles.",https://dadesobertes.gva.es/va/dataset/edu-centros,
Sambori,sambori-valencia,guarderia,privado,Carrer Cuenca 119,46007,,valencia,Valencia,963236270,,https://www.ceice.gva.es/web/centros-docentes/ficha-centro?codi=46021836,0,36,,comedor;cocina-propia;patio-exterior,"Sambori es una guardería privada de primer ciclo de educación infantil situada en el carrer Cuenca 119, Valencia (46007). El Registre de Centres Docents de la Generalitat Valenciana registra el centro con titularidad de una persona física. Antes de solicitar información sobre plazas, recomendamos contactar directamente con el centro.",https://dadesobertes.gva.es/va/dataset/edu-centros,
Bressol-benimaclet,bressol-benimaclet-valencia,guarderia,privado,Carrer Cristo de la Providencia 6,46020,,valencia,Valencia,963626914,,https://www.ceice.gva.es/web/centros-docentes/ficha-centro?codi=46021873,0,36,,comedor;musica;escuela-de-padres,"Bressol-Benimaclet es una guardería privada de primer ciclo de educación infantil situada en el carrer Cristo de la Providencia 6, en el barrio de Benimaclet, Valencia (46020). Su titular es una cooperativa valenciana, según el Registre de Centres Docents de la Generalitat Valenciana. Recomendamos contactar directamente para conocer servicios y horarios.",https://dadesobertes.gva.es/va/dataset/edu-centros,
Dálmatas,dalmatas-valencia,guarderia,privado,Carrer Pedro Juan Nuñez 3,46021,,valencia,Valencia,963698330,,https://www.ceice.gva.es/web/centros-docentes/ficha-centro?codi=46021988,0,36,,comedor;horario-ampliado;patio-exterior;musica;ingles;actividades-extraescolares;verano-campamentos;orientacion-pedagogica,"Dálmatas, guardería privada de primer ciclo de educación infantil, se sitúa en el carrer Pedro Juan Núñez 3, Valencia (46021). El centro figura en el Registre de Centres Docents de la Generalitat Valenciana con titularidad de CEI Dálmatas, SL. Recomendamos confirmar directamente con el centro los servicios y horarios disponibles.",https://dadesobertes.gva.es/va/dataset/edu-centros,
de Pinedo,de-pinedo-valencia,escuela-infantil,publico,Travessia de Pinedo al Mar S/n,46012,,valencia,Valencia,963248473,eipinedo@valencia.es,https://www.ceice.gva.es/web/centros-docentes/ficha-centro?codi=46022270,0,36,,comedor;cocina-propia;patio-exterior,"Escuela infantil municipal de Pinedo es un centro público de primer ciclo de educación infantil, de gestión directa del Ajuntament de València, situado en la travessia de Pinedo al Mar, s/n, en la pedanía de Pinedo (Valencia). Depende de la Regidoria d'Educació. Recomendamos consultar el proceso de preinscripción municipal para conocer plazas y calendario de admisión.",https://dadesobertes.gva.es/va/dataset/edu-centros,
Chiquilín,chiquilin-valencia,guarderia,privado,Carrer Juan Llorens 26,46008,,valencia,Valencia,963850781,,https://www.ceice.gva.es/web/centros-docentes/ficha-centro?codi=46022439,0,36,,bilingue;ingles;horario-ampliado;servicio-madrugadores;comedor;musica;psicomotricidad;orientacion-pedagogica;verano-campamentos,"Chiquilín es un centro privado de educación infantil situado en el carrer Juan Llorens 26, Valencia (46008). Según el Registre de Centres Docents de la Generalitat Valenciana, su titular es Edusancho 1980, SL, y no consta en régimen concertado. Recomendamos contactar directamente con el centro para conocer servicios, horarios y plazas.",https://dadesobertes.gva.es/va/dataset/edu-centros,
Giorgeta,giorgeta-valencia,escuela-infantil,concertado,Avinguda Giorgeta 25,46007,,valencia,Valencia,963420970,,https://www.ceice.gva.es/web/centros-docentes/ficha-centro?codi=46022491,0,36,,comedor;patio-exterior;uniformes,"En la avinguda Giorgeta 25, Valencia (46007), se encuentra Giorgeta, un centro de educación infantil de titularidad privada en régimen concertado. Su entidad titular es Escuela Infantil Giorgeta, SL, según el Registre de Centres Docents de la Generalitat Valenciana. Recomendamos contactar directamente con el centro para conocer horarios y servicios.",https://dadesobertes.gva.es/va/dataset/edu-centros,
la Paloma,la-paloma-valencia,guarderia,privado,Carrer Barón de Patraix 4,46018,,valencia,Valencia,963804618,,https://www.ceice.gva.es/web/centros-docentes/ficha-centro?codi=46022506,0,36,,bilingue;ingles;comedor,"La Paloma es un centro privado de educación infantil ubicado en el carrer Barón de Patraix 4, Valencia (46018), gestionado por Guardería La Paloma, SL. Consta en el Registre de Centres Docents de la Generalitat Valenciana sin régimen de concierto. Recomendamos confirmar directamente con el centro los servicios y horarios disponibles.",https://dadesobertes.gva.es/va/dataset/edu-centros,
Dumbo,dumbo-valencia,guarderia,privado,Carrer Pintor Vila Prades 9,46008,,valencia,Valencia,963842424,,https://www.ceice.gva.es/web/centros-docentes/ficha-centro?codi=46022828,0,36,,,"Dumbo es un centro privado de educación infantil de primer ciclo situado en el carrer Pintor Vila Prades, 9, en Valencia (46008). Atiende a niños de 0 a 3 años según el Registre de Centres Docents de la Generalitat Valenciana. Recomendamos contactar directamente con el centro para conocer plazas disponibles, horarios y servicios concretos antes de formalizar una matrícula.",https://dadesobertes.gva.es/va/dataset/edu-centros,
Casa Cuna Santa Isabel,casa-cuna-santa-isabel-valencia,guarderia,privado,Carrer Casa de la Misericordia 8,46014,,valencia,Valencia,963790133,,https://www.ceice.gva.es/web/centros-docentes/ficha-centro?codi=46023092,0,36,,comedor;cocina-propia;horario-ampliado;servicio-madrugadores;escuela-de-padres,"Casa Cuna Santa Isabel figura en el Registre de Centres Docents como centro privado de educación infantil de primer ciclo, ubicado en el carrer Casa de la Misericòrdia, 8, Valencia (46014). Su titular es la Congregación Siervas de la Pasión. Atiende a niños de 0 a 3 años. Para conocer servicios y disponibilidad de plazas, se recomienda contactar directamente con el centro.",https://dadesobertes.gva.es/va/dataset/edu-centros,
el Trenet,el-trenet-valencia,guarderia,privado,Carrer Ramón de Castro 11-13,46018,,valencia,Valencia,963800758,,https://www.ceice.gva.es/web/centros-docentes/ficha-centro?codi=46023110,0,36,,comedor;horario-ampliado;servicio-madrugadores,"El carrer Ramón de Castro, 11-13, en Valencia (46018), acoge el centro el Trenet, una guardería privada de primer ciclo de educación infantil gestionada por una cooperativa valenciana. Según el registro oficial de la Generalitat Valenciana, atiende a niños de 0 a 3 años. Recomendamos contactar con el centro para conocer plazas y servicios concretos.",https://dadesobertes.gva.es/va/dataset/edu-centros,
Mariposas 2,mariposas-2-valencia,guarderia,privado,Carretera de Artes 6,46013,,valencia,Valencia,963731436,,https://www.ceice.gva.es/web/centros-docentes/ficha-centro?codi=46023286,0,36,,comedor;cocina-propia,"Mariposas 2 es una guardería privada de primer ciclo de educación infantil situada en la Carretera de Artes, 6, Valencia (46013), gestionada por Escuela Infantil Mariposas, SL. Atiende, según consta en el registro autonómico, a niños de 0 a 3 años. Se recomienda confirmar directamente con el centro los servicios, horarios y plazas disponibles.",https://dadesobertes.gva.es/va/dataset/edu-centros,
Kinder,kinder-valencia,guarderia,privado,Carrer Salamanca 30,46005,,valencia,Valencia,963347074,,https://www.ceice.gva.es/web/centros-docentes/ficha-centro?codi=46023331,0,36,,comedor;cocina-propia;escuela-de-padres;verano-campamentos,"Kinder, en el carrer Salamanca, 30, Valencia (46005), es un centro privado de educación infantil de primer ciclo con titularidad de persona física. De acuerdo con el registro oficial de la Generalitat Valenciana, atiende a niños de 0 a 3 años. Antes de matricular, conviene confirmar con el centro los servicios y horarios disponibles.",https://dadesobertes.gva.es/va/dataset/edu-centros,
Pipo,pipo-valencia,guarderia,privado,Carrer Felipe Rinaldi 15,46019,,valencia,Valencia,963651687,,https://www.ceice.gva.es/web/centros-docentes/ficha-centro?codi=46023365,0,36,,comedor;cocina-propia;horario-ampliado;psicomotricidad;musica;verano-campamentos;orientacion-pedagogica;escuela-de-padres;uniformes,"Situado en el carrer Felipe Rinaldi, 15, Valencia (46019), Pipo es un centro privado de educación infantil de primer ciclo cuya titularidad recae en una persona física. Según el Registre de Centres Docents, atiende a niños de 0 a 3 años. Recomendamos confirmar directamente con el centro los servicios y horarios antes de solicitar plaza.",https://dadesobertes.gva.es/va/dataset/edu-centros,
San Pedro Pascual i,san-pedro-pascual-i-valencia,escuela-infantil,concertado,Carrer Quart 132,46008,,valencia,Valencia,963840000,,https://www.ceice.gva.es/web/centros-docentes/ficha-centro?codi=46023390,0,36,,,"San Pedro Pascual I es un centro privado concertado de educación infantil situado en el carrer Quart, 132, Valencia (46008), con titularidad de Casa San Pedro Pascual. El registro oficial de la Generalitat Valenciana no especifica el tramo exacto de edades más allá del carácter infantil del centro. Se recomienda contactar directamente para conocer servicios y plazas.",https://dadesobertes.gva.es/va/dataset/edu-centros,
Patufet,patufet-valencia,guarderia,privado,Carrer Cádiz 78-80,46006,,valencia,Valencia,963339034,,https://www.ceice.gva.es/web/centros-docentes/ficha-centro?codi=46023407,0,36,,comedor;horario-ampliado;servicio-madrugadores;orientacion-pedagogica;verano-campamentos;actividades-extraescolares;bilingue,"Patufet, en el carrer Cádiz, 78-80, Valencia (46006), es un centro privado de educación infantil gestionado por Patufet de Ruzafa, Cooperativa Valenciana. De acuerdo con el registro oficial, se trata de un centro dedicado a la etapa infantil. Recomendamos contactar directamente con el centro para conocer edades atendidas, servicios y plazas.",https://dadesobertes.gva.es/va/dataset/edu-centros,
Jesús-kind,jesus-kind-valencia,guarderia,privado,Carrer Gorgos 5,46021,,valencia,Valencia,963699811,,https://www.ceice.gva.es/web/centros-docentes/ficha-centro?codi=46023420,0,36,,comedor;horario-ampliado;servicio-madrugadores,"Jesús-Kind es un centro privado de educación infantil ubicado en el carrer Gorgos, 5, Valencia (46021), con titularidad de Escuela Infantil Jesus-Kind, SL. El registro autonómico lo cataloga dentro de la etapa infantil, sin detallar servicios adicionales. Recomendamos confirmar directamente con el centro horarios, plazas y prestaciones.",https://dadesobertes.gva.es/va/dataset/edu-centros,
Bambinos,bambinos-valencia,guarderia,privado,Carrer Previsora 27,46017,,valencia,Valencia,963774133,,https://www.ceice.gva.es/web/centros-docentes/ficha-centro?codi=46023444,0,36,,comedor;cocina-propia;patio-exterior;verano-campamentos,"Bambinos es un centro privado de educación infantil situado en el carrer Previsora, 27, Valencia (46017), gestionado por Escuela Infantil Bambinos, SL. Según los datos del Registre de Centres Docents, forma parte de la oferta de educación infantil de la ciudad. Se recomienda contactar directamente con el centro para conocer edades, servicios y plazas.",https://dadesobertes.gva.es/va/dataset/edu-centros,
Nansy,nansy-valencia,guarderia,privado,Avinguda Burjassot 218,46025,,valencia,Valencia,963496276,,https://www.ceice.gva.es/web/centros-docentes/ficha-centro?codi=46023493,0,36,,,"Nansy, en la avinguda Burjassot, 218, Valencia (46025), es un centro privado de educación infantil de primer ciclo con titularidad de Sanatricia Educación Infantil, SL. El registro oficial de la Generalitat Valenciana confirma que atiende a niños de 0 a 3 años. Recomendamos confirmar directamente con el centro los servicios y horarios disponibles.",https://dadesobertes.gva.es/va/dataset/edu-centros,
Redolins,redolins-valencia,guarderia,privado,Avinguda Constitución 221,46019,,valencia,Valencia,963652000,,https://www.ceice.gva.es/web/centros-docentes/ficha-centro?codi=46023675,0,36,,horario-ampliado;servicio-madrugadores;verano-campamentos;orientacion-pedagogica,"Redolins es una guardería privada de primer ciclo de educación infantil situada en la avinguda Constitución, 221, Valencia (46019). Su titular es Redolins, SL, según el Registre de Centres Docents de la Generalitat Valenciana. Atiende a niños de 0 a 3 años. Recomendamos contactar directamente con el centro para confirmar horarios, servicios y plazas.",https://dadesobertes.gva.es/va/dataset/edu-centros,
Les Rondalles,les-rondalles-valencia,escuela-infantil,publico,Carrer José M.cervera Lloret 2,46022,,valencia,Valencia,962566010,,https://www.ceice.gva.es/web/centros-docentes/ficha-centro?codi=46024102,0,36,,,"Les Rondalles es una escuela infantil de titularidad pública, dependiente de la Generalitat Valenciana, situada en el carrer José M. Cervera Lloret, 2, en Valencia (46022). El registro oficial no detalla el ciclo exacto ni los servicios del centro. Recomendamos contactar directamente para conocer edades atendidas, horarios y proceso de admisión.",https://dadesobertes.gva.es/va/dataset/edu-centros,
el Cole de Los Pitusines,el-cole-de-los-pitusines-valencia,guarderia,privado,Carrer Florista 7-b,46015,,valencia,Valencia,611639653,,https://www.ceice.gva.es/web/centros-docentes/ficha-centro?codi=46024163,0,36,,,"El Cole de los Pitusines es un centro privado de educación infantil de primer ciclo en el carrer Florista, 7-B, Valencia (46015), gestionado por El Cole de los Pitusines, SL. Según el registro autonómico, atiende a niños de 0 a 3 años. Se recomienda confirmar directamente con el centro los servicios, horarios y plazas disponibles.",https://dadesobertes.gva.es/va/dataset/edu-centros,
San Pascual Baylón,san-pascual-baylon-valencia,guarderia,privado,Carrer Doctor Moliner 10,46010,,valencia,Valencia,963695663,,https://www.ceice.gva.es/web/centros-docentes/ficha-centro?codi=46024187,0,36,,comedor;horario-ampliado;servicio-madrugadores;bilingue;patio-exterior;psicomotricidad;musica;verano-campamentos,"El carrer Doctor Moliner, 10, en Valencia (46010), es la dirección de San Pascual Baylón, un centro privado de educación infantil de primer ciclo con titularidad de la Parroquia de San Pascual Baylón. Atiende a niños de 0 a 3 años, según el Registre de Centres Docents. Recomendamos contactar con el centro para conocer servicios y plazas disponibles.",https://dadesobertes.gva.es/va/dataset/edu-centros,
Caragols i Marietes ii,caragols-i-marietes-ii-valencia,guarderia,privado,Carrer Litografo Pascual y Abad 9,46017,,valencia,Valencia,649244931,,https://www.ceice.gva.es/web/centros-docentes/ficha-centro?codi=46024230,0,36,,,"Caragols i Marietes II es una guardería privada de primer ciclo de educación infantil en el carrer Litògraf Pascual i Abad, 9, Valencia (46017), gestionada por Escola Infantil Abelles i Marietes, SL. Atiende a niños de 0 a 3 años, según el registro oficial de la Generalitat Valenciana. Se recomienda confirmar servicios y horarios directamente con el centro.",https://dadesobertes.gva.es/va/dataset/edu-centros,
Bambi,bambi-valencia,guarderia,privado,Carrer Pintor Salvador Abril 41,46005,,valencia,Valencia,963735598,,https://www.ceice.gva.es/web/centros-docentes/ficha-centro?codi=46024242,0,36,,,"Bambi es una guardería privada situada en la carrera Pintor Salvador Abril, número 41, en Valencia (código postal 46005). Según el Registre de Centres Docents de la Generalitat Valenciana, el centro está registrado como centro privado de educación infantil de primer ciclo, dirigido a familias con niños de 0 a 3 años. Para conocer plazas, horarios y servicios disponibles, recomendamos contactar directamente con el centro.",https://dadesobertes.gva.es/va/dataset/edu-centros,
el Cole,el-cole-valencia,guarderia,privado,Camí Viejo de Xirivella 31,46014,,valencia,Valencia,963599218,,https://www.ceice.gva.es/web/centros-docentes/ficha-centro?codi=46024254,0,36,,,"En el número 31 del Camí Vell de Xirivella, en Valencia (46014), se encuentra el Cole, una escuela infantil de primer ciclo de titularidad privada. Consta en el Registre de Centres Docents de la Generalitat Valenciana bajo la razón social Escuela Infantil El Cole de Oliveret, SLU. Recomendamos contactar directamente con el centro para conocer plazas, horarios y servicios disponibles.",https://dadesobertes.gva.es/va/dataset/edu-centros,
Betel,betel-valencia,guarderia,privado,Carrer Mistral 4-6-8,46020,,valencia,Valencia,963891505,,https://www.ceice.gva.es/web/centros-docentes/ficha-centro?codi=46024278,0,36,,cocina-propia;horario-ampliado;bilingue;ingles;actividades-extraescolares,"Betel Infant School, SL es la entidad titular de la guardería Betel, un centro privado de educación infantil de primer ciclo ubicado en la carrera Mistral 4-6-8, en Valencia (46020). Así consta en el Registre de Centres Docents de la Generalitat Valenciana. Para conocer horarios, servicios y disponibilidad de plazas, recomendamos contactar directamente con el centro.",https://dadesobertes.gva.es/va/dataset/edu-centros,
Anaia,anaia-valencia,guarderia,privado,Carrer José de Orga 7,46022,,valencia,Valencia,963724573,,https://www.ceice.gva.es/web/centros-docentes/ficha-centro?codi=46024281,0,36,,cocina-propia;bilingue;ingles;musica;actividades-extraescolares;verano-campamentos;orientacion-pedagogica;escuela-de-padres,"Guardería privada situada en la carrera José de Orga, número 7, en Valencia (46022). Anaia figura en el Registre de Centres Docents de la Generalitat Valenciana como centro de educación infantil de primer ciclo, con titular Ikzoalmi, SL. Recomendamos confirmar directamente con el centro los servicios, horarios y plazas disponibles antes de solicitar información.",https://dadesobertes.gva.es/va/dataset/edu-centros,
el Osito Azul,el-osito-azul-valencia,guarderia,privado,Carrer Reverendo José Noguera 26,46017,,valencia,Valencia,661586416,,https://www.ceice.gva.es/web/centros-docentes/ficha-centro?codi=46024291,0,36,,comedor;horario-ampliado;verano-campamentos,"El Osito Azul es una guardería privada de educación infantil de primer ciclo con domicilio en la carrera Reverendo José Noguera, número 26, en Valencia (46017). Según el Registre de Centres Docents de la Generalitat Valenciana, su titular es una persona física. Recomendamos contactar directamente con el centro para conocer servicios, horarios y disponibilidad de plazas.",https://dadesobertes.gva.es/va/dataset/edu-centros,
San Luis,san-luis-valencia,guarderia,privado,Carrer Perfecto 19-21,46006,,valencia,Valencia,963333269,,https://www.ceice.gva.es/web/centros-docentes/ficha-centro?codi=46024308,0,36,,bilingue;ingles;comedor;actividades-extraescolares;horario-ampliado;psicomotricidad;patio-exterior;orientacion-pedagogica,"Centro San Luis Gonzaga, SL es el titular de San Luis, un centro privado de educación infantil situado en la carrera Perfecto, números 19-21, en Valencia (46006). Así lo recoge el Registre de Centres Docents de la Generalitat Valenciana. Recomendamos contactar directamente con el centro para confirmar servicios, horarios y plazas disponibles.",https://dadesobertes.gva.es/va/dataset/edu-centros,
la Estrella,la-estrella-valencia,guarderia,privado,Carrer Pedro Alexandre 12,46006,,valencia,Valencia,963339315,,https://www.ceice.gva.es/web/centros-docentes/ficha-centro?codi=46024357,0,36,,psicomotricidad;musica;verano-campamentos;comedor,"La Estrella es una guardería privada de educación infantil de primer ciclo situada en la carrera Pedro Alexandre, número 12, en Valencia (46006). El Registre de Centres Docents de la Generalitat Valenciana identifica a Escuela Infantil La Estrella, SL como su titular. Recomendamos contactar directamente con el centro para conocer horarios, servicios y disponibilidad de plazas.",https://dadesobertes.gva.es/va/dataset/edu-centros,
San Juan Bosco,san-juan-bosco-valencia,guarderia,privado,Carrer Gregorio Gea 21,46009,,valencia,Valencia,963495539,,https://www.ceice.gva.es/web/centros-docentes/ficha-centro?codi=46024461,0,36,,comedor;servicio-madrugadores;actividades-extraescolares;uniformes,"Centro privado de educación infantil de primer ciclo, San Juan Bosco tiene su sede en la carrera Gregorio Gea, número 21, en Valencia (46009). El Registre de Centres Docents de la Generalitat Valenciana identifica como titular a la Parroquia San Juan Bosco. Recomendamos contactar directamente con el centro para conocer servicios, horarios y disponibilidad de plazas.",https://dadesobertes.gva.es/va/dataset/edu-centros,
San José,san-jose-valencia,guarderia,privado,Carrer Benicolet 6-8,46020,,valencia,Valencia,963933237,,https://www.ceice.gva.es/web/centros-docentes/ficha-centro?codi=46024485,0,36,,,"En la carrera Benicolet, números 6-8, en Valencia (46020), se encuentra San José, un centro privado de educación infantil de primer ciclo cuyo titular es la congregación Auxiliares de Jesús Maestro Divino, según el Registre de Centres Docents de la Generalitat Valenciana. Recomendamos contactar directamente con el centro para conocer horarios, servicios y plazas disponibles.",https://dadesobertes.gva.es/va/dataset/edu-centros,
Guppy,guppy-valencia,escuela-infantil,concertado,Carrer Luis de Santángel 7-9 B,46005,,valencia,Valencia,963208808,,https://www.ceice.gva.es/web/centros-docentes/ficha-centro?codi=46024497,0,36,,actividades-extraescolares,"Guppy es una escuela infantil privada concertada situada en la carrera Luis de Santángel, números 7-9 B, en Valencia (46005). Según el Registre de Centres Docents de la Generalitat Valenciana, su titular es Guppy 95, SL, y su régimen es privado concertado. Recomendamos contactar directamente con el centro para conocer servicios, horarios y disponibilidad de plazas.",https://dadesobertes.gva.es/va/dataset/edu-centros,
Casa de la Caridad,casa-de-la-caridad-valencia,guarderia,privado,Carrer Xilxes 1,46008,,valencia,Valencia,963911726,,https://www.ceice.gva.es/web/centros-docentes/ficha-centro?codi=46024552,0,36,,comedor;uniformes;actividades-extraescolares;verano-campamentos;escuela-de-padres,"La Asociación Valenciana de la Caridad es la titular de Casa de la Caridad, un centro privado de educación infantil de primer ciclo situado en la carrera Xilxes, número 1, en Valencia (46008). Así lo recoge el Registre de Centres Docents de la Generalitat Valenciana. Recomendamos contactar directamente con el centro para conocer horarios, servicios y plazas disponibles.",https://dadesobertes.gva.es/va/dataset/edu-centros,
el Cucurucho,el-cucurucho-valencia,guarderia,privado,Carrer Lorenzo Palmireno 10,46021,,valencia,Valencia,623028421,,https://www.ceice.gva.es/web/centros-docentes/ficha-centro?codi=46024734,0,36,,,"El Cucurucho es una guardería privada de educación infantil de primer ciclo situada en la carrera Lorenzo Palmireno, número 10, en Valencia (46021). El Registre de Centres Docents de la Generalitat Valenciana registra como titular a Alma Infantil, SL. Recomendamos contactar directamente con el centro para conocer horarios, servicios y disponibilidad de plazas.",https://dadesobertes.gva.es/va/dataset/edu-centros,
Los Duendes,los-duendes-valencia,guarderia,privado,Plaça Policia Local 1,46015,,valencia,Valencia,963401006,,https://www.ceice.gva.es/web/centros-docentes/ficha-centro?codi=46024758,0,36,,bilingue;ingles;comedor;cocina-propia;patio-exterior,"Centro privado de educación infantil, Los Duendes está situado en la plaza Policía Local, número 1, en Valencia (46015). Martínez-Blat, SL figura como titular según el Registre de Centres Docents de la Generalitat Valenciana. Recomendamos contactar directamente con el centro para conocer servicios, horarios y disponibilidad de plazas.",https://dadesobertes.gva.es/va/dataset/edu-centros,
Peter Pan,peter-pan-valencia,guarderia,privado,Carrer Doctor Sumsi 16,46005,,valencia,Valencia,963335909,,https://www.ceice.gva.es/web/centros-docentes/ficha-centro?codi=46024761,0,36,,,"C.E. Peter Pan 1978, SLU es la entidad titular del centro privado de educación infantil Peter Pan, ubicado en la carrera Doctor Sumsi, número 16, en Valencia (46005). Así consta en el Registre de Centres Docents de la Generalitat Valenciana. Recomendamos contactar directamente con el centro para conocer horarios, servicios y plazas disponibles.",https://dadesobertes.gva.es/va/dataset/edu-centros,
Du-du-a,du-du-a-valencia,guarderia,privado,Carrer Maestro Valls 36-38,46022,,valencia,Valencia,963555060,,https://www.ceice.gva.es/web/centros-docentes/ficha-centro?codi=46024850,0,36,,comedor;escuela-de-padres;verano-campamentos,"¿Buscas guardería en la zona de Benimaclet o alrededores? Du-du-a es un centro privado de educación infantil de primer ciclo situado en la carrera Maestro Valls, números 36-38, en Valencia (46022), con titular Escuela Infantil Dudua, SL según el Registre de Centres Docents de la Generalitat Valenciana. Recomendamos contactar directamente con el centro para conocer servicios y plazas disponibles.",https://dadesobertes.gva.es/va/dataset/edu-centros,
Aladdin,aladdin-valencia,guarderia,privado,Carrer Rodrigo de Pertegás 25,46023,,valencia,Valencia,963250023,,https://www.ceice.gva.es/web/centros-docentes/ficha-centro?codi=46024862,0,36,,,"Aladdin es un centro privado de educación infantil de primer ciclo situado en el carrer Rodrigo de Pertegás, en Valencia. Atiende a niños de 0 a 3 años según el Registre de Centres Docents de la Generalitat Valenciana. Recomendamos contactar directamente con el centro para confirmar servicios, horarios y disponibilidad de plazas antes de formalizar cualquier matrícula.",https://dadesobertes.gva.es/va/dataset/edu-centros,
Pitus Ruzafa,pitus-ruzafa-valencia,guarderia,privado,Carrer Literato Azorín 38-40,46006,,valencia,Valencia,963415719,,https://www.ceice.gva.es/web/centros-docentes/ficha-centro?codi=46024931,0,36,,,"Situado en el carrer Literato Azorín, en el barrio de Ruzafa (Valencia), Pitus Ruzafa figura en el Registre de Centres Docents como centro privado de educación infantil de primer ciclo para niños de 0 a 3 años. Su titular es Pitus Escola Infantil, SL. Aconsejamos verificar con el centro los servicios y el horario antes de decidir la matrícula.",https://dadesobertes.gva.es/va/dataset/edu-centros,
Beteró,betero-valencia,guarderia,privado,Carrer Campillo del Altobuey 14,46022,,valencia,Valencia,963563423,,https://www.ceice.gva.es/web/centros-docentes/ficha-centro?codi=46024941,0,36,,,"Beteró, en el carrer Campillo del Altobuey (Valencia), es un centro privado de primer ciclo de educación infantil gestionado por la cooperativa valenciana Passet a Passet Caminem Plegats. Según el Registre de Centres Docents, atiende a niños de 0 a 3 años. Recomendamos contactar directamente para conocer los servicios y horarios disponibles.",https://dadesobertes.gva.es/va/dataset/edu-centros,
"Padbury, sl",padbury-sl-valencia,guarderia,privado,Carrer Hermanos Villalonga 2,46020,,valencia,Valencia,963691436,,https://www.ceice.gva.es/web/centros-docentes/ficha-centro?codi=46025052,0,36,,comedor;bilingue;ingles;patio-exterior,"Padbury, SL es el titular de este centro privado de educación infantil de primer ciclo ubicado en el carrer Hermanos Villalonga, en Valencia. Consta en el Registre de Centres Docents de la Generalitat Valenciana como centro dedicado a niños de 0 a 3 años. Se aconseja confirmar directamente con el centro los servicios, horarios y plazas disponibles.",https://dadesobertes.gva.es/va/dataset/edu-centros,
Globitos,globitos-valencia,guarderia,privado,Carrer San Pío X 22,46017,,valencia,Valencia,960917944,,https://www.ceice.gva.es/web/centros-docentes/ficha-centro?codi=46025076,0,36,,,"Escuelas Infantiles Globiteras, SL gestiona Globitos, un centro privado de educación infantil de primer ciclo en el carrer San Pío X, Valencia. Según el Registre de Centres Docents de la Generalitat Valenciana, atiende a niños de 0 a 3 años. No se dispone de datos sobre servicios o horarios; se recomienda consultarlos directamente con el centro.",https://dadesobertes.gva.es/va/dataset/edu-centros,
Cotó School For Kids,coto-school-for-kids-valencia,guarderia,privado,Carrer Almazora 72-b,46010,,valencia,Valencia,963655158,,https://www.ceice.gva.es/web/centros-docentes/ficha-centro?codi=46025131,0,36,,comedor;horario-ampliado;servicio-madrugadores;ingles;orientacion-pedagogica;verano-campamentos,"Cotó School For Kids, gestionado por Cotton School, SL, es un centro privado de educación infantil de primer ciclo en el carrer Almazora, Valencia. El Registre de Centres Docents de la Generalitat Valenciana lo registra como centro para niños de 0 a 3 años. Recomendamos confirmar directamente con el centro los servicios y horarios disponibles.",https://dadesobertes.gva.es/va/dataset/edu-centros,
el Eden,el-eden-valencia,guarderia,privado,Carrer José de Orga 12-14,46022,,valencia,Valencia,963727917,,https://www.ceice.gva.es/web/centros-docentes/ficha-centro?codi=46025167,0,36,,comedor;orientacion-pedagogica,"el Eden es un centro privado de educación infantil de primer ciclo situado en el carrer José de Orga, Valencia, gestionado por Escuela Infantil El Eden, SLU. Según fuentes oficiales de la Generalitat Valenciana, atiende a niños de 0 a 3 años. Recomendamos confirmar servicios, horarios y plazas directamente con el centro.",https://dadesobertes.gva.es/va/dataset/edu-centros,
Sambori-latorre,sambori-latorre-valencia,guarderia,privado,Carrer Alvarez de Sotomayor 27-b,46017,,valencia,Valencia,963964781,,https://www.ceice.gva.es/web/centros-docentes/ficha-centro?codi=46025180,0,36,,comedor;patio-exterior;psicomotricidad;musica;horario-ampliado;verano-campamentos,"CEI Sambori-La Torre, SL es la titular de Sambori-Latorre, centro privado de educación infantil de primer ciclo en el carrer Alvarez de Sotomayor, Valencia. Aparece registrado en el Registre de Centres Docents de la Generalitat Valenciana como centro para niños de 0 a 3 años. Se recomienda contactar con el centro para conocer servicios y horarios.",https://dadesobertes.gva.es/va/dataset/edu-centros,
Garabatos,garabatos-valencia,guarderia,privado,Carrer Doctor Olóriz 32,46009,,valencia,Valencia,963488253,,https://www.ceice.gva.es/web/centros-docentes/ficha-centro?codi=46025593,0,36,,cocina-propia;escuela-de-padres,"En el carrer Doctor Olóriz de Valencia se encuentra Garabatos, un centro privado de educación infantil de primer ciclo cuyo titular es Garabatos Valencia 46009, SL. El Registre de Centres Docents de la Generalitat Valenciana lo clasifica como centro para niños de 0 a 3 años. Recomendamos confirmar con el centro los servicios y el horario.",https://dadesobertes.gva.es/va/dataset/edu-centros,
Creciendo Juntos,creciendo-juntos-valencia,guarderia,privado,Carrer Puebla de Farnals 33,46021,,valencia,Valencia,963623830,,https://www.ceice.gva.es/web/centros-docentes/ficha-centro?codi=46025696,0,36,,,"Creciendo Juntos, en el carrer Puebla de Farnals, Valencia, es un centro privado de educación infantil de primer ciclo gestionado por C.E.I. Creciendo Juntos Valencia, SL. Según el Registre de Centres Docents de la Generalitat Valenciana, atiende a niños de 0 a 3 años. Aconsejamos verificar con el centro los servicios y horarios disponibles.",https://dadesobertes.gva.es/va/dataset/edu-centros,
Jardín de Serreria,jardin-de-serreria-valencia,guarderia,privado,Carrer Peanya 19,46022,,valencia,Valencia,963300665,,https://www.ceice.gva.es/web/centros-docentes/ficha-centro?codi=46025702,0,36,,,"Jardín de Serreria, gestionado por Escuelas Infantiles Siglo XXI, SL, es un centro privado de educación infantil de primer ciclo en el carrer Peanya, Valencia. Consta en el Registre de Centres Docents de la Generalitat Valenciana como centro para niños de 0 a 3 años. Recomendamos contactar directamente con el centro para conocer servicios y horarios.",https://dadesobertes.gva.es/va/dataset/edu-centros,
Winnie,winnie-valencia,guarderia,privado,Carrer Cardenal Benlloch 40,46021,,valencia,Valencia,963890975,,https://www.ceice.gva.es/web/centros-docentes/ficha-centro?codi=46025726,0,36,,,"Winnie es un centro privado de educación infantil de primer ciclo situado en el carrer Cardenal Benlloch, Valencia, con titularidad de una persona física según el Registre de Centres Docents de la Generalitat Valenciana. Atiende a niños de 0 a 3 años. Se recomienda confirmar directamente con el centro los servicios y horarios disponibles.",https://dadesobertes.gva.es/va/dataset/edu-centros,
la Senyera,la-senyera-valencia,guarderia,privado,Carrer Motilla del Palancar 9,46019,,valencia,Valencia,963659363,,https://www.ceice.gva.es/web/centros-docentes/ficha-centro?codi=46025805,0,36,,bilingue;comedor;horario-ampliado;patio-exterior;musica;verano-campamentos;actividades-extraescolares,"la Senyera es un centro privado de educación infantil de primer ciclo en el carrer Motilla del Palancar, Valencia, con titularidad de una persona física, según el Registre de Centres Docents de la Generalitat Valenciana. Atiende a niños de 0 a 3 años. Recomendamos confirmar con el centro los servicios, horarios y plazas disponibles.",https://dadesobertes.gva.es/va/dataset/edu-centros,
Bambini,bambini-valencia,guarderia,privado,Carrer Guillem de Castro 67,46008,,valencia,Valencia,963912806,,https://www.ceice.gva.es/web/centros-docentes/ficha-centro?codi=46025911,0,36,,cocina-propia;horario-ampliado;bilingue;musica;psicomotricidad;patio-exterior;uniformes;actividades-extraescolares;verano-campamentos;orientacion-pedagogica;escuela-de-padres,"Parvulario Bambini, SL gestiona el centro Bambini, situado en el carrer Guillem de Castro, Valencia. Es un centro privado de educación infantil de primer ciclo registrado en el Registre de Centres Docents de la Generalitat Valenciana para niños de 0 a 3 años. Recomendamos confirmar directamente con el centro los servicios y horarios disponibles.",https://dadesobertes.gva.es/va/dataset/edu-centros,
Parc Central Coop.v.,parc-central-coopv-valencia,guarderia,privado,Carrer Ingeniero Joaquin Benlloch 7-b,46006,,valencia,Valencia,963341733,,https://www.ceice.gva.es/web/centros-docentes/ficha-centro?codi=46025921,0,36,,ingles,"Parc Central, Cooperativa Valenciana, es la entidad titular del centro Parc Central Coop.V., ubicado en el carrer Ingeniero Joaquín Benlloch, Valencia. Se trata de un centro privado de educación infantil de primer ciclo para niños de 0 a 3 años, según el Registre de Centres Docents de la Generalitat Valenciana. Aconsejamos verificar servicios y horarios con el centro.",https://dadesobertes.gva.es/va/dataset/edu-centros,
Pitus Abastos,pitus-abastos-valencia,guarderia,privado,Carrer Héroe Romeu 4-6,46008,,valencia,Valencia,963858788,,https://www.ceice.gva.es/web/centros-docentes/ficha-centro?codi=46026470,0,36,,comedor;cocina-propia;horario-ampliado;verano-campamentos,"Pitus Abastos es un centro privado de educación infantil de primer ciclo situado en el carrer Héroe Romeu, en el distrito de Extramurs (Valencia). Atiende a niños y niñas de 0 a 3 años bajo la titularidad de Pitus Escola Infantil, SL. Según el Registre de Centres Docents de la Generalitat Valenciana, recomendamos contactar directamente con el centro para conocer plazas, horarios y servicios disponibles.",https://dadesobertes.gva.es/va/dataset/edu-centros,
Virgen de Cortes 2,virgen-de-cortes-2-valencia,guarderia,privado,Carrer Jerónima Galés 27,46017,,valencia,Valencia,963785644,,https://www.ceice.gva.es/web/centros-docentes/ficha-centro?codi=46026536,0,36,,comedor;bilingue;ingles;uniformes,"En el carrer Jerónima Galés de Valencia se encuentra Virgen de Cortes 2, un centro privado de educación infantil de primer ciclo para niños de 0 a 3 años. Su titular es Escuelas Infantiles Virgen de Cortes, SL. Los datos proceden del registro autonómico de centros docentes; recomendamos confirmar directamente con el centro los servicios, horarios y disponibilidad de plazas.",https://dadesobertes.gva.es/va/dataset/edu-centros,
Sacapuntas S/cort. ni Puntas,sacapuntas-scort-ni-puntas-valencia,guarderia,privado,Carrer Carrera Fuente de San Luis 11,46006,,valencia,Valencia,963292020,,https://www.ceice.gva.es/web/centros-docentes/ficha-centro?codi=46026573,0,36,,comedor;horario-ampliado;bilingue;ingles;patio-exterior;psicomotricidad;actividades-extraescolares;verano-campamentos;orientacion-pedagogica;escuela-de-padres,"Sacapuntas S/cort. ni Puntas es un centro privado de educación infantil de primer ciclo situado en la carrera Fuente de San Luis, en Valencia. Está gestionado por Sacapuntas Sin Cortes ni Puntas, SL y atiende a niños de 0 a 3 años. La ficha se basa en datos del Registre de Centres Docents; recomendamos consultar directamente con el centro los servicios y horarios concretos.",https://dadesobertes.gva.es/va/dataset/edu-centros,
Meravelles,meravelles-valencia,guarderia,privado,Carrer Impresor José de Orga 10,46022,,valencia,Valencia,960014551,,https://www.ceice.gva.es/web/centros-docentes/ficha-centro?codi=46026639,0,36,,comedor;ingles,"Meravelles es un centro privado de educación infantil situado en el carrer Impresor José de Orga, en el distrito de Campanar (Valencia). Su titularidad corresponde a la cooperativa valenciana Escola Infantil Meravelles. Según el registro oficial de la Generalitat Valenciana, atiende la etapa 0-3 años; recomendamos confirmar directamente con el centro servicios y horarios.",https://dadesobertes.gva.es/va/dataset/edu-centros,
la Aurora 2,la-aurora-2-valencia,guarderia,privado,Carrer Mascota 15,46007,,valencia,Valencia,963107302,,https://www.ceice.gva.es/web/centros-docentes/ficha-centro?codi=46026721,0,36,,comedor;cocina-propia;bilingue;ingles;horario-ampliado;patio-exterior;musica;actividades-extraescolares;verano-campamentos;uniformes,"El centro la Aurora 2, situado en el carrer Mascota de Valencia, es una escuela infantil privada que atiende la etapa 0-3 años. Su titular legal es Ferbala, SL, según el Registre de Centres Docents de la Generalitat Valenciana. Para conocer plazas, horarios y servicios ofrecidos, recomendamos contactar directamente con el centro.",https://dadesobertes.gva.es/va/dataset/edu-centros,
Colorins,colorins-valencia,guarderia,privado,Carrer Luis Lamarca 19,46018,,valencia,Valencia,963832531,,https://www.ceice.gva.es/web/centros-docentes/ficha-centro?codi=46026810,0,36,,comedor;patio-exterior;ingles;orientacion-pedagogica;escuela-de-padres,"Según el registro oficial de la Generalitat Valenciana, Colorins es un centro privado de educación infantil de primer ciclo ubicado en el carrer Luis Lamarca, en Valencia. Su titular es Escuela Infantil María y Begoña, SL. Atiende a niños de 0 a 3 años; recomendamos confirmar directamente con el centro servicios, horarios y plazas disponibles.",https://dadesobertes.gva.es/va/dataset/edu-centros,
Peques-ñajos,peques-najos-valencia,guarderia,privado,Carrer Pare Alegre 5,46020,,valencia,Valencia,963602520,,https://www.ceice.gva.es/web/centros-docentes/ficha-centro?codi=46026949,0,36,,,"Peques-ñajos es una escuela infantil de primer ciclo de titularidad privada, situada en el carrer Pare Alegre de Valencia. Está registrada bajo la razón social Escuela Infantil de Primer Ciclo Peques-ñajos, SL y atiende a niños de 0 a 3 años. Recomendamos contactar directamente con el centro para conocer plazas, horarios y servicios.",https://dadesobertes.gva.es/va/dataset/edu-centros,
el Castillo 2,el-castillo-2-valencia,guarderia,privado,Carrer Alquerías de Bellver 30,46015,,valencia,Valencia,963403074,,https://www.ceice.gva.es/web/centros-docentes/ficha-centro?codi=46026998,0,36,,comedor;cocina-propia;horario-ampliado;ingles;patio-exterior;psicomotricidad;musica;actividades-extraescolares;orientacion-pedagogica,"El Castillo 2, en el carrer Alqueríes de Bellver de Valencia, es un centro privado de educación infantil de primer ciclo gestionado por una persona física, según el Registre de Centres Docents. Atiende a niños de 0 a 3 años. Recomendamos contactar directamente con el centro para conocer servicios, horarios y disponibilidad de plazas.",https://dadesobertes.gva.es/va/dataset/edu-centros,
Els Marinerets,els-marinerets-valencia,guarderia,privado,Carrer Vicente Brull 76,46011,,valencia,Valencia,963282080,,https://www.ceice.gva.es/web/centros-docentes/ficha-centro?codi=46027073,0,36,,comedor;cocina-propia;horario-ampliado,"En el carrer Vicente Brull, en el distrito de Poblats Marítims de Valencia, se encuentra Els Marinerets, un centro privado de educación infantil de primer ciclo. Su titularidad corresponde a Els Marinerets, SLL, y atiende a niños de 0 a 3 años. Recomendamos confirmar directamente con el centro los servicios y horarios disponibles.",https://dadesobertes.gva.es/va/dataset/edu-centros,
Dixie,dixie-valencia,guarderia,privado,Carrer Doctor Rodríguez de la Fuente 4,46019,,valencia,Valencia,626458968,,https://www.ceice.gva.es/web/centros-docentes/ficha-centro?codi=46027152,0,36,,,"Dixie es un centro privado de educación infantil de primer ciclo situado en el carrer Doctor Rodríguez de la Fuente, en Valencia. Gestionado por una persona física, atiende a niños de 0 a 3 años según el Registre de Centres Docents de la Generalitat Valenciana. Recomendamos contactar directamente con el centro para conocer plazas y servicios.",https://dadesobertes.gva.es/va/dataset/edu-centros,
Margon School Alameda,margon-school-alameda-valencia,guarderia,privado,Passeig Alameda 39,46023,,valencia,Valencia,961118709,,https://www.ceice.gva.es/web/centros-docentes/ficha-centro?codi=46027218,0,36,,comedor;cocina-propia;bilingue,"Margon School Alameda, gestionado por Margon School, SL, es un centro privado de educación infantil de primer ciclo situado en el Passeig Alameda de Valencia. Atiende a niños de 0 a 3 años, según el Registre de Centres Docents de la Generalitat Valenciana. Recomendamos confirmar directamente con el centro horarios y servicios disponibles.",https://dadesobertes.gva.es/va/dataset/edu-centros,
Bolquerets,bolquerets-valencia,guarderia,privado,Carrer Pedreguer 15,46006,,valencia,Valencia,963345017,,https://www.ceice.gva.es/web/centros-docentes/ficha-centro?codi=46027954,0,36,,comedor;ingles;horario-ampliado;patio-exterior;orientacion-pedagogica;verano-campamentos,"¿Buscas una escuela infantil en la zona de Fuente de San Luis, en Valencia? Bolquerets es un centro privado de educación infantil de primer ciclo situado en el carrer Pedreguer, gestionado por una persona física. Atiende a niños de 0 a 3 años; recomendamos confirmar directamente con el centro los servicios y horarios disponibles.",https://dadesobertes.gva.es/va/dataset/edu-centros,
la Paz,la-paz-valencia,guarderia,privado,Carrer Domingo Gómez 15-17,46025,,valencia,Valencia,963493434,,https://www.ceice.gva.es/web/centros-docentes/ficha-centro?codi=46027978,0,36,,,"La Paz es un centro privado de educación infantil de primer ciclo ubicado en el carrer Domingo Gómez, en Valencia. Gestionado por una persona física, atiende a niños de 0 a 3 años según consta en el Registre de Centres Docents de la Generalitat Valenciana. Recomendamos contactar directamente con el centro para conocer horarios, servicios y plazas.",https://dadesobertes.gva.es/va/dataset/edu-centros,
Peúcos,peucos-valencia,guarderia,privado,Carrer Río Nervión 25-27,46025,,valencia,Valencia,607385777,,https://www.ceice.gva.es/web/centros-docentes/ficha-centro?codi=46027981,0,36,,comedor;cocina-propia;patio-exterior,"Situado en el carrer Río Nervión de Valencia, Peúcos es un centro privado de educación infantil de primer ciclo gestionado por Centre E. Infantil Peúcos, SLL. Atiende a niños de 0 a 3 años, según el Registre de Centres Docents de la Generalitat Valenciana. Recomendamos confirmar directamente con el centro servicios y horarios disponibles.",https://dadesobertes.gva.es/va/dataset/edu-centros,
Little Stars,little-stars-valencia,guarderia,privado,Carrer Poeta Andrés Cabrelles 6,46022,,valencia,Valencia,622588911,,https://www.ceice.gva.es/web/centros-docentes/ficha-centro?codi=46028201,0,36,,cocina-propia;horario-ampliado;orientacion-pedagogica,"Little Stars, gestionado por la sociedad civil Little Stars, SC, es un centro privado de educación infantil de primer ciclo en el carrer Poeta Andrés Cabrelles, en Valencia. Atiende a niños de 0 a 3 años, según el Registre de Centres Docents de la Generalitat Valenciana. Recomendamos contactar directamente con el centro para conocer horarios y servicios.",https://dadesobertes.gva.es/va/dataset/edu-centros,
Chiquilandia,chiquilandia-valencia,guarderia,privado,Carrer Cora Raga 3,46025,,valencia,Valencia,963408390,,https://www.ceice.gva.es/web/centros-docentes/ficha-centro?codi=46028211,0,36,,,"Chiquilandia es un centro privado de educación infantil de primer ciclo situado en Carrer Cora Raga, 3, en Valencia. Atiende a niños de 0 a 3 años según el Registre de Centres Docents de la Generalitat Valenciana. Para conocer plazas disponibles, horarios y servicios, recomendamos contactar directamente con el centro por teléfono.",https://dadesobertes.gva.es/va/dataset/edu-centros,
Pitufos,pitufos-valencia,guarderia,privado,Carrer José Benlliure 351,46011,,valencia,Valencia,963711946,,https://www.ceice.gva.es/web/centros-docentes/ficha-centro?codi=46028247,0,36,,comedor;cocina-propia;horario-ampliado;actividades-extraescolares;escuela-de-padres;verano-campamentos,"Situado en Carrer José Benlliure, 351, en el distrito de Poblats Marítims de Valencia, Pitufos figura en el Registre de Centres Docents como centro privado de educación infantil de primer ciclo. Atiende a niños de 0 a 3 años. Para conocer detalles sobre servicios y disponibilidad de plazas, lo mejor es consultar directamente con el centro.",https://dadesobertes.gva.es/va/dataset/edu-centros,
mi Cole,mi-cole-valencia,guarderia,privado,Carrer Doctor Sumsi 8,46005,,valencia,Valencia,963330956,,https://www.ceice.gva.es/web/centros-docentes/ficha-centro?codi=46028259,0,36,,,"mi Cole, en Carrer Doctor Sumsi, 8 (Valencia), es un centro privado de educación infantil de primer ciclo cuya titularidad corresponde a Centro Educación Infantil Maya, SL, según el registro autonómico. Atiende a niños de 0 a 3 años. Recomendamos contactar directamente con el centro para confirmar horarios, servicios y disponibilidad de plazas.",https://dadesobertes.gva.es/va/dataset/edu-centros,
Lápices Iii,lapices-iii-valencia,guarderia,privado,Carrer Río Nervión 21-23,46025,,valencia,Valencia,963384408,,https://www.ceice.gva.es/web/centros-docentes/ficha-centro?codi=46028338,0,36,,comedor;cocina-propia;ingles;actividades-extraescolares;orientacion-pedagogica,"Lápices III forma parte de un centro privado de educación infantil de primer ciclo en Carrer Río Nervión, 21-23, Valencia. Su titular, según el registro oficial, es la empresa Zaebsal, SL. Atiende la etapa de 0 a 3 años. Aconsejamos confirmar con el centro los horarios y servicios concretos antes de solicitar información sobre plazas.",https://dadesobertes.gva.es/va/dataset/edu-centros,
Fantasy School,fantasy-school-valencia,guarderia,privado,Avinguda Portugal 64,46009,,valencia,Valencia,963462297,,https://www.ceice.gva.es/web/centros-docentes/ficha-centro?codi=46028351,0,36,,,"Fantasy School es un centro privado de educación infantil de primer ciclo situado en Avinguda Portugal, 64, Valencia. Según el Registre de Centres Docents, su titular es una persona física. Está dirigido a niños de 0 a 3 años. Los datos sobre servicios, comedor u horario ampliado no figuran en el registro oficial, por lo que conviene confirmarlos con el centro.",https://dadesobertes.gva.es/va/dataset/edu-centros,
Baby Iale,baby-iale-valencia,guarderia,privado,Carrer Escultor García Más 21-b,46015,,valencia,Valencia,963464190,,https://www.ceice.gva.es/web/centros-docentes/ficha-centro?codi=46028557,0,36,,bilingue;horario-ampliado,"Negenfa, SL es la titular de Baby Iale, un centro privado de educación infantil de primer ciclo ubicado en Carrer Escultor García Más, 21-B, Valencia. Atiende a niños de 0 a 3 años, según consta en el registro autonómico. Recomendamos contactar directamente con el centro para conocer horarios, servicios y disponibilidad de plazas.",https://dadesobertes.gva.es/va/dataset/edu-centros,
Pardalets,pardalets-valencia,escuela-infantil,publico,Carrer Poeta Artola S/n,46021,,valencia,Valencia,960058642,pardalets.lcrgestio@gmail.com,https://www.ceice.gva.es/web/centros-docentes/ficha-centro?codi=46028582,0,36,,,"Escuela infantil municipal Pardalets es un centro público de primer ciclo de educación infantil situado en el carrer Poeta Artola, s/n, en Valencia. Su gestión es indirecta, a través de una empresa concesionaria del Ajuntament de València. Recomendamos consultar el proceso de preinscripción municipal y contactar con el centro para conocer horarios y servicios.",https://dadesobertes.gva.es/va/dataset/edu-centros,
Gent Menuda,gent-menuda-valencia,escuela-infantil,publico,Carrer Bernabé García 67,46024,,valencia,Valencia,673855105,eigentmenuda@valencia.es,https://www.ceice.gva.es/web/centros-docentes/ficha-centro?codi=46028892,0,36,,comedor,"Escuela infantil municipal Gent Menuda, de gestión directa del Ajuntament de València, está situada en el carrer Bernabé García, 67, en Valencia. Es un centro público de primer ciclo de educación infantil, dependiente de la Regidoria d'Educació. Recomendamos consultar el proceso de preinscripción municipal y contactar con el centro para conocer horarios y servicios.",https://dadesobertes.gva.es/va/dataset/edu-centros,
Pekes de la Olivereta,pekes-de-la-olivereta-valencia,guarderia,privado,Carrer Olimpia  Arozena Torres 18-20,46018,,valencia,Valencia,961355562,,https://www.ceice.gva.es/web/centros-docentes/ficha-centro?codi=46029252,0,36,,cocina-propia;patio-exterior,"Pekes de la Olivereta, en Carrer Olimpia Arozena Torres, 18-20 (distrito de l'Olivereta, Valencia), es un centro privado de educación infantil de primer ciclo. Su titularidad, según el registro oficial, corresponde a una persona física. Atiende a niños de 0 a 3 años. Se recomienda confirmar con el centro los servicios y horarios disponibles.",https://dadesobertes.gva.es/va/dataset/edu-centros,
el Valle 2,el-valle-2-valencia,guarderia,privado,Carrer Marina Baixa (local 2) 5,46015,,valencia,Valencia,963406226,,https://www.ceice.gva.es/web/centros-docentes/ficha-centro?codi=46029276,0,36,,comedor;cocina-propia;ingles;patio-exterior;horario-ampliado;actividades-extraescolares,"el Valle 2 es un centro privado de educación infantil de primer ciclo situado en Carrer Marina Baixa, 5 (local 2), Valencia. Titularidad de persona física según el Registre de Centres Docents. Dirigido a niños de 0 a 3 años. Para conocer plazas, horarios y servicios disponibles, lo recomendable es contactar directamente con el centro.",https://dadesobertes.gva.es/va/dataset/edu-centros,
Solc,solc-valencia,escuela-infantil,publico,Carrer Tres Forques 94,46018,,valencia,Valencia,963013205,eisolc@valencia.es,https://www.ceice.gva.es/web/centros-docentes/ficha-centro?codi=46029525,0,36,,comedor;cocina-propia;patio-exterior,"Escuela infantil municipal Solc, de gestión directa del Ajuntament de València, se ubica en el carrer Tres Forques, 94, en Valencia. Es un centro público de primer ciclo de educación infantil dependiente de la Regidoria d'Educació. Recomendamos consultar el proceso de preinscripción municipal y contactar con el centro para confirmar horarios y servicios.",https://dadesobertes.gva.es/va/dataset/edu-centros,
Saint Thomas,saint-thomas-valencia,guarderia,privado,Carrer Sagunto 118-d,46009,,valencia,Valencia,963267497,,https://www.ceice.gva.es/web/centros-docentes/ficha-centro?codi=46029720,0,36,,comedor;cocina-propia;ingles;horario-ampliado,"Saint Thomas Escuela Infantil, SL es la titular de este centro privado de educación infantil de primer ciclo, ubicado en Carrer Sagunto, 118-D, Valencia. Atiende a niños de 0 a 3 años según el registro de la Generalitat Valenciana. Recomendamos contactar directamente con el centro para conocer su enfoque, horarios y disponibilidad de plazas.",https://dadesobertes.gva.es/va/dataset/edu-centros,
el Valle 1,el-valle-1-valencia,guarderia,privado,Carrer Grabador Enguídanos 60,46015,,valencia,Valencia,963499581,,https://www.ceice.gva.es/web/centros-docentes/ficha-centro?codi=46029744,0,36,,comedor;cocina-propia;ingles;patio-exterior;horario-ampliado;actividades-extraescolares,"el Valle 1, en Carrer Grabador Enguídanos, 60, Valencia, es un centro privado de educación infantil cuya titularidad corresponde a una persona física, según el registro oficial. Atiende a niños de 0 a 3 años. Como el registro no recoge datos sobre servicios u horarios, recomendamos confirmarlos directamente con el centro.",https://dadesobertes.gva.es/va/dataset/edu-centros,
Chispa,chispa-valencia,guarderia,privado,Carrer San Juan Bosco 14,46019,,valencia,Valencia,963663457,,https://www.ceice.gva.es/web/centros-docentes/ficha-centro?codi=46029801,0,36,,patio-exterior,"Chispa es un centro privado de educación infantil de primer ciclo en Carrer San Juan Bosco, 14, Valencia, con una persona física como titular según el Registre de Centres Docents. Atiende a niños de 0 a 3 años. No se dispone de datos sobre comedor u horario ampliado; recomendamos confirmarlos directamente con el centro.",https://dadesobertes.gva.es/va/dataset/edu-centros,
Baby Donald,baby-donald-valencia,guarderia,privado,Carrer Barrio de la Luz 4,46014,,valencia,Valencia,963503074,,https://www.ceice.gva.es/web/centros-docentes/ficha-centro?codi=46029811,0,36,,,"En Carrer Barrio de la Luz, 4, Valencia, se ubica Baby Donald, centro privado de educación infantil de primer ciclo con titularidad de persona física, según consta en el registro autonómico. Atiende a niños de 0 a 3 años. Recomendamos contactar directamente con el centro para conocer servicios, horarios y disponibilidad de plazas.",https://dadesobertes.gva.es/va/dataset/edu-centros,
my House,my-house-valencia,guarderia,privado,Carrer Alginet 6-b,46010,,valencia,Valencia,963122343,,https://www.ceice.gva.es/web/centros-docentes/ficha-centro?codi=46029823,0,36,,ingles;psicomotricidad;musica;verano-campamentos,"Baby Inside, SL es la entidad titular de my House, centro privado de educación infantil de primer ciclo en Carrer Alginet, 6-B, Valencia. Atiende a niños de 0 a 3 años, según el registro oficial de la Generalitat Valenciana. Para conocer servicios, horarios y plazas disponibles, recomendamos contactar directamente con el centro.",https://dadesobertes.gva.es/va/dataset/edu-centros,
Lápices ii,lapices-ii-valencia,guarderia,privado,Avinguda General Avilés 54,46015,,valencia,Valencia,963479756,,https://www.ceice.gva.es/web/centros-docentes/ficha-centro?codi=46029884,0,36,,comedor;cocina-propia;ingles;psicomotricidad;actividades-extraescolares;orientacion-pedagogica,"Lápices II, en Avinguda General Avilés, 54, Valencia, es un centro privado de educación infantil cuya titular es la empresa Zaebsal, SL, según el registro autonómico. Está dirigido a niños de 0 a 3 años. No constan datos oficiales sobre comedor u horario ampliado; se recomienda confirmarlos con el centro directamente.",https://dadesobertes.gva.es/va/dataset/edu-centros,
la Casita Del Sol,la-casita-del-sol-valencia,guarderia,privado,Carrer Aparisi y Guijarro 7,46003,,valencia,Valencia,722544929,,https://www.ceice.gva.es/web/centros-docentes/ficha-centro?codi=46029902,0,36,,comedor;horario-ampliado;escuela-de-padres;orientacion-pedagogica,"la Casita del Sol es un centro privado de educación infantil en Carrer Aparisi y Guijarro, 7, Valencia, con ESPC 1977, SL como titular, según el registro oficial de la Generalitat Valenciana. Atiende a niños de 0 a 3 años. Recomendamos contactar directamente con el centro para conocer horarios, servicios y disponibilidad de plazas.",https://dadesobertes.gva.es/va/dataset/edu-centros,
Fantasía,fantasia-valencia,guarderia,privado,Carrer Josep Andreu Alabarta 5,46014,,valencia,Valencia,963206892,,https://www.ceice.gva.es/web/centros-docentes/ficha-centro?codi=46030060,0,36,,comedor;horario-ampliado;orientacion-pedagogica;verano-campamentos;actividades-extraescolares,"Fantasía es un centro privado de educación infantil de primer ciclo situado en la calle Josep Andreu Alabarta, en Valencia. Según el Registre de Centres Docents de la Generalitat Valenciana, atiende a niños de 0 a 3 años bajo la titularidad de Centro Educación Infantil Fantasía, SL. Recomendamos contactar directamente con el centro para conocer plazas, horarios y servicios disponibles.",https://dadesobertes.gva.es/va/dataset/edu-centros,
Risitas,risitas-valencia,guarderia,privado,Carrer Corazón de Jesús 3,46018,,valencia,Valencia,963770599,,https://www.ceice.gva.es/web/centros-docentes/ficha-centro?codi=46030175,0,36,,,"Escuela Infantil Risitas, SL es la titular del centro privado de educación infantil Risitas, ubicado en la calle Corazón de Jesús, en Valencia. El Registre de Centres Docents de la Generalitat Valenciana lo cataloga como centro privado de primer ciclo. Para conocer horarios, servicios y disponibilidad de plazas, recomendamos ponerse en contacto directamente con el centro.",https://dadesobertes.gva.es/va/dataset/edu-centros,
mi Osita Kinder,mi-osita-kinder-valencia,guarderia,privado,Carrer Pobla del Duc 1,46009,,valencia,Valencia,963462194,,https://www.ceice.gva.es/web/centros-docentes/ficha-centro?codi=46030242,0,36,,,"En la calle Pobla del Duc, en Valencia, se encuentra mi Osita Kinder, centro privado de educación infantil de primer ciclo cuya titularidad corresponde a Centro de Educación Infantil mi Osita Kinder, SL. Según el registro oficial de la Generalitat Valenciana, atiende la etapa de 0 a 3 años. Recomendamos confirmar directamente con el centro los servicios y horarios disponibles.",https://dadesobertes.gva.es/va/dataset/edu-centros,
Virgen de Cortes,virgen-de-cortes-valencia,escuela-infantil,concertado,Carrer Uruguay 41,46007,,valencia,Valencia,655697737,,https://www.ceice.gva.es/web/centros-docentes/ficha-centro?codi=46030291,0,36,,comedor;verano-campamentos;uniformes,"Virgen de Cortes es un centro de educación infantil de titularidad privada concertada, situado en la calle Uruguay, en Valencia. Escuelas Infantiles Virgen de Cortes, SL figura como entidad titular ante el Registre de Centres Docents de la Generalitat Valenciana. Para conocer plazas, servicios y horarios, recomendamos contactar directamente con el centro.",https://dadesobertes.gva.es/va/dataset/edu-centros,
Tamarindos-camarena,tamarindos-camarena-valencia,guarderia,privado,Carrer Hernández Lázaro 18,46015,,valencia,Valencia,963464450,,https://www.ceice.gva.es/web/centros-docentes/ficha-centro?codi=46030311,0,36,,bilingue;ingles;horario-ampliado;orientacion-pedagogica;verano-campamentos;patio-exterior,"Tamarindos-Camarena, centro privado de educación infantil de primer ciclo, está ubicado en la calle Hernández Lázaro, en Valencia. Su titularidad corresponde a Escuelas Infantiles Siglo XXI, SL, según consta en el registro oficial de la Generalitat Valenciana. Aconsejamos contactar directamente con el centro para conocer horarios, servicios y disponibilidad de plazas.",https://dadesobertes.gva.es/va/dataset/edu-centros,
Nemomarlín Nou Moles,nemomarlin-nou-moles-valencia,guarderia,privado,Carrer Manolo Taberner 9-11,46018,,valencia,Valencia,962057410,,https://www.ceice.gva.es/web/centros-docentes/ficha-centro?codi=46030369,0,36,,ingles;cocina-propia;patio-exterior;psicomotricidad;verano-campamentos;escuela-de-padres,"Nemomarlín Nou Moles es un centro privado de educación infantil de primer ciclo situado en la calle Manolo Taberner, en Valencia, cuya titular es Rafilenofer Escuela Infantil, SL. El Registre de Centres Docents de la Generalitat Valenciana confirma su régimen privado y su denominación genérica. Recomendamos contactar con el centro para conocer servicios y horarios concretos.",https://dadesobertes.gva.es/va/dataset/edu-centros,
Dino School-benimaclet,dino-school-benimaclet-valencia,guarderia,privado,Carrer Benicarló 28-30,46020,,valencia,Valencia,662696951,,https://www.ceice.gva.es/web/centros-docentes/ficha-centro?codi=46030576,0,36,,horario-ampliado;bilingue;orientacion-pedagogica;verano-campamentos;escuela-de-padres,"Situado en la calle Benicarló, en el área de Benimaclet, Valencia, Dino School-Benimaclet es un centro privado de educación infantil de primer ciclo. Liaria Serveis, SL consta como titular en el Registre de Centres Docents de la Generalitat Valenciana. Recomendamos confirmar directamente con el centro los servicios, horarios y plazas disponibles.",https://dadesobertes.gva.es/va/dataset/edu-centros,
Montessori-san Isidro,montessori-san-isidro-valencia,guarderia,privado,Carrer Josep Andreu Alabarta 39,46014,,valencia,Valencia,961334480,,https://www.ceice.gva.es/web/centros-docentes/ficha-centro?codi=46030710,0,36,,,"Montessori-San Isidro es un centro privado de educación infantil de primer ciclo con dirección en la calle Josep Andreu Alabarta, en Valencia. Su titular, Site, Servicios Comunitarios, Soc. Coop. Valenciana, figura registrado ante la Generalitat Valenciana. Para conocer horarios, metodología aplicada y disponibilidad de plazas, recomendamos contactar directamente con el centro.",https://dadesobertes.gva.es/va/dataset/edu-centros,
Lápices iv,lapices-iv-valencia,guarderia,privado,Gran Via Fernando el Católico 76,46008,,valencia,Valencia,963322333,,https://www.ceice.gva.es/web/centros-docentes/ficha-centro?codi=46030783,0,36,,,"Lápices IV, con domicilio en la Gran Vía Fernando el Católico, en Valencia, es un centro privado de educación infantil de primer ciclo cuya titularidad corresponde a Zaebsal, SL. Así lo recoge el Registre de Centres Docents de la Generalitat Valenciana. Recomendamos contactar directamente con el centro para conocer servicios, horarios y plazas disponibles.",https://dadesobertes.gva.es/va/dataset/edu-centros,
el Caragol,el-caragol-valencia,guarderia,privado,Carrer Francisco Baldomá 78,46011,,valencia,Valencia,963724322,,https://www.ceice.gva.es/web/centros-docentes/ficha-centro?codi=46031121,0,36,,,"El Caragol, centro privado de educación infantil de primer ciclo, se encuentra en la calle Francisco Baldomá, en Valencia. Su titularidad, según el registro oficial de la Generalitat Valenciana, corresponde a una persona física. Recomendamos confirmar directamente con el centro los horarios, servicios y disponibilidad de plazas.",https://dadesobertes.gva.es/va/dataset/edu-centros,
al Cole,al-cole-valencia,guarderia,privado,Carrer Molinell 12,46010,,valencia,Valencia,658076548,,https://www.ceice.gva.es/web/centros-docentes/ficha-centro?codi=46031131,0,36,,,"Al Cole es un centro privado de educación infantil de primer ciclo ubicado en la calle Molinell, en Valencia, bajo la titularidad de Centro Educación Infantil Al Cole, SL. Estos datos figuran en el Registre de Centres Docents de la Generalitat Valenciana. Para conocer servicios, horarios y plazas disponibles, recomendamos contactar directamente con el centro.",https://dadesobertes.gva.es/va/dataset/edu-centros,
Carpaval,carpaval-valencia,guarderia,privado,Camí Viejo de Liria 87,46015,,valencia,Valencia,696711577,,https://www.ceice.gva.es/web/centros-docentes/ficha-centro?codi=46031180,0,36,,horario-ampliado;comedor;musica;patio-exterior;actividades-extraescolares;orientacion-pedagogica,"Con dirección en el Camí Vell de Llíria, en Valencia, Carpaval es un centro privado de educación infantil de primer ciclo cuya titularidad, según el registro oficial de la Generalitat Valenciana, corresponde a una persona física. Recomendamos contactar directamente con el centro para conocer horarios, servicios y disponibilidad de plazas.",https://dadesobertes.gva.es/va/dataset/edu-centros,
mi Kita,mi-kita-valencia,guarderia,privado,Carrer Senda de L'aire 6,46010,,valencia,Valencia,645800075,,https://www.ceice.gva.es/web/centros-docentes/ficha-centro?codi=46031192,0,36,,bilingue;comedor;verano-campamentos,"mi Kita, centro privado de educación infantil de primer ciclo, está situado en la calle Senda de l'Aire, en Valencia. Larroy Home, SL figura como entidad titular en el Registre de Centres Docents de la Generalitat Valenciana. Recomendamos confirmar directamente con el centro los servicios, horarios y plazas disponibles.",https://dadesobertes.gva.es/va/dataset/edu-centros,
el Valle,el-valle-valencia,guarderia,privado,Carrer Marina Baixa (local 1) 5,46015,,valencia,Valencia,963385888,,https://www.ceice.gva.es/web/centros-docentes/ficha-centro?codi=46031222,0,36,,comedor;cocina-propia;horario-ampliado;ingles;patio-exterior;actividades-extraescolares,"El Valle es un centro privado de educación infantil de primer ciclo con dirección en la calle Marina Baixa, en Valencia, cuya titularidad corresponde a una persona física según el registro oficial de la Generalitat Valenciana. Para conocer servicios, horarios y disponibilidad de plazas, recomendamos contactar directamente con el centro.",https://dadesobertes.gva.es/va/dataset/edu-centros,
Pasito a Pasito,pasito-a-pasito-valencia,guarderia,privado,Carrer Pizarro 25,46004,,valencia,Valencia,630876944,,https://www.ceice.gva.es/web/centros-docentes/ficha-centro?codi=46031261,0,36,,,"Pasito a Pasito, en la calle Pizarro, en Valencia, es un centro privado de educación infantil de primer ciclo cuya titularidad corresponde a Contelles Maseres, SLL. Así lo indica el Registre de Centres Docents de la Generalitat Valenciana. Recomendamos contactar directamente con el centro para conocer horarios, servicios y disponibilidad de plazas.",https://dadesobertes.gva.es/va/dataset/edu-centros,
Illes Balears,illes-balears-valencia,guarderia,privado,Avinguda Baleares 45,46023,,valencia,Valencia,963375429,,https://www.ceice.gva.es/web/centros-docentes/ficha-centro?codi=46031398,0,36,,,"Illes Balears es un centro privado de educación infantil de primer ciclo situado en avinguda Baleares 45, en Valencia (46023). Atiende a niños de 0 a 3 años según el Registre de Centres Docents de la Generalitat Valenciana. La titularidad corresponde a Centro de Educación Infantil Baleares, SL. Recomendamos contactar directamente para conocer plazas, horarios y servicios disponibles.",https://dadesobertes.gva.es/va/dataset/edu-centros,
Alma Montessori,alma-montessori-valencia,guarderia,privado,Carrer Vicente Brull 86,46011,,valencia,Valencia,963674379,,https://www.ceice.gva.es/web/centros-docentes/ficha-centro?codi=46031453,0,36,,,"Situado en carrer Vicente Brull 86 (46011, Valencia), Alma Montessori figura en el Registre de Centres Docents de la Generalitat Valenciana como centro privado de educación infantil de primer ciclo, para niños de 0 a 3 años. Su titular es Corporación Rodríguez Vidal 2010, SL. Se recomienda confirmar directamente con el centro los servicios, el horario y la disponibilidad de plazas.",https://dadesobertes.gva.es/va/dataset/edu-centros,
Little Friends,little-friends-valencia,guarderia,privado,Carrer Martín el Humano 26,46008,,valencia,Valencia,963215650,,https://www.ceice.gva.es/web/centros-docentes/ficha-centro?codi=46031556,0,36,,bilingue;ingles,"Little Friends, en carrer Martín el Humano 26 (46008, Valencia), es un centro privado de educación infantil de primer ciclo para niños de 0 a 3 años, según consta en el Registre de Centres Docents de la Generalitat Valenciana. Su titular legal es Espacio Little Life, SL. Para conocer horarios, servicios y plazas disponibles, recomendamos contactar directamente con el centro.",https://dadesobertes.gva.es/va/dataset/edu-centros,
Teysa-aragón,teysa-aragon-valencia,guarderia,privado,Carrer Santa Rosa 3,46021,,valencia,Valencia,963378876,,https://www.ceice.gva.es/web/centros-docentes/ficha-centro?codi=46031568,0,36,,,"Teysa-Aragón es un centro privado de educación infantil de primer ciclo situado en carrer Santa Rosa 3, Valencia (46021). Según el Registre de Centres Docents de la Generalitat Valenciana, atiende a niños de 0 a 3 años y su titular es Santa Rosa 2008, SL. Recomendamos contactar directamente con el centro en el 963378876 para conocer plazas, horarios y servicios.",https://dadesobertes.gva.es/va/dataset/edu-centros,
Baby's Brain,babys-brain-valencia,guarderia,privado,Avinguda Cardenal Benlloch 106/8,46021,,valencia,Valencia,621251419,,https://www.ceice.gva.es/web/centros-docentes/ficha-centro?codi=46031659,0,36,,,"Baby's Brain figura en el Registre de Centres Docents de la Generalitat Valenciana como centro privado de educación infantil de primer ciclo, ubicado en avinguda Cardenal Benlloch 106/8, Valencia (46021). Atiende a niños de 0 a 3 años y su titular es Escuelas Chiquitín, SLU. Se recomienda confirmar directamente con el centro los servicios y horarios disponibles.",https://dadesobertes.gva.es/va/dataset/edu-centros,
Saint Timothy,saint-timothy-valencia,guarderia,privado,Carrer Mariano Cuber 22,46011,,valencia,Valencia,963811770,,https://www.ceice.gva.es/web/centros-docentes/ficha-centro?codi=46031933,0,36,,comedor;cocina-propia;ingles;patio-exterior;psicomotricidad;musica,"Saint Timothy es un centro privado de educación infantil de primer ciclo con sede en carrer Mariano Cuber 22, Valencia (46011). El Registre de Centres Docents de la Generalitat Valenciana lo identifica como centro para niños de 0 a 3 años, con titular Saint Timothy Escuela Infantil, SL. Puedes llamar al 963811770 para conocer horarios, servicios y disponibilidad de plazas.",https://dadesobertes.gva.es/va/dataset/edu-centros,
Lápices i,lapices-i-valencia,guarderia,privado,Carrer Vicente Branchat 5,46018,,valencia,Valencia,963705101,,https://www.ceice.gva.es/web/centros-docentes/ficha-centro?codi=46032263,0,36,,comedor;ingles;psicomotricidad;verano-campamentos;orientacion-pedagogica,"Lápices I es un centro privado de educación infantil de primer ciclo situado en carrer Vicente Branchat 5, Valencia (46018). Según el Registre de Centres Docents de la Generalitat Valenciana, atiende a niños de 0 a 3 años y depende de la titular Zaebsal, SL. Recomendamos contactar directamente en el 963705101 para consultar horarios, servicios y plazas.",https://dadesobertes.gva.es/va/dataset/edu-centros,
Globitos 2,globitos-2-valencia,guarderia,privado,Carrer Alquería de Benimassot 6,46017,,valencia,Valencia,961330886,,https://www.ceice.gva.es/web/centros-docentes/ficha-centro?codi=46032342,0,36,,,"Con dirección en carrer Alquería de Benimassot 6, Valencia (46017), Globitos 2 aparece en el Registre de Centres Docents de la Generalitat Valenciana como centro privado de educación infantil de primer ciclo para niños de 0 a 3 años. Su titular es Escuelas Infantiles Globiteras, SL. Recomendamos confirmar servicios y horarios llamando al 961330886.",https://dadesobertes.gva.es/va/dataset/edu-centros,
la Aurora 3,la-aurora-3-valencia,guarderia,privado,Carrer Erudito Orellana 8,46008,,valencia,Valencia,963217700,,https://www.ceice.gva.es/web/centros-docentes/ficha-centro?codi=46032494,0,36,,,"La Aurora 3 es un centro privado de educación infantil de primer ciclo en carrer Erudito Orellana 8, Valencia (46008). El Registre de Centres Docents de la Generalitat Valenciana lo registra para la etapa de 0 a 3 años, bajo la titularidad de Ferbala, SL. Puedes llamar al 963217700 para conocer plazas, horarios y servicios disponibles.",https://dadesobertes.gva.es/va/dataset/edu-centros,
L'alqueria,lalqueria-valencia,guarderia,privado,Camí del Pouet (alquería de Ricós) S/n,46015,,valencia,Valencia,963637412,,https://www.ceice.gva.es/web/centros-docentes/ficha-centro?codi=46032500,0,36,,comedor;horario-ampliado;ingles;patio-exterior,"L'Alqueria es un centro privado de educación infantil situado en camí del Pouet (Alquería de Ricós) s/n, Valencia (46015). Según el Registre de Centres Docents de la Generalitat Valenciana, su titular es la Aso. No Gubernamental Invest. Atenc. Int. Pers. Disc. UCV. Recomendamos contactar en el 963637412 para conocer edades atendidas, horarios y servicios.",https://dadesobertes.gva.es/va/dataset/edu-centros,
Pekeños Magos,pekenos-magos-valencia,guarderia,privado,Avinguda Doctor Pesset Aleixandre 58,46025,,valencia,Valencia,961933159,,https://www.ceice.gva.es/web/centros-docentes/ficha-centro?codi=46032536,0,36,,,"Pekeños Magos es un centro privado de educación infantil de primer ciclo ubicado en avinguda Doctor Pesset Aleixandre 58, Valencia (46025). Atiende a niños de 0 a 3 años según el Registre de Centres Docents de la Generalitat Valenciana, siendo Pequeños Magos, SL su entidad titular. Llama al 961933159 para consultar horarios y servicios disponibles.",https://dadesobertes.gva.es/va/dataset/edu-centros,
Waksman,waksman-valencia,guarderia,privado,Avinguda Doctor Waksman 50-52,46013,,valencia,Valencia,,,https://www.ceice.gva.es/web/centros-docentes/ficha-centro?codi=46032573,0,36,,comedor;horario-ampliado;bilingue;musica;orientacion-pedagogica;verano-campamentos;escuela-de-padres;uniformes,"En avinguda Doctor Waksman 50-52, Valencia (46013), se sitúa Waksman, centro privado de educación infantil de primer ciclo según el Registre de Centres Docents de la Generalitat Valenciana. Atiende a niños de 0 a 3 años y depende de Enseñanza Infantil El Escondite Inglés, SL. El registro no incluye teléfono; recomendamos consultar la ficha oficial del centro para contactar.",https://dadesobertes.gva.es/va/dataset/edu-centros,
Xicotets,xicotets-valencia,guarderia,privado,Carrer Cirilo Amorós 27,46004,,valencia,Valencia,963943461,,https://www.ceice.gva.es/web/centros-docentes/ficha-centro?codi=46032780,0,36,,ingles;psicomotricidad;musica;actividades-extraescolares,"Xicotets es un centro privado de educación infantil de primer ciclo con sede en carrer Cirilo Amorós 27, Valencia (46004). Atiende a niños de 0 a 3 años, según consta en el Registre de Centres Docents de la Generalitat Valenciana, con Paype Xicotets, SL como titular. Recomendamos llamar al 963943461 para conocer plazas, horarios y servicios.",https://dadesobertes.gva.es/va/dataset/edu-centros,
Quart 24,quart-24-valencia,guarderia,privado,Carrer Quart 24,46002,,valencia,Valencia,673809645,,https://www.ceice.gva.es/web/centros-docentes/ficha-centro?codi=46032871,0,36,,,"Quart 24 es un centro privado de educación infantil de primer ciclo situado en carrer Quart 24, Valencia (46002). El Registre de Centres Docents de la Generalitat Valenciana lo identifica como centro para niños de 0 a 3 años, con titular Escuela Infantil Les Petits, SL. Recomendamos contactar en el 673809645 para conocer horarios, servicios y plazas.",https://dadesobertes.gva.es/va/dataset/edu-centros,
Pipo 2,pipo-2-valencia,guarderia,privado,Avinguda Doctor Pesset Aleixandre 60,46025,,valencia,Valencia,961933855,,https://www.ceice.gva.es/web/centros-docentes/ficha-centro?codi=46032901,0,36,,patio-exterior;psicomotricidad,"Pipo 2 es un centro privado de educación infantil de primer ciclo en avinguda Doctor Pesset Aleixandre 60, Valencia (46025). Según el Registre de Centres Docents de la Generalitat Valenciana, atiende a niños de 0 a 3 años y su titular es una persona física. Puedes llamar al 961933855 para conocer horarios, servicios y plazas disponibles.",https://dadesobertes.gva.es/va/dataset/edu-centros,
Pasitos,pasitos-valencia,guarderia,privado,Carrer Maximiliano Thous 8,46009,,valencia,Valencia,961198600,,https://www.ceice.gva.es/web/centros-docentes/ficha-centro?codi=46032949,0,36,,patio-exterior;psicomotricidad;cocina-propia;ingles,"Pasitos es un centro privado de educación infantil de primer ciclo situado en el barrio de Benimaclet, en la calle Maximiliano Thous de Valencia. Está gestionado por CEIM Thous, SL y figura inscrito en el Registre de Centres Docents de la Generalitat Valenciana. Para conocer plazas disponibles, horarios y servicios, se recomienda contactar directamente con el centro.",https://dadesobertes.gva.es/va/dataset/edu-centros,
Guppydos,guppydos-valencia,escuela-infantil,concertado,Carrer Doctor Sumsi 38,46005,,valencia,Valencia,960704537,,https://www.ceice.gva.es/web/centros-docentes/ficha-centro?codi=46033073,0,36,,,"Guppydos, gestionado por la entidad Guppydos SL, es un centro de educación infantil situado en la calle Doctor Sumsi de Valencia, en régimen de concierto con la Generalitat Valenciana. Aparece registrado como centro privado concertado en el Registre de Centres Docents. Para conocer plazas, horarios y servicios ofrecidos, conviene ponerse en contacto directamente con el centro.",https://dadesobertes.gva.es/va/dataset/edu-centros,
Baboo,baboo-valencia,guarderia,privado,Carrer Godofredo Ros 15,46006,,valencia,Valencia,963347614,,https://www.ceice.gva.es/web/centros-docentes/ficha-centro?codi=46033267,0,36,,,"Situado en la calle Godofredo Ros del barrio de la Roqueta, Baboo es un centro privado de educación infantil de primer ciclo gestionado por Centro Educativo Infantil Baboo, SL. Su inscripción figura en el Registre de Centres Docents de la Generalitat Valenciana. Los interesados pueden solicitar información sobre plazas y funcionamiento contactando directamente con el centro.",https://dadesobertes.gva.es/va/dataset/edu-centros,
Quatre Carreres,quatre-carreres-valencia,escuela-infantil,publico,Carrer Bombero Ramón Duart 7,46013,,valencia,Valencia,963013221,eiquatrecarreres@valencia.es,https://www.ceice.gva.es/web/centros-docentes/ficha-centro?codi=46033279,0,36,,comedor;cocina-propia,"Escuela infantil municipal Quatre Carreres, de gestión directa del Ajuntament de València, está situada en el carrer Bombero Ramón Duart, 7, en Valencia. Cuenta con comedor y cocina propia, según fuentes municipales. Recomendamos consultar el proceso de preinscripción municipal y contactar con el centro para confirmar horario exacto y otros servicios.",https://dadesobertes.gva.es/va/dataset/edu-centros,
Benicalap,benicalap-valencia,escuela-infantil,publico,Carrer General Llorens-poeta Delmonte i Hurtado S/n,46025,,valencia,Valencia,614250236,benicalap@escuelas-infantiles.com,https://www.ceice.gva.es/web/centros-docentes/ficha-centro?codi=46033310,0,36,,comedor;ingles;psicomotricidad;musica,"Escuela infantil municipal Benicalap, de gestión indirecta a través de una empresa concesionaria, se ubica en el carrer General Llorens - Poeta Delmonte i Hurtado, s/n, en Valencia. Es un centro público de primer ciclo de educación infantil dependiente del Ajuntament de València. Recomendamos consultar el proceso de preinscripción municipal y contactar con el centro para conocer horarios y servicios.",https://dadesobertes.gva.es/va/dataset/edu-centros,
Mini-poli,mini-poli-valencia,escuela-infantil,publico,Carrer Santa Cruz de Tenerife (central P.local) 1,46018,,valencia,Valencia,614185823,minipoli@escuelas-infantiles.com,https://www.ceice.gva.es/web/centros-docentes/ficha-centro?codi=46033334,0,36,,comedor;cocina-propia;horario-ampliado,"Escuela infantil municipal Mini-Poli, de gestión indirecta, está situada junto a la Policía Local en el carrer Santa Cruz de Tenerife, 1, en Valencia. Ofrece horario de 9:00 a 17:00 h con aula matinal y vespertina ampliadas, y comedor con menú de dieta mediterránea. Recomendamos consultar el proceso de preinscripción municipal y contactar con el centro para más detalles.",https://dadesobertes.gva.es/va/dataset/edu-centros,
Mestra Empar Navarro i Giner,mestra-empar-navarro-i-giner-valencia,escuela-infantil,publico,Carrer Cineasta Ricardo Muñoz Suay S/n,46013,,valencia,Valencia,692830204,lamestraempar.lcrgestio@gmail.com,https://www.ceice.gva.es/web/centros-docentes/ficha-centro?codi=46033437,0,36,,comedor;cocina-propia;horario-ampliado;musica,"Escuela infantil municipal Mestra Empar Navarro i Giner, de gestión indirecta, se ubica en el carrer Cineasta Ricardo Muñoz Suay, s/n, en Valencia. Según su propia web, abre de 7:30 a 18:00 h, con comedor propio y sala de lactancia. Recomendamos consultar el proceso de preinscripción municipal y contactar con el centro para más información.",https://dadesobertes.gva.es/va/dataset/edu-centros,
Sant Pau,sant-pau-valencia,escuela-infantil,publico,Avinguda Pío Baroja Esq. Josep Alminyana i Vallés S/n,46015,,valencia,Valencia,608141071,info@escuelainfantilsantpau.com,https://www.ceice.gva.es/web/centros-docentes/ficha-centro?codi=46033449,0,36,,comedor;horario-ampliado;verano-campamentos,"Escuela infantil municipal Sant Pau, de gestión indirecta, está situada en la avinguda Pío Baroja, esquina con Josep Alminyana i Vallés, en Valencia. Es un centro público de primer ciclo de educación infantil dependiente del Ajuntament de València. Recomendamos consultar el proceso de preinscripción municipal y contactar con el centro para conocer horarios y servicios.",https://dadesobertes.gva.es/va/dataset/edu-centros,
mi Pequeño Mundo,mi-pequeno-mundo-valencia,guarderia,privado,Carrer Caravaca 18,46021,,valencia,Valencia,653854995,,https://www.ceice.gva.es/web/centros-docentes/ficha-centro?codi=46033474,0,36,,,"Mi Pequeño Mundo es un centro privado de educación infantil de primer ciclo ubicado en la calle Caravaca de Valencia, cerca del barrio de la Torre. Su titular es Educación y Formación Virila, SL, según los datos del Registre de Centres Docents. Para consultar disponibilidad de plazas y servicios concretos, es necesario contactar directamente con el centro.",https://dadesobertes.gva.es/va/dataset/edu-centros,
Gomets,gomets-valencia,guarderia,privado,Carrer Castellón de Rugat 3,46025,,valencia,Valencia,961934039,,https://www.ceice.gva.es/web/centros-docentes/ficha-centro?codi=46033531,0,36,,comedor;horario-ampliado;servicio-madrugadores;orientacion-pedagogica,"Gomets es un centro privado de educación infantil de primer ciclo situado en la calle Castellón de Rugat, en el distrito de Rascanya (Valencia). Está gestionado por CEI Gomets, SL y consta inscrito en el Registre de Centres Docents de la Generalitat Valenciana. Para información sobre plazas, precios y horarios, se aconseja contactar directamente con el centro.",https://dadesobertes.gva.es/va/dataset/edu-centros,
Ituitu,ituitu-valencia,guarderia,privado,Carrer Alejandro VI 6,46005,,valencia,Valencia,633674357,,https://www.ceice.gva.es/web/centros-docentes/ficha-centro?codi=46033565,0,36,,cocina-propia;bilingue;patio-exterior,"En la calle Alejandro VI de Valencia, cerca de la avenida del Puerto, se encuentra Ituitu, centro privado de educación infantil gestionado por la entidad Ituitu, SL. Figura registrado en el Registre de Centres Docents de la Generalitat Valenciana como centro de primer ciclo. Se recomienda contactar con el centro para conocer plazas y servicios disponibles.",https://dadesobertes.gva.es/va/dataset/edu-centros,
Diputada Clara Campoamor,diputada-clara-campoamor-valencia,escuela-infantil,publico,Carrer Diputada Clara Campoamor 18,46015,,valencia,Valencia,963117401,eiclaracampoamor@valencia.es,https://www.ceice.gva.es/web/centros-docentes/ficha-centro?codi=46033632,0,36,,comedor,"Escuela infantil municipal Diputada Clara Campoamor, de gestión directa del Ajuntament de València, está situada en el carrer Diputada Clara Campoamor, 18, en el barrio de Sant Llorenç, Valencia. Es uno de los centros más recientes de la red municipal. Recomendamos consultar el proceso de preinscripción municipal y contactar con el centro para conocer horarios y servicios.",https://dadesobertes.gva.es/va/dataset/edu-centros,
L'embolic,lembolic-valencia,guarderia,privado,Carrer Manuel Melia i Fuster (local 2) 1,46025,,valencia,Valencia,963105568,,https://www.ceice.gva.es/web/centros-docentes/ficha-centro?codi=46033668,0,36,,ingles,"L'embolic es un centro privado de educación infantil de primer ciclo ubicado en la calle Manuel Melià i Fuster de Valencia, en el barrio de Beniferri. Su titular legal es Embolic 2013, SL, conforme a los datos del Registre de Centres Docents de la Generalitat Valenciana. Para conocer horarios, precios y plazas, conviene contactar directamente con el centro.",https://dadesobertes.gva.es/va/dataset/edu-centros,
Mariposas 1,mariposas-1-valencia,guarderia,privado,Avinguda Ausiàs March 42,46026,,valencia,Valencia,963251444,,https://www.ceice.gva.es/web/centros-docentes/ficha-centro?codi=46033701,0,36,,,"Mariposas 1 es un centro privado de educación infantil de primer ciclo situado en la avenida Ausiàs March de Valencia, en el barrio de la Vega Baixa - la Saïdia. Está gestionado por Escuela Infantil Mariposas, SL y aparece en el Registre de Centres Docents de la Generalitat Valenciana. Se recomienda contactar directamente para conocer plazas y condiciones.",https://dadesobertes.gva.es/va/dataset/edu-centros,
Algirós,algiros-valencia,escuela-infantil,publico,Carrer la Cañada 2,46022,,valencia,Valencia,963309282,direccion@escuelainfantilalgiros.es,https://www.ceice.gva.es/web/centros-docentes/ficha-centro?codi=46033723,0,36,,comedor;cocina-propia,"Escuela infantil municipal Algirós, de gestión indirecta, está situada en el carrer La Cañada, 2, en el barrio de l'Illa Perduda, Valencia. Es un centro público de primer ciclo de educación infantil dependiente del Ajuntament de València. Recomendamos consultar el proceso de preinscripción municipal y contactar con el centro para conocer horarios y servicios.",https://dadesobertes.gva.es/va/dataset/edu-centros,
L'escoleta Del Carme,lescoleta-del-carme-valencia,guarderia,privado,Carrer Palma 5,46003,,valencia,Valencia,651115285,,https://www.ceice.gva.es/web/centros-docentes/ficha-centro?codi=46033841,0,36,,comedor,"L'escoleta del Carme es un centro privado de educación infantil de primer ciclo situado en la calle Palma, en el histórico barrio del Carmen (Valencia). Su titular es una persona física, según consta en el Registre de Centres Docents de la Generalitat Valenciana. Para consultar plazas disponibles y servicios, es necesario contactar directamente con el centro.",https://dadesobertes.gva.es/va/dataset/edu-centros,
Impulso Inicial,impulso-inicial-valencia,guarderia,privado,Carrer M. Cuenca Tramoyeres 7,46020,,valencia,Valencia,963693406,,https://www.ceice.gva.es/web/centros-docentes/ficha-centro?codi=46033966,0,36,,,"Impulso Inicial es un centro privado de educación infantil de primer ciclo ubicado en la calle M. Cuenca Tramoyeres, en el barrio de Marxalenes (Valencia). Está gestionado por la entidad Superlittle, SL y figura inscrito en el Registre de Centres Docents de la Generalitat Valenciana. Se aconseja contactar directamente con el centro para conocer plazas y servicios.",https://dadesobertes.gva.es/va/dataset/edu-centros,
Bamby-abade 2,bamby-abade-2-valencia,guarderia,privado,Carrer Finlandia 4-6,46010,,valencia,Valencia,963698051,,https://www.ceice.gva.es/web/centros-docentes/ficha-centro?codi=46034028,0,36,,ingles,"Bamby-Abade 2 es un centro privado de educación infantil de primer ciclo situado en la calle Finlandia, en el barrio de Tendetes (Valencia). Su titularidad corresponde a una persona física, de acuerdo con el Registre de Centres Docents de la Generalitat Valenciana. Para conocer plazas disponibles y funcionamiento, conviene contactar directamente con el centro.",https://dadesobertes.gva.es/va/dataset/edu-centros,
Llavoretes,llavoretes-valencia,guarderia,privado,Carrer Caravaca 14,46021,,valencia,Valencia,960150746,,https://www.ceice.gva.es/web/centros-docentes/ficha-centro?codi=46034065,0,36,,,"Llavoretes es un centro privado de educación infantil de primer ciclo situado en la calle Caravaca de Valencia, en la zona de la Torre. Está gestionado por la entidad Llavoretes, SL, conforme al Registre de Centres Docents de la Generalitat Valenciana. Se recomienda contactar directamente con el centro para conocer plazas, horarios y servicios ofrecidos.",https://dadesobertes.gva.es/va/dataset/edu-centros,
Superfriends,superfriends-valencia,guarderia,privado,Carrer Cardenal Benlloch 56,46021,,valencia,Valencia,963305132,,https://www.ceice.gva.es/web/centros-docentes/ficha-centro?codi=46034077,0,36,,ingles;bilingue;actividades-extraescolares;verano-campamentos,"Superfriends es un centro privado de educación infantil situado en la calle Cardenal Benlloch, en el barrio de Amistat (Valencia). Su titular es Superfriends International School, SL, según el Registre de Centres Docents de la Generalitat Valenciana. Para conocer plazas, horarios y servicios disponibles, es recomendable contactar directamente con el centro.",https://dadesobertes.gva.es/va/dataset/edu-centros,
Bambini 2,bambini-2-valencia,guarderia,privado,Carrer Pintor Salvador Abril 56,46005,,valencia,Valencia,963504471,,https://www.ceice.gva.es/web/centros-docentes/ficha-centro?codi=46034171,0,36,,,"Bambini 2 es un centro privado de educación infantil de primer ciclo situado en la calle Pintor Salvador Abril, en el barrio de Camins al Grau (Valencia). Lo gestiona la entidad Parvulario Bambini SL, según el Registre de Centres Docents de la Generalitat Valenciana. Se aconseja contactar directamente con el centro para conocer plazas y servicios.",https://dadesobertes.gva.es/va/dataset/edu-centros,
Etapas,etapas-valencia,guarderia,privado,Carrer Dama de Elche 22,46023,,valencia,Valencia,963361470,,https://www.ceice.gva.es/web/centros-docentes/ficha-centro?codi=46034193,0,36,,horario-ampliado,"Etapas es un centro privado de educación infantil de primer ciclo situado en la calle Dama de Elche, en el barrio de la Malva-rosa (Valencia). Su titular es Servicios Infantiles Crival, SL, de acuerdo con el Registre de Centres Docents de la Generalitat Valenciana. Para conocer plazas, horarios y servicios concretos, conviene contactar directamente con el centro.",https://dadesobertes.gva.es/va/dataset/edu-centros,
Explora,explora-valencia,guarderia,privado,Carrer Ceramista Mateu 11,46015,,valencia,Valencia,963499487,,https://www.ceice.gva.es/web/centros-docentes/ficha-centro?codi=46034600,0,36,,comedor;cocina-propia;bilingue;ingles;patio-exterior;psicomotricidad;musica;escuela-de-padres,"Explora es un centro privado de educación infantil de primer ciclo situado en el Carrer Ceramista Mateu 11, en Valencia. Está registrado ante la Generalitat Valenciana como centro para niños de 0 a 3 años. Para conocer plazas, horarios y servicios disponibles, se recomienda contactar directamente con el centro.",https://dadesobertes.gva.es/va/dataset/edu-centros,
Pasitos 2,pasitos-2-valencia,guarderia,privado,Carrer Jesús 59,46007,,valencia,Valencia,960059881,,https://www.ceice.gva.es/web/centros-docentes/ficha-centro?codi=46034961,0,36,,cocina-propia;horario-ampliado;ingles;verano-campamentos;orientacion-pedagogica,"Pasitos 2, situado en el Carrer Jesús 59 de Valencia, es un centro privado de educación infantil de primer ciclo dirigido a niños de 0 a 3 años. Figura registrado ante la Generalitat Valenciana bajo la titularidad de Ceim Thous, SL. Para conocer horarios, plazas y servicios, conviene contactar directamente con el centro.",https://dadesobertes.gva.es/va/dataset/edu-centros,
Casa Caridad Avenida Ecuador,casa-caridad-avenida-ecuador-valencia,guarderia,privado,Avinguda Ecuador 46,46025,,valencia,Valencia,961249127,,https://www.ceice.gva.es/web/centros-docentes/ficha-centro?codi=46035197,0,36,,,"Casa Caridad Avenida Ecuador es un centro privado de educación infantil de primer ciclo ubicado en la Avinguda Ecuador 46, en Valencia. Su titular es la Asociación Valenciana de Caridad, según el registro autonómico. Atiende a niños de 0 a 3 años; para conocer plazas y servicios conviene contactar directamente con el centro.",https://dadesobertes.gva.es/va/dataset/edu-centros,
Febes,febes-valencia,guarderia,privado,Carrer Vall D'uixó 6,46014,,valencia,Valencia,963201344,,https://www.ceice.gva.es/web/centros-docentes/ficha-centro?codi=46035379,0,36,,comedor;cocina-propia;bilingue;ingles;horario-ampliado,"Situado en el Carrer Vall d'Uixó 6, en Valencia, Febes es un centro privado de educación infantil de primer ciclo para niños de 0 a 3 años. Consta en el Registre de Centres Docents bajo la titularidad de Febes Kids, SL. Se recomienda contactar directamente con el centro para conocer horarios, plazas y servicios.",https://dadesobertes.gva.es/va/dataset/edu-centros,
Febes 2,febes-2-valencia,guarderia,privado,Carrer Manuel Simó 24,46014,,valencia,Valencia,960656953,,https://www.ceice.gva.es/web/centros-docentes/ficha-centro?codi=46036724,0,36,,comedor;cocina-propia;ingles;horario-ampliado;patio-exterior;psicomotricidad,"Febes 2 es un centro privado de educación infantil de primer ciclo en el Carrer Manuel Simó 24, en Valencia, dirigido a niños de 0 a 3 años. Comparte titular con Febes: Febes Kids, SL. Los datos proceden del registro autonómico; para conocer servicios y plazas conviene consultar directamente con el centro.",https://dadesobertes.gva.es/va/dataset/edu-centros,
la Pequeteca,la-pequeteca-valencia,guarderia,privado,Plaça San Felipe Neri 5,46021,,valencia,Valencia,616786656,,https://www.ceice.gva.es/web/centros-docentes/ficha-centro?codi=46036785,0,36,,,"la Pequeteca es un centro privado de educación infantil de primer ciclo en la Plaça San Felipe Neri 5, en Valencia. Atiende a niños de 0 a 3 años y figura registrado ante la Generalitat Valenciana como titularidad de persona física. Para conocer horarios, plazas y servicios, lo mejor es contactar directamente con el centro.",https://dadesobertes.gva.es/va/dataset/edu-centros,
Espai Natural,espai-natural-valencia,guarderia,privado,Carrer Fray Pedro Ponce de León 7,46006,,valencia,Valencia,642312200,,https://www.ceice.gva.es/web/centros-docentes/ficha-centro?codi=46036840,0,36,,comedor;catering;horario-ampliado;ingles;patio-exterior;psicomotricidad;musica;actividades-extraescolares;escuela-de-padres,"Espai Natural, en el Carrer Fray Pedro Ponce de León 7, en Valencia, es un centro privado de educación infantil de primer ciclo para niños de 0 a 3 años. Su titular es Servicios Educativos Espai Natural, SL, conforme al registro de la Generalitat Valenciana. Se recomienda contactar directamente para conocer servicios y disponibilidad.",https://dadesobertes.gva.es/va/dataset/edu-centros,
Piratas,piratas-valencia,guarderia,privado,Plaça Poeta Salvador Rueda 6,46015,,valencia,Valencia,655358214,,https://www.ceice.gva.es/web/centros-docentes/ficha-centro?codi=46036888,0,36,,,"Centro privado de educación infantil de primer ciclo, Piratas se encuentra en la Plaça Poeta Salvador Rueda 6, en Valencia. Está dirigido a niños de 0 a 3 años y su titularidad corresponde a una persona física, según el registro autonómico. Para conocer plazas y servicios disponibles, conviene contactar directamente con el centro.",https://dadesobertes.gva.es/va/dataset/edu-centros,
Ruzafa Montessori,ruzafa-montessori-valencia,guarderia,privado,Carrer Literato Azorín 28,46006,,valencia,Valencia,640766376,,https://www.ceice.gva.es/web/centros-docentes/ficha-centro?codi=46037054,0,36,,bilingue;musica,"Ruzafa Montessori es un centro privado de educación infantil de primer ciclo situado en el Carrer Literato Azorín 28, en el barrio de Ruzafa, Valencia. Atiende a niños de 0 a 3 años y su titular es Ruzafa Montessori, SL. Para conocer su enfoque pedagógico, horarios y plazas, se recomienda contactar directamente con el centro.",https://dadesobertes.gva.es/va/dataset/edu-centros,
Sensatidos,sensatidos-valencia,guarderia,privado,Carrer Berenguer Mallol 11,46022,,valencia,Valencia,653663936,,https://www.ceice.gva.es/web/centros-docentes/ficha-centro?codi=46037108,0,36,,,"Sensatidos es un centro privado de educación infantil de primer ciclo con dirección en el Carrer Berenguer Mallol 11, en Valencia. Está pensado para niños de 0 a 3 años y su titular es la empresa Sensatidos, SL. Los interesados pueden contactar directamente con el centro para conocer horarios, plazas y servicios.",https://dadesobertes.gva.es/va/dataset/edu-centros,
Mountain Peak Montessori Sc.,mountain-peak-montessori-sc-valencia,guarderia,privado,Avinguda San José de la Montaña 14 D,46008,,valencia,Valencia,611052137,,https://www.ceice.gva.es/web/centros-docentes/ficha-centro?codi=46037388,0,36,,bilingue;ingles;patio-exterior;psicomotricidad,"Mountain Peak Montessori Sc. es un centro privado de educación infantil de primer ciclo en la Avinguda San José de la Montaña 14 D, en Valencia. Dirigido a niños de 0 a 3 años, su titular es Mountain Peak British School SL. Para conocer plazas, horarios y servicios, conviene contactar directamente con el centro.",https://dadesobertes.gva.es/va/dataset/edu-centros,
Pequemociones,pequemociones-valencia,guarderia,privado,Carrer Buen Orden 35 D,46008,,valencia,Valencia,961317159,,https://www.ceice.gva.es/web/centros-docentes/ficha-centro?codi=46037716,0,36,,,"Ubicado en el Carrer Buen Orden 35 D, en Valencia, Pequemociones es un centro privado de educación infantil. Su titular es la empresa Pequemociones, SL, según el Registre de Centres Docents de la Generalitat Valenciana. Para conocer edades atendidas, horarios y servicios disponibles, se recomienda contactar directamente con el centro.",https://dadesobertes.gva.es/va/dataset/edu-centros,